"id","company_id","isin","name","type","sub_type","currency_id","board_id","ytm","duration","val_today","face_value","price","lot_size","coupon_period","coupon_percent","issue_size","acruedint","next_coupon","put_option","call_option","mat_date","created_at","updated_at","rating","rating_date"
"004acb1a-418c-4d9a-9f69-09aa3259c887","7707600245","RU000A107UB5","МГКЛ 1P5","fix","to_maturity","SUR","TQCB","25.4028","761","1.128387e+06","1000","93.38","1","91","20","500000","41.64","2026-05-26",NULL,NULL,"2029-02-20","2026-05-06 22:53:56.141247+00","2026-05-09 23:55:16.844999+00","BB","2025-11-21"
"004d79d4-4092-4ead-af36-e9f2179e2436","7707083893","RU000A1045F4","СберИОС493","fix","to_maturity","SUR","TQCB","17.1255","223","0","1000","90.8","1","1833","0.01","681514","0","2026-12-21",NULL,NULL,"2026-12-21","2026-05-06 22:53:56.141247+00","2026-05-09 23:55:16.844999+00","","2026-04-10"
"00799f9d-e031-425c-a009-88c205fae267","7707049388","RU000A0JWTN2","Ростел1P1R","fix","to_maturity","SUR","TQCB","12.8652","121","71463","1000","102.09","1","182","19.25","1.5e+07","31.64","2026-09-10",NULL,NULL,"2026-09-10","2026-05-06 22:53:56.141247+00","2026-05-09 23:55:16.844999+00","AAA","2026-04-27"
"007b4395-6b08-4be5-b798-157bc0b6b244","1655096633","RU000A105WZ4","ЛТрейд 1P7","fix","to_maturity","SUR","TQCB","25.5796","289","186163","916.8","93.44","1","30","14.5","150000","7.65","2026-05-20",NULL,NULL,"2028-02-09","2026-05-06 22:53:56.141247+00","2026-05-09 23:55:16.844999+00","BBB-","2025-06-05"
"00961ffc-5995-4bc7-8ab8-c78b705f6392","7707083893","RU000A107S77","СберИОС608","fix","to_maturity","SUR","TQCB","11.8005","291","0","1000","91.5","1","364","0.01","982644","0","2027-02-26",NULL,NULL,"2027-02-26","2026-05-06 22:53:56.141247+00","2026-05-09 23:55:16.844999+00","","2026-04-10"
"00ebf439-d56a-4978-bea9-3847e38db063","7744001497","RU000A109EG4","ГПБ004Р12","fix","to_maturity","SUR","TQCB","19.7946","172","242768","1000","91.8","1","365","0.01","395823","0.05","2026-10-31",NULL,NULL,"2026-10-31","2026-05-06 22:53:56.141247+00","2026-05-09 23:55:16.844999+00","AAA","2026-04-28"
"00fca8dc-e67f-46be-8627-5ed771e74b15","7710168360","SU26248RMFS3","ОФЗ 26248","fix","to_maturity","SUR","TQOB","14.6798","2279","7.3240083e+08","1000","88.378","1","182","12.25","1e+09","53.36","2026-06-03",NULL,NULL,"2040-05-16","2026-05-06 22:53:56.141247+00","2026-05-09 23:55:16.844999+00",NULL,NULL
"01039f78-1d4e-46fb-bb83-adf11aabe2b9","7727290538","RU000A102D46","ИА ДОМ18P2","fix","to_maturity","SUR","TQCB","12.6855","1185","1844","284.69","80.69","1","89","5.85","1.4018879e+07","3.29","2026-05-28",NULL,NULL,"2051-02-28","2026-05-06 22:53:56.141247+00","2026-05-09 23:55:16.844999+00","","2025-07-30"
"019f7848-ac9c-433a-810a-c4fb40ade542","7727620673","RU000A10C6W2","Абрау2P-01","fix","to_maturity","SUR","TQCB","14.2236","239","422845","1000","101.4","1","30","15.5","500000","7.22","2026-05-24",NULL,NULL,"2027-01-19","2026-05-06 22:53:56.141247+00","2026-05-09 23:55:16.844999+00","A+","2025-08-19"
"01d80289-d85f-4c2f-a2ee-f1ff5a4c3806","7744001497","RU000A10E5V4","ГПБ004Р38","fix","to_maturity","SUR","TQCB","16.6387","1021","0","1000","65.01","1","365","0.01","1.190197e+06","0.02","2027-02-27",NULL,NULL,"2029-02-26","2026-05-06 22:53:56.141247+00","2026-05-09 23:55:16.844999+00","AAA","2026-04-28"
"01f6abc6-2073-45a5-95a0-5e89f245f38e","4705081944","RU000A10C634","ВИС Ф БП09","fix","to_maturity","SUR","TQCB","16.3811","661","1.422588e+06","1000","103.17","1","30","17","2.5e+06","9.78","2026-05-20",NULL,NULL,"2028-07-08","2026-05-06 22:53:56.141247+00","2026-05-09 23:55:16.844999+00","","2026-04-01"
"01ff4cf6-9380-4889-9ce7-87e28dfe0759","7325001151","RU000A1040S8","Ульоб34004","fix","to_maturity","SUR","TQCB","15.1771","178","1.515026e+06","300","97.7","1","91","9.55","3e+06","4.71","2026-06-11",NULL,NULL,"2026-11-10","2026-05-06 22:53:56.141247+00","2026-05-09 23:55:16.844999+00","BBB","2026-03-04"
"02f529be-23c2-4e3c-8df0-f433e77dccb5","7707083893","RU000A1041N7","СберИОС491","fix","to_maturity","SUR","TQCB","16.9207","199","0","1000","91.8","1","364","0.01","137211","0","2026-11-27",NULL,NULL,"2026-11-27","2026-05-06 22:53:56.141247+00","2026-05-09 23:55:16.844999+00","","2026-04-10"
"0305a5b9-987b-4a5b-9780-b6c04d8f9408","7707083893","RU000A109JK5","СберИОС648","fix","to_maturity","SUR","TQCB","5.3603","1246","0","1000","83.7","1","29","0.01","47116","0","2026-05-15",NULL,NULL,"2029-10-09","2026-05-06 22:53:56.141247+00","2026-05-09 23:55:16.844999+00","","2026-04-10"
"030f2488-6667-422f-8164-24274beb1bae","0010038193","RU000A101S08","Казахст12","fix","to_maturity","SUR","TQCB","14.5093","1465","40638","1000","78.27","1","182","7.92","1e+07","30.38","2026-06-22",NULL,NULL,"2031-06-16","2026-05-06 22:53:56.141247+00","2026-05-09 23:55:16.844999+00",NULL,NULL
"03488c14-5202-4513-b0ad-3e4372a15043","6452019819","RU000A102556","СЭЗ 1P2","fix","to_maturity","SUR","TQCB","19.4081","454","164879","1000","91.34","1","91","10.75","500000","16.2","2026-06-16",NULL,NULL,"2027-09-14","2026-05-06 22:53:56.141247+00","2026-05-09 23:55:16.844999+00","BBB+","2026-05-08"
"035e6047-b5fd-4d86-a4f6-ccb625ff53d8","7000000885","RU000A10DEN7","ТомОб34075","fix","to_maturity","SUR","TQCB","15.0344","669","7.934034e+06","1000","103.93","1","30","16.2","8e+06","8.88","2026-05-21",NULL,NULL,"2028-12-06","2026-05-06 22:53:56.141247+00","2026-05-09 23:55:16.844999+00","BBB","2026-04-30"
"037dcbd4-a9e4-4963-a3b6-53d39bebcd23","7707083893","RU000A1088L2","СберИОС618","fix","to_maturity","SUR","TQCB","4.2446","1095","0","1000","88.3","1","29","0.01","594183","0","2026-05-15",NULL,NULL,"2029-05-11","2026-05-06 22:53:56.141247+00","2026-05-09 23:55:16.844999+00","","2026-04-10"
"042bb5d7-ef6a-4c3e-8881-4d477c396058","7724331419","RU000A10DTU0","ГЛАВСНАБ02","fix","to_maturity","SUR","TQCB","78.3337","640","2.870903e+06","1000","51.89","1","30","26.55","106767","18.18","2026-05-16",NULL,NULL,"2029-11-26","2026-05-06 22:53:56.141247+00","2026-05-09 23:55:16.844999+00","D","2026-04-28"
"04f890e6-d5df-4175-99ef-c9dc41031cac","7710152113","RU000A1033Z8","sМГор74-об","fix","to_maturity","SUR","TQCB","14.3929","670","2.124927e+06","1000","88.82","1","182","7.38","7e+07","34.78","2026-05-21",NULL,NULL,"2028-05-18","2026-05-06 22:53:56.141247+00","2026-05-09 23:55:16.844999+00",NULL,NULL
"053c15c4-2e8b-4981-a889-fbeba53eb8f8","7707083893","RU000A104Y31","СберИОС408","fix","to_maturity","SUR","TQCB","14.0279","449","0","1000","85.1","1","1832","0.01","164753","0","2027-08-04",NULL,NULL,"2027-08-04","2026-05-06 22:53:56.141247+00","2026-05-09 23:55:16.844999+00","","2026-04-10"
"054d2245-0f5d-4398-b7d6-e5f6105cf8f7","7722753969","RU000A10B3Y6","ВсИнстр1Р6","fix","to_maturity","SUR","TQCB","15.6734","115","325426","1000","102.85","1","30","23.5","500000","18.67","2026-05-12",NULL,NULL,"2026-09-09","2026-05-06 22:53:56.141247+00","2026-05-09 23:55:16.844999+00","A","2026-01-29"
"056851c2-ca07-4aba-b77d-09bc84443a62","7713076301","RU000A106TV7","ВымпелК3Р4","fix","to_maturity","SUR","TQCB","9.6302","927","0","1000","96.85","1","91","8.02","4.320308e+06","5.49","2026-07-16",NULL,NULL,"2029-03-09","2026-05-06 22:53:56.141247+00","2026-05-09 23:55:16.844999+00","AA","2026-01-22"
"057b6edf-1372-4483-ba99-040511840970","9704023339","RU000A107DR7","МОСМСП6 02","fix","to_maturity","SUR","TQCB","16.5688","1619","1647","404.16","100.75","1","30","15.6","4e+06","2.59","2026-05-26",NULL,NULL,"2033-10-26","2026-05-06 22:53:56.141247+00","2026-05-09 23:55:16.844999+00","AAA","2025-11-19"
"061bda44-63a8-4a10-ae5e-9786ed245208","0010038193","RU000A101RV2","Казахст07","fix","to_maturity","SUR","TQCB","14.7736","473","1.331666e+06","1000","90.81","1","182","6.55","1e+07","9.69","2026-09-16",NULL,NULL,"2027-09-15","2026-05-06 22:53:56.141247+00","2026-05-09 23:55:16.844999+00",NULL,NULL
"0639fb67-982f-4771-aeda-82a466e9e1a2","7717151380","RU000A106FR4","Автодор5Р1","fix","to_maturity","SUR","TQCB","15.4078","44","724716","800","99.43","1","182","10.31","1.743144e+07","30.96","2026-06-25",NULL,NULL,"2026-06-25","2026-05-06 22:53:56.141247+00","2026-05-09 23:55:16.844999+00","AA+","2026-04-28"
"066a4ee9-0b06-4574-b077-769d96c9dd5b","7727290538","RU000A108GC0","ИАДОМ 1P44","fix","to_maturity","SUR","TQCB","7.254","1960","33310","823.57","96.3","1","30","0","5.9689796e+07","0","2026-05-23",NULL,NULL,"2054-12-23","2026-05-06 22:53:56.141247+00","2026-05-09 23:55:16.844999+00","","2025-07-30"
"06fada8a-ebbb-43c0-80dc-a2f4fe00d9a8","7451195700","RU000A10D3P2","ЮУЛЦ 1Р1","fix","to_maturity","SUR","TQCB","25.4","434","1.099933e+06","1000","101.38","1","30","24","208151","18.41","2026-05-13",NULL,NULL,"2028-09-29","2026-05-06 22:53:56.141247+00","2026-05-09 23:55:16.844999+00","BB","2025-07-24"
"0705dc4f-ab94-4d6b-9010-d11bf205d978","4012004991","RU000A108B83","ОилРесур01","fix","to_maturity","SUR","TQCB","47.9849","301","9.342255e+06","1000","82.85","1","30","17","1e+06","13.51","2026-05-12",NULL,NULL,"2027-04-07","2026-05-06 22:53:56.141247+00","2026-05-09 23:55:16.844999+00","BBB-","2026-05-08"
"070fb2b6-6564-4757-8e67-7810db3527f8","7706561875","RU000A1092S9","ЭлемЛиз1P9","fix","to_maturity","SUR","TQCB","16.8796","201","60199","418.3","101.55","1","30","18.5","2e+06","5.3","2026-05-16",NULL,NULL,"2027-07-10","2026-05-06 22:53:56.141247+00","2026-05-09 23:55:16.844999+00","A","2026-04-21"
"073e7cbc-ee17-4f78-b849-f78408b81d7a","1655096633","RU000A104XE0","ЛТрейд 1P4","fix","to_maturity","SUR","TQCB","24.6276","360","128761","1000","93.13","1","30","15","100000","10.68","2026-05-15",NULL,NULL,"2027-06-09","2026-05-06 22:53:56.141247+00","2026-05-09 23:55:16.844999+00","BBB-","2025-06-05"
"0745a87d-5a6b-43f2-bf2a-0c00bb9c9896","4100006268","RU000A1065Y3","АГТК БО-02","fix","to_maturity","SUR","TQCB","28.277","281","135531","1000","92.35","1","91","15","115000","7.4","2026-07-23",NULL,NULL,"2027-07-22","2026-05-06 22:53:56.141247+00","2026-05-09 23:55:16.844999+00","BB","2025-07-21"
"0746d92c-9498-418d-b3f4-63def2eb38fa","7606041801","RU000A10CZ35","ТЛК 1Р4","fix","other","SUR","TQCB","28.916","17","757803","1000","97.63","1","30","24","58834","7.23","2026-05-30","2027-01-19",NULL,"2028-09-16","2026-05-06 22:53:56.141247+00","2026-05-09 23:55:16.844999+00","BB-","2025-06-03"
"084d77ce-bfab-43e8-8311-d7131d854ba0","7727290538","RU000A107SY1","ИАДОМ 1P43","fix","to_maturity","SUR","TQCB","6.4065","1654","0","765.54","96.5","1","89","0","4.5499876e+07","0","2026-05-28",NULL,NULL,"2033-11-28","2026-05-06 22:53:56.141247+00","2026-05-09 23:55:16.844999+00","","2025-07-30"
"08621263-4122-4833-912b-9f96967bca12","7727290538","RU000A0ZZV86","ИА ДОМ 6P2","fix","to_maturity","SUR","TQCB","13.8341","738","15810","94.8","93.67","1","89","9.95","7.426379e+07","1.86","2026-05-28",NULL,NULL,"2048-05-28","2026-05-06 22:53:56.141247+00","2026-05-09 23:55:16.844999+00","","2025-07-30"
"089f3d99-0d10-47c7-a2ac-384ca4602910","7534018889","RU000A10AEF9","ТГК-14 1Р3","fix","to_maturity","SUR","TQCB","15.8343","594","178333","1000","120.69","1","30","26.5","150000","20.33","2026-05-13",NULL,NULL,"2028-06-01","2026-05-06 22:53:56.141247+00","2026-05-09 23:55:16.844999+00","","2026-04-27"
"08af1585-4e74-4eac-84f9-766b55b98418","7707083893","RU000A103Y16","СберИОС482","fix","to_maturity","SUR","TQCB","18.3401","196","0","1000","91.4","1","1833","0.01","574038","0","2026-11-23",NULL,NULL,"2026-11-23","2026-05-06 22:53:56.141247+00","2026-05-09 23:55:16.844999+00","","2026-04-10"
"0a18f4a5-50fa-41a5-8cdb-76abca9b778f","7710168360","SU26225RMFS1","ОФЗ 26225","fix","to_maturity","SUR","TQOB","14.5712","1999","6.6777548e+07","1000","67.831","1","182","7.25","3.4786717e+08","34.36","2026-05-20",NULL,NULL,"2034-05-10","2026-05-06 22:53:56.141247+00","2026-05-09 23:55:16.844999+00",NULL,NULL
"0a30cd49-eccf-4052-a09f-02e6dd7cd008","7709971326","RU000A104A05","Интерскол1","fix","to_maturity","SUR","TQCB","20.0117","204","140821","1000","97.19","1","91","13.5","61460","22.19","2026-06-11",NULL,NULL,"2026-12-10","2026-05-06 22:53:56.141247+00","2026-05-09 23:55:16.844999+00","BB+","2025-07-23"
"0a6b9d72-978d-4afe-8bc6-16a9c9d2d739","7723609647","RU000A103TS0","ТЕХЛиз 1P5","fix","to_maturity","SUR","TQCB","27.4778","371","578497","900","87.64","1","30","11.5","423874","0","2026-05-11",NULL,NULL,"2027-09-03","2026-05-06 22:53:56.141247+00","2026-05-09 23:55:16.844999+00","BB+","2025-11-21"
"0a9aa27e-7c82-4bbc-938e-8949fb08a258","7707083893","RU000A10A6N3","СберИОС662","fix","to_maturity","SUR","TQCB","2.9516","1338","0","1000","89.92","1","32","0.01","120655","0","2026-06-09",NULL,NULL,"2030-01-09","2026-05-06 22:53:56.141247+00","2026-05-09 23:55:16.844999+00","","2026-04-10"
"0aaab7a5-0c52-4e6b-8e5f-c4e0450ed3e7","7702070139","RU000A10ENU1","ВТБ Б1-232","fix","to_maturity","SUR","TQCB","12.9377","133","3.458483e+06","1000","100.22","1","91","13","2e+06","16.38","2026-06-25",NULL,NULL,"2026-09-24","2026-05-06 22:53:56.141247+00","2026-05-09 23:55:16.844999+00","AAA","2026-04-10"
"0aacae98-18ae-4f75-b79f-3c5f2f31a143","7703074601","RU000A0JWM15","ПЕРЕСВ БП5","fix","to_maturity","SUR","TQCB","10.9451","3677","0","1000","33.99","1","6916","0.51","21998","45.26","2036-06-04",NULL,NULL,"2036-06-04","2026-05-06 22:53:56.141247+00","2026-05-09 23:55:16.844999+00","BBB-","2025-07-07"
"0ad3c099-ccf4-4a83-9011-c4d800231846","6455041925","RU000A1078Y6","ЭконЛиз1Р6","fix","to_maturity","SUR","TQCB","24.6888","181","162452","1000","96.76","1","91","16","100000","35.51","2026-05-21",NULL,NULL,"2026-11-19","2026-05-06 22:53:56.141247+00","2026-05-09 23:55:16.844999+00","BBB-","2025-07-22"
"0b3f8d39-9551-408e-8343-f25cd7f6838a","7704810149","RU000A108KU4","А101 1P01","fix","to_maturity","SUR","TQCB","15.4189","339","646875","1000","102.41","1","30","17","500000","9.32","2026-05-21",NULL,NULL,"2027-05-16","2026-05-06 22:53:56.141247+00","2026-05-09 23:55:16.844999+00","A+","2026-03-23"
"0b5a593a-d67e-4324-9d37-48a8c32df40f","9724021393","RU000A1089A3","АСпэйс 1Р1","fix","to_maturity","SUR","TQCB","24.1685","238","345997","944.5","96.9","1","30","17","200000","4.4","2026-05-31",NULL,NULL,"2027-09-23","2026-05-06 22:53:56.141247+00","2026-05-09 23:55:16.844999+00","BB","2025-12-04"
"0b5c7341-0965-4e5c-a3e3-4f1f67773e34","7707083893","RU000A103968","СберИОС401","fix","to_maturity","SUR","TQCB","27.337","52","0","1000","96.6","1","1830","0.01","216261","0","2026-07-03",NULL,NULL,"2026-07-03","2026-05-06 22:53:56.141247+00","2026-05-09 23:55:16.844999+00","","2026-04-10"
"0b989279-b825-417e-96a7-4dd0a0efc188","7328079149","RU000A10B8X7","ДАРСДев1Р3","fix","to_maturity","SUR","TQCB","20.9432","135","2.130892e+06","1000","102.54","1","30","26","1e+06","5.7","2026-06-02",NULL,NULL,"2026-09-30","2026-05-06 22:53:56.141247+00","2026-05-09 23:55:16.844999+00","BBB","2025-07-10"
"0bc230ec-d457-4ec8-9d11-b42adc2cac1a","7703074601","RU000A0JVVL4","ПЕРЕСВ БП2","fix","to_maturity","SUR","TQCB","14.9324","3427","0","1000","25","1","6734","0.51","18537","46.18","2035-09-28",NULL,NULL,"2035-09-28","2026-05-06 22:53:56.141247+00","2026-05-09 23:55:16.844999+00","BBB-","2025-07-07"
"0bcb8cfe-8c8a-4c00-a2b6-ffb1cc28913d","7736317497","RU000A105054","ММЦБ П01-2","fix","to_maturity","SUR","TQCB","19.2608","247","194258","1000","97.1","1","182","14","200000","39.89","2026-07-28",NULL,NULL,"2027-01-26","2026-05-06 22:53:56.141247+00","2026-05-09 23:55:16.844999+00","BBB-","2025-07-17"
"0bfb526b-fde1-4e20-8849-9c1f5e7253b4","5406634649","RU000A107B19","Новосиб 23","fix","to_maturity","SUR","TQCB","14.5279","889","942149","1000","97.52","1","91","12.75","2e+07","8.03","2026-07-18",NULL,NULL,"2030-11-22","2026-05-06 22:53:56.141247+00","2026-05-09 23:55:16.844999+00","AA","2025-12-12"
"0bfb91c2-6416-40b2-a14b-193ecf604c75","4012004991","RU000A10C8H9","ОилРес1P2","fix","to_maturity","SUR","TQCB","34.1076","889","3.7923716e+07","1000","95.94","1","30","28","3e+06","9.97","2026-05-28",NULL,NULL,"2030-07-06","2026-05-06 22:53:56.141247+00","2026-05-09 23:55:16.844999+00","BBB-","2026-05-08"
"0c0ea373-4bfa-4480-9383-67aac3f5aa6e","7703104630","RU000A0JXN21","СистемБ1P6","fix","to_maturity","SUR","TQCB","15.3172","309","223487","1000","96.58","1","182","10.5","1.5e+07","12.95","2026-09-25",NULL,NULL,"2027-03-26","2026-05-06 22:53:56.141247+00","2026-05-09 23:55:16.844999+00","AA-","2026-02-27"
"0c130f0d-a551-42a3-9d9d-d5c25c4c354c","9715335241","RU000A10DSX6","ТАЛЬВЕН Б1","fix","to_maturity","SUR","TQCB","25.7731","717","4.402111e+06","1000","96.93","1","91","22","563406","33.75","2026-06-15",NULL,NULL,"2028-12-11","2026-05-06 22:53:56.141247+00","2026-05-09 23:55:16.844999+00","BBB","2025-11-28"
"0ca183fa-4a68-4adc-b52b-c43434f9fcbe","7708582197","RU000A10EN78","АЛЬЯНС 1P9","fix","to_maturity","SUR","TQCB","26.1641","755","3.561957e+06","1000","100.08","1","30","23.5","500000","10.95","2026-05-24",NULL,NULL,"2029-03-09","2026-05-06 22:53:56.141247+00","2026-05-09 23:55:16.844999+00","","2026-02-17"
"0cbe5949-8abe-494a-bd3a-018c03a0484d","7707083893","RU000A108U80","СберИОС631","fix","to_maturity","SUR","TQCB","11.2821","1170","0","1000","71","1","30","0.01","206540","0","2026-06-05",NULL,NULL,"2029-07-25","2026-05-06 22:53:56.141247+00","2026-05-09 23:55:16.844999+00","","2026-04-10"
"0cf9c31a-9989-409c-84a4-447f330aca1b","7707083893","RU000A103HE5","СберИОС461","fix","to_maturity","SUR","TQCB","13.2993","843","0","1000","75","1","2561","0.01","294260","0","2028-08-31",NULL,NULL,"2028-08-31","2026-05-06 22:53:56.141247+00","2026-05-09 23:55:16.844999+00","","2026-04-10"
"0d2e3920-8849-4d48-b368-6e48cd9b6895","2310197022","RU000A10CCB8","СЗА БО-03","fix","to_maturity","SUR","TQCB","28.551","626","331230","1000","99.37","1","30","25","100000","1.37","2026-05-09",NULL,NULL,"2028-07-27","2026-05-06 22:53:56.141247+00","2026-05-09 23:55:16.844999+00","BB-","2025-11-18"
"0d7ae88c-8102-4544-9314-dc3fbf6c700b","7709780434","RU000A107GV2","СКЛиз1Р01","fix","to_maturity","SUR","TQCB","15.5526","129","41825","250.3","100.69","1","91","16.75","1e+06","5.51","2026-06-23",NULL,NULL,"2026-12-22","2026-05-06 22:53:56.141247+00","2026-05-09 23:55:16.844999+00","AA-","2026-03-27"
"0db7b1f4-c874-418a-b5cf-ba1bac9125ee","7710168360","SU26233RMFS5","ОФЗ 26233","fix","to_maturity","SUR","TQOB","14.4235","2296","8.7085136e+07","1000","60.045","1","182","6.1","5.994878e+08","17.22","2026-07-29",NULL,NULL,"2035-07-18","2026-05-06 22:53:56.141247+00","2026-05-09 23:55:16.844999+00",NULL,NULL
"0dd2fe92-b9ff-416f-872d-0ea23dde5fd4","7802131219","RU000A106SF2","ИнтЛиз1Р06","fix","to_maturity","SUR","TQCB","18.4838","59","1.924663e+06","340","99.38","1","91","13.5","4.5e+06","9.68","2026-05-25",NULL,NULL,"2026-08-24","2026-05-06 22:53:56.141247+00","2026-05-09 23:55:16.844999+00","A","2026-04-01"
"0e918698-8f99-4236-9e1a-f9af354b36ab","7705619586","RU000A10DA74","ЭталонФин4","fix","to_maturity","SUR","TQCB","22.899","472","3.197771e+07","1000","98.98","1","30","20","1e+07","11.51","2026-05-20",NULL,NULL,"2027-11-11","2026-05-06 22:53:56.141247+00","2026-05-09 23:55:16.844999+00","BBB+","2026-04-17"
"0f35cc11-c22f-431e-b31a-8b36da5a8d8c","7707083893","RU000A10AQZ1","СберИОС675","fix","to_maturity","SUR","TQCB","2.836","1394","0","1000","89.9","1","89","0.01","193544","0","2026-06-17",NULL,NULL,"2030-03-06","2026-05-06 22:53:56.141247+00","2026-05-09 23:55:16.844999+00","","2026-04-10"
"0f552931-39be-4242-9572-76e424b7c934","2536247123","RU000A10B0J3","ДелЛиз1Р2","fix","to_maturity","SUR","TQCB","16.616","299","2.325047e+06","880","107.08","1","30","24","4.5e+06","6.36","2026-05-30",NULL,NULL,"2028-02-19","2026-05-06 22:53:56.141247+00","2026-05-09 23:55:16.844999+00","AA-","2025-11-19"
"0fb73fd3-7114-4b66-8d19-ab7c604ddc3c","9703149829","RU000A1095B8","ИнвОбл09","fix","to_maturity","SUR","TQCB","5.2918","143","0","1000","97.99","1","365","0.01","100000","0.06","2026-10-02",NULL,NULL,"2026-10-02","2026-05-06 22:53:56.141247+00","2026-05-09 23:55:16.844999+00","AA-","2026-04-15"
"0febb9cc-5d48-4c13-bb2e-b5f6aa465788","7830002430","RU000A0ZYKJ1","СПбГО35002","fix","to_maturity","SUR","TQCB","13.7329","200","45597","250","97","1","182","7.65","2.5e+07","8.23","2026-06-05",NULL,NULL,"2026-12-04","2026-05-06 22:53:56.141247+00","2026-05-09 23:55:16.844999+00","AAA","2026-04-24"
"107a5aae-907c-4758-a351-0afc48b35f48","5321029508","RU000A10E6T6","Акрон Б2P2","fix","to_maturity","SUR","TQCB","7.877","772","1.312936e+06","1000","98.3185","1","30","6.8","1.5e+06","14.26217","2026-06-03",NULL,NULL,"2028-09-20","2026-05-06 22:53:56.141247+00","2026-05-09 23:55:16.844999+00","AA","2026-04-29"
"10eae876-0d59-469a-b22f-a4e2948bea44","7708503727","RU000A0JXN05","РЖД Б01P1R","fix","other","SUR","TQCB","14.3736","610","2.182444e+06","1000","107.66","1","182","18.4","1.5e+07","84.19","2026-05-26","2028-05-26",NULL,"2032-05-18","2026-05-06 22:53:56.141247+00","2026-05-09 23:55:16.844999+00","","2026-04-07"
"1114b094-6922-4d37-83d8-5978938e4d76","7813379412","RU000A107SA1","Роделен2P2","fix","to_maturity","SUR","TQCB","27.8569","301","2.417608e+06","1000","92.73","1","30","16","1e+06","3.51","2026-06-02",NULL,NULL,"2028-01-23","2026-05-06 22:53:56.141247+00","2026-05-09 23:55:16.844999+00","BBB","2025-10-08"
"112c073d-440a-4bf4-823c-94e780d29253","7710168360","SU46012RMFS9","ОФЗ 46012","fix","to_maturity","SUR","TQOB","3.1525","855","21399","950","102.385","1","364","7.673","11189","48.53","2026-09-09",NULL,NULL,"2029-09-05","2026-05-06 22:53:56.141247+00","2026-05-09 23:55:16.844999+00",NULL,NULL
"11b893eb-a5e0-49bc-8d7b-93c93488eef8","7710168360","SU26221RMFS0","ОФЗ 26221","fix","to_maturity","SUR","TQOB","14.2907","1871","1.3799079e+07","1000","73.395","1","182","7.7","3.9626864e+08","8.44","2026-09-30",NULL,NULL,"2033-03-23","2026-05-06 22:53:56.141247+00","2026-05-09 23:55:16.844999+00",NULL,NULL
"11c22bb2-ba21-4162-8362-e1a239f41287","7707600245","RU000A108ZU2","МГКЛ-1P6","fix","to_maturity","SUR","TQCB","25.2887","821","2.623204e+06","1000","100.53","1","30","23","500000","1.89","2026-06-07",NULL,NULL,"2029-06-21","2026-05-06 22:53:56.141247+00","2026-05-09 23:55:16.844999+00","BB","2025-11-21"
"11cae2f9-495d-42ab-b55a-5d8465980b3c","7707710865","RU000A10CKZ0","ЕврХол3P04","fix","to_maturity","SUR","TQCB","14.6177","570","4.796684e+07","1000","100.27","1","30","13.9","6e+07","6.47","2026-05-24",NULL,NULL,"2028-02-13","2026-05-06 22:53:56.141247+00","2026-05-09 23:55:16.844999+00","AA","2026-03-30"
"11dd16e0-4971-41ba-9820-d872af8a99b8","7707083893","RU000A103RU0","СберИОС471","fix","to_maturity","SUR","TQCB","17.7488","163","0","1000","93.01","1","1833","0.01","255933","0","2026-10-21",NULL,NULL,"2026-10-21","2026-05-06 22:53:56.141247+00","2026-05-09 23:55:16.844999+00","","2026-04-10"
"1200fa84-ae67-403d-aea7-df47dc124cc6","7801271157","RU000A108YZ4","ММЗ001P-01","fix","to_maturity","SUR","TQCB","20.26","184","194229","405","100.7","1","30","20","70000","2","2026-06-01",NULL,NULL,"2027-06-26","2026-05-06 22:53:56.141247+00","2026-05-09 23:55:16.844999+00","","2025-05-23"
"122775d3-d86d-42b1-9c8d-3d6578934676","7750004150","RU000A1031U3","ВЭБ1P-26","fix","to_maturity","SUR","TQCB","13.7954","664","479006","1000","91.32","1","182","8.13","1e+07","4.45","2026-10-20",NULL,NULL,"2028-04-18","2026-05-06 22:53:56.141247+00","2026-05-09 23:55:16.844999+00","","2026-05-06"
"12353ca8-8337-4ef9-8a56-1d133fbc045d","3620013012","RU000A10CAQ0","АЛЬФАДОНБ1","fix","to_maturity","SUR","TQCB","39.3229","688","9.817174e+06","1000","89.95","1","30","28","300000","5.37","2026-06-03",NULL,NULL,"2030-07-12","2026-05-06 22:53:56.141247+00","2026-05-09 23:55:16.844999+00","B+","2026-01-21"
"124d9135-0aad-41cb-b3c7-6fc58b3ed286","4909032670","RU000A106YE3","МгдОбл2023","fix","to_maturity","SUR","TQCB","15.0771","470","740211","1000","99.3","1","91","13.75","2e+06","17.71","2026-06-24",NULL,NULL,"2028-09-20","2026-05-06 22:53:56.141247+00","2026-05-09 23:55:16.844999+00","BBB+","2026-02-09"
"1277635f-b2cf-4cec-839a-2faa557f200b","7727290538","RU000A105AV9","ИАДОМ 1P23","fix","to_maturity","SUR","TQCB","13.6585","1274","0","633.5","83.65","1","92","8","5.03933e+06","6.11","2026-06-28",NULL,NULL,"2032-09-28","2026-05-06 22:53:56.141247+00","2026-05-09 23:55:16.844999+00","","2025-07-30"
"129b71c9-7f0b-466a-8f89-26b224d1170d","7707049388","RU000A101FG8","Ростел2P2R","fix","to_maturity","SUR","TQCB","14.1585","268","1.281829e+06","1000","95.09","1","182","6.65","1.5e+07","16.22","2026-08-12",NULL,NULL,"2027-02-10","2026-05-06 22:53:56.141247+00","2026-05-09 23:55:16.844999+00","AAA","2026-04-27"
"12c34076-a76c-4dfa-b8f5-cc6147809db4","7730233723","RU000A106XT3","АйДиКоле04","fix","to_maturity","SUR","TQCB","20.9788","117","9920","1000","99.14","1","30","16.5","600000","13.11","2026-05-12",NULL,NULL,"2026-09-09","2026-05-06 22:53:56.141247+00","2026-05-09 23:55:16.844999+00","BBB-","2025-08-01"
"130cffec-3349-46a7-8070-4a5e96ad81ad","4205119220","RU000A106SP1","Новотр 1Р4","fix","to_maturity","SUR","TQCB","16.8731","58","595709","1000","99.41","1","91","12.25","6.5e+06","25.51","2026-05-26",NULL,NULL,"2026-08-25","2026-05-06 22:53:56.141247+00","2026-05-09 23:55:16.844999+00","AA-","2026-05-08"
"130dddb0-1aea-4c23-a16e-77bae2419f94","7420000133","RU000A10DBV6","Уралкуз1Р3","fix","to_maturity","SUR","TQCB","18.2329","461","975457","1000","104","1","30","20","1.486071e+06","6.58","2026-05-29",NULL,NULL,"2027-10-21","2026-05-06 22:53:56.141247+00","2026-05-09 23:55:16.844999+00","A-","2025-10-31"
"131fde47-3c50-4e80-b293-a4aac9235bdc","7804016807","RU000A10EW51","АБЗ-1 2Р06","fix","to_maturity","SUR","TQCB","18.8452","681","2.4156812e+07","1000","100.2","1","30","17.5","4e+06","11.51","2026-05-17",NULL,NULL,"2029-04-01","2026-05-06 22:53:56.141247+00","2026-05-09 23:55:16.844999+00","","2026-04-24"
"137a264e-6ada-44b1-8103-b3546fd93f7c","6414002211","RU000A106J04","УрожайБО03","fix","to_maturity","SUR","TQCB","79.9842","56","815970","1000","93.38","1","91","16","200000","14.9","2026-07-07",NULL,NULL,"2026-07-07","2026-05-06 22:53:56.141247+00","2026-05-09 23:55:16.844999+00","CCC","2026-05-04"
"139ebc25-9a6b-4e0b-a98b-3b2ef53cd073","5200000021","RU000A102DS6","НижгорОб15","fix","to_maturity","SUR","TQCB","15.4321","16","1.159292e+06","400","99.63","1","99","6.1","1e+07","5.55","2026-05-27",NULL,NULL,"2026-05-27","2026-05-06 22:53:56.141247+00","2026-05-09 23:55:16.844999+00","A","2026-04-06"
"13d63a47-b1e0-4d9d-aff3-938ca8af971e","7722753969","RU000A109VK0","ВсИнстр1Р3","fix","to_maturity","SUR","TQCB","14.8235","305","408675","1000","106.85","1","30","21.85","500000","13.77","2026-05-18",NULL,NULL,"2027-04-13","2026-05-06 22:53:56.141247+00","2026-05-09 23:55:16.844999+00","A","2026-01-29"
"13db00e7-2452-4637-87d9-11edf6742e0a","7717151380","RU000A106R53","Автодор5Р3","fix","to_maturity","SUR","TQCB","15.0188","90","1.871716e+06","1000","99.49","1","91","12.17","2.4983818e+07","29.67","2026-05-13",NULL,NULL,"2026-08-12","2026-05-06 22:53:56.141247+00","2026-05-09 23:55:16.844999+00","AA+","2026-04-28"
"14137690-868d-452a-95ac-b7a6102f553b","7750004150","RU000A0JT403","ВЭБ.РФ 18","fix","other","SUR","TQCB","14.369","463","1037","1000","103.71","1","182","17.09","1e+07","21.07","2026-09-25","2027-09-28",NULL,"2032-09-17","2026-05-06 22:53:56.141247+00","2026-05-09 23:55:16.844999+00","","2026-05-06"
"145e1a9e-81f7-4379-94bd-9e09cebb3d28","7706107510","RU000A0ZYVU5","Роснфт2P5","fix","to_maturity","SUR","TQCB","14.2087","600","1.399485e+06","1000","92.72","1","182","9","2e+07","19.73","2026-08-21",NULL,NULL,"2028-02-18","2026-05-06 22:53:56.141247+00","2026-05-09 23:55:16.844999+00","AAA","2026-05-08"
"146f6079-ca69-450b-a3b0-89195ceefca6","7730233723","RU000A107C34","АйДиКоле06","fix","to_maturity","SUR","TQCB","22.8306","100","3.159714e+06","585","99.25","1","30","18","2.207113e+06","4.62","2026-05-25",NULL,NULL,"2026-11-21","2026-05-06 22:53:56.141247+00","2026-05-09 23:55:16.844999+00","BBB-","2025-08-01"
"153341c5-a38a-4682-a38e-77e006f3a023","5406634649","RU000A1099S4","Новосиб 24","fix","to_maturity","SUR","TQCB","14.7169","573","4.268274e+06","1000","103.73","1","91","18","1.35e+07","11.34","2026-07-18",NULL,NULL,"2029-08-17","2026-05-06 22:53:56.141247+00","2026-05-09 23:55:16.844999+00","AA","2025-12-12"
"15446e8a-4830-4b23-9780-be24974b8017","5835103100","RU000A10D3R8","СтанкоМаш1","fix","to_maturity","SUR","TQCB","29.6324","592","900691","1000","95.3","1","91","23.75","250000","16.92","2026-07-15",NULL,NULL,"2028-10-11","2026-05-06 22:53:56.141247+00","2026-05-09 23:55:16.844999+00","BB","2025-09-01"
"15839a73-2b3b-426a-abc8-c071f769fc20","7727290538","RU000A103YG5","ИАДОМ 1P11","fix","to_maturity","SUR","TQCB","13.48","1111","1171","467.91","82.98","1","91","6.8","4.8293484e+07","1.13","2026-07-28",NULL,NULL,"2031-10-28","2026-05-06 22:53:56.141247+00","2026-05-09 23:55:16.844999+00","","2025-07-30"
"15986a8f-5615-4949-a1a7-7c91dedcabbb","6315802231","RU000A10DWW0","СамарОбл16","fix","to_maturity","SUR","TQCB","14.3","479","243685","1000","101.95","1","91","15.1","9e+06","21.51","2026-06-19",NULL,NULL,"2028-12-15","2026-05-06 22:53:56.141247+00","2026-05-09 23:55:16.844999+00","AA","2026-02-02"
"15b22e0e-a666-456e-b9ed-640611e31651","7744001497","RU000A10AZ78","ГПБ004Р17","fix","to_maturity","SUR","TQCB","15.3534","323","440508","1000","88.1","1","365","0.01","288406","0.01","2027-03-31",NULL,NULL,"2027-03-31","2026-05-06 22:53:56.141247+00","2026-05-09 23:55:16.844999+00","AAA","2026-04-28"
"16885ed2-ed27-4ced-9115-2639af00e331","4401116480","RU000A10CQB8","СовкомБИ05","fix","to_maturity","SUR","TQCB","16.3068","124","4612","1000","95","1","365","0.01","43264","0.07","2026-09-12",NULL,NULL,"2026-09-12","2026-05-06 22:53:56.141247+00","2026-05-09 23:55:16.844999+00","AA","2026-04-17"
"17411349-4380-40e5-9c2a-2a1f9219fbcd","7708591995","RU000A10F470","ТрансКо2P3","fix","to_maturity","SUR","TQCB","17.7906","856","2.3498346e+08","1000","100.03","1","30","16.5","1e+07","2.26","2026-06-05",NULL,NULL,"2029-04-20","2026-05-06 22:53:56.141247+00","2026-05-09 23:55:16.844999+00","AA-","2026-05-06"
"1753c5c8-0a87-462c-9315-0e5332823edb","7727290538","RU000A107EQ7","ИАДОМ 1P42","fix","to_maturity","SUR","TQCB","15.0008","1155","0","671.12","89.19","1","92","0","2.2028774e+08","0","2026-06-28",NULL,NULL,"2033-09-28","2026-05-06 22:53:56.141247+00","2026-05-09 23:55:16.844999+00","","2025-07-30"
"17be69da-38ac-44b0-b0b8-3aecd651eb1b","7704400618","RU000A105H98","Эфферон01","fix","to_maturity","SUR","TQCB","28.0146","494","348653","750","84.02","1","91","12.5","150000","20.8","2026-05-21",NULL,NULL,"2027-11-18","2026-05-06 22:53:56.141247+00","2026-05-09 23:55:16.844999+00","BB","2025-07-03"
"17f1bf55-72b4-42ee-bc8d-ad4d75b70d6e","7702070139","RU000A10EC14","ВТБ Б1-381","fix","to_maturity","SUR","TQCB","10.5636","97","106124","1000","101","1","91","13.9","520521","30.85","2026-05-21",NULL,NULL,"2026-08-20","2026-05-06 22:53:56.141247+00","2026-05-09 23:55:16.844999+00","AAA","2026-04-10"
"18183840-cd06-4d64-9e10-eb86ca00a3d9","7709673048","RU000A103S30","ДрктЛиз1Р7","fix","to_maturity","SUR","TQCB","27.6163","132","233186","400","95.3","1","91","11.5","300000","5.92","2026-06-24",NULL,NULL,"2026-09-23","2026-05-06 22:53:56.141247+00","2026-05-09 23:55:16.844999+00","BB","2025-10-21"
"18244fe4-93ed-40eb-8fac-046d86ea0028","1650032058","RU000A10EAC6","КАМАЗ БП20","fix","to_maturity","SUR","TQCB","17.1703","553","7.267155e+07","1000","100","1","30","15.95","6.5e+06","10.49","2026-05-17",NULL,NULL,"2028-02-06","2026-05-06 22:53:56.141247+00","2026-05-09 23:55:16.844999+00","A+","2026-03-31"
"18803406-c41c-4d4a-bce1-2523e13893c8","7838360491","RU000A103PX8","ЛСР БО 1Р7","fix","to_maturity","SUR","TQCB","16.4089","121","784357","400","97.79","1","91","8.65","1e+07","5.59","2026-06-12",NULL,NULL,"2026-09-11","2026-05-06 22:53:56.141247+00","2026-05-09 23:55:16.844999+00","A","2026-04-27"
"18a2c87c-d872-41e9-b817-b2d119833bbb","7708503727","RU000A10AUE8","РЖД 1Р-36R","fix","to_maturity","SUR","TQCB","14.5098","746","1.4742492e+07","1000","113.51","1","30","19.95","2e+07","2.19","2026-06-06",NULL,NULL,"2028-11-22","2026-05-06 22:53:56.141247+00","2026-05-09 23:55:16.844999+00","","2026-04-07"
"190885b0-770b-4979-9fc7-ce1f64a55ecd","5503067018","RU000A10D9K0","АФБАНК1Р16","fix","to_maturity","SUR","TQCB","15.2438","560","1.768409e+06","1000","103.68","1","30","16.65","6e+06","7.3","2026-05-25",NULL,NULL,"2028-02-14","2026-05-06 22:53:56.141247+00","2026-05-09 23:55:16.844999+00","AA","2025-12-10"
"197360ec-0532-4733-a06c-079838642e90","4205119220","RU000A107W06","Новотр 1Р5","fix","to_maturity","SUR","TQCB","15.9632","237","914524","1000","99.45","1","91","14.25","1e+07","26.16","2026-06-04",NULL,NULL,"2027-03-04","2026-05-06 22:53:56.141247+00","2026-05-09 23:55:16.844999+00","AA-","2026-05-08"
"1973fce6-1205-4697-8efc-42865ed4d5ae","9909220306","RU000A105KW6","ЕАБР П3-05","fix","other","SUR","TQCB","4.9199","526","4146","1000","103.86","1","182","0","5e+06","74.81","2026-06-03","2027-12-06",NULL,"2028-12-03","2026-05-06 22:53:56.141247+00","2026-05-09 23:55:16.844999+00",NULL,NULL
"1a1ddfff-8d74-4f0c-99af-ba33012fd31b","7813379412","RU000A10B2F7","Роделен2P3","fix","to_maturity","SUR","TQCB","25.874","637","4.524089e+06","1000","103.95","1","30","25.5","1e+06","2.79","2026-06-06",NULL,NULL,"2030-02-15","2026-05-06 22:53:56.141247+00","2026-05-09 23:55:16.844999+00","BBB","2025-10-08"
"1a7a7784-39eb-4504-99b6-61fda8ac7229","9703149829","RU000A108C33","ИнвОбл05","fix","to_maturity","SUR","TQCB","15.6481","1032","0","1000","66.29","1","365","0.01","100000","0.02","2027-03-09",NULL,NULL,"2029-03-09","2026-05-06 22:53:56.141247+00","2026-05-09 23:55:16.844999+00","AA-","2026-04-15"
"1aef95a5-aa5a-44d6-b664-765af0e29e39","7703413614","RU000A106GC4","АРЕНЗА1Р02","fix","to_maturity","SUR","TQCB","18.7552","37","225530","300","99.56","1","30","13","400000","2.35","2026-05-19",NULL,NULL,"2026-06-18","2026-05-06 22:53:56.141247+00","2026-05-09 23:55:16.844999+00","BBB+","2026-03-03"
"1b6c2484-1176-4f5c-8886-0279ff7dff13","7453326003","RU000A10AG48","АПРИ 2Р8","fix","to_maturity","SUR","TQCB","28.8024","617","2.594849e+06","1000","97.38","1","30","24","625000","14.47","2026-05-19",NULL,NULL,"2029-01-03","2026-05-06 22:53:56.141247+00","2026-05-09 23:55:16.844999+00","BBB-","2025-10-24"
"1b9453c6-884e-4285-95f2-cdfffe61ba9d","9703158968","RU000A1095N3","СФОРЛО-А","fix","to_maturity","SUR","TQCB","27.0724","388","94609","486","96.31","1","91","19","207128","0","2026-06-30",NULL,NULL,"2029-09-06","2026-05-06 22:53:56.141247+00","2026-05-09 23:55:16.844999+00","","2025-11-07"
"1bbdf23d-95a9-43ce-b048-0421f1aff4fc","7707083893","RU000A103VQ0","СберИОС480","fix","to_maturity","SUR","TQCB","8.691","906","0","1000","81.37","1","2562","0.01","293048","0","2028-11-02",NULL,NULL,"2028-11-02","2026-05-06 22:53:56.141247+00","2026-05-09 23:55:16.844999+00","","2026-04-10"
"1bc28d01-c0ed-4a99-9dbb-d8b845a0e235","7717151380","RU000A103NU9","Автодор4Р1","fix","to_maturity","SUR","TQCB","14.1762","120","113691","1000","98.18","1","182","7.95","4.130562e+06","13.5","2026-09-08",NULL,NULL,"2026-09-08","2026-05-06 22:53:56.141247+00","2026-05-09 23:55:16.844999+00","AA+","2026-04-28"
"1c09247b-4feb-4178-b434-a40a1170a2d1","7710168360","SU46023RMFS6","ОФЗ 46023","fix","to_maturity","SUR","TQOB","7.0534","72","365537","100","100.221","1","182","8.16","2.95e+08","2.44","2026-07-23",NULL,NULL,"2026-07-23","2026-05-06 22:53:56.141247+00","2026-05-09 23:55:16.844999+00",NULL,NULL
"1c14b419-1b1b-49f3-a58c-abaf8ca1261d","7707083893","RU000A103P25","СберИОС468","fix","to_maturity","SUR","TQCB","18.2765","146","0","1000","93.51","1","1833","0.01","167662","0","2026-10-05",NULL,NULL,"2026-10-05","2026-05-06 22:53:56.141247+00","2026-05-09 23:55:16.844999+00","","2026-04-10"
"1c2b486b-4559-4ffe-94df-99f7723d90ce","7731644035","RU000A0JWK74","ОДК 01","fix","to_maturity","SUR","TQCB","14.9542","30","7972","1000","99.68","1","194","10.75","6.642e+06","48.3","2026-06-10",NULL,NULL,"2026-06-10","2026-05-06 22:53:56.141247+00","2026-05-09 23:55:16.844999+00","A+","2026-04-07"
"1c6cf73f-f6b8-4a34-8dc6-348c2fef2049","7813379412","RU000A105M59","Роделен1P3","fix","other","SUR","TQCB","20.3636","1","433043","529.1","100.14","1","30","27","250000","5.09","2026-05-28","2026-06-02",NULL,"2027-11-19","2026-05-06 22:53:56.141247+00","2026-05-09 23:55:16.844999+00","BBB","2025-10-08"
"1c9953cb-2eb4-4115-8222-2ef8c241c78c","5612069520","RU000A10DQM3","ЦР БО-06","fix","to_maturity","SUR","TQCB","38.826","667","456314","1000","85.91","1","30","25","130000","2.74","2026-06-06",NULL,NULL,"2029-11-17","2026-05-06 22:53:56.141247+00","2026-05-09 23:55:16.844999+00","C","2026-02-27"
"1cc2a65a-62a7-491c-b1b5-b3100e8e4379","7707083893","RU000A109JJ7","СберИОС647","fix","to_maturity","SUR","TQCB","2.8221","1246","0","1000","90.97","1","29","0.01","131960","0","2026-05-15",NULL,NULL,"2029-10-09","2026-05-06 22:53:56.141247+00","2026-05-09 23:55:16.844999+00","","2026-04-10"
"1cd3ec9b-a49d-465a-a27b-b6c450c06e3e","4205119220","RU000A105CM4","Новотр 1Р3","fix","to_maturity","SUR","TQCB","16.5578","288","3.922255e+06","750","97.02","1","91","11.7","2.85e+07","3.13","2026-07-28",NULL,NULL,"2027-10-26","2026-05-06 22:53:56.141247+00","2026-05-09 23:55:16.844999+00","AA-","2026-05-08"
"1cf5986f-53cf-468c-83f7-7f67cc93bb97","7727290538","RU000A104AM1","ИАДОМ 1P17","fix","to_maturity","SUR","TQCB","13.3458","1083","779","465.07","83.75","1","30","6.8","3.1410336e+07","1.13","2026-05-28",NULL,NULL,"2031-11-28","2026-05-06 22:53:56.141247+00","2026-05-09 23:55:16.844999+00","","2025-07-30"
"1d151682-6af7-4fe6-8ea1-134862928dfe","7733258187","RU000A106PY9","Неолизинг1","fix","to_maturity","SUR","TQCB","40.7662","64","204056","510","96.96","1","30","17","100000","3.8","2026-05-25",NULL,NULL,"2026-07-24","2026-05-06 22:53:56.141247+00","2026-05-09 23:55:16.844999+00",NULL,NULL
"1d86ef50-2c8b-4f13-b509-9e47dce5cf88","7707083893","RU000A10ES99","СберИОС792","fix","to_maturity","SUR","TQCB","0.308","1109","991","1000","99.1","1","365","0.01","83286","0","2027-04-27",NULL,NULL,"2029-05-25","2026-05-06 22:53:56.141247+00","2026-05-09 23:55:16.844999+00","","2026-04-10"
"1e055d23-5cef-4a8a-80e8-fd174831cc26","1655096633","RU000A106987","ЛТрейд 1P8","fix","to_maturity","SUR","TQCB","26.4135","329","1.022546e+06","1000","92.05","1","30","14.5","200000","1.59","2026-06-06",NULL,NULL,"2028-04-26","2026-05-06 22:53:56.141247+00","2026-05-09 23:55:16.844999+00","BBB-","2025-06-05"
"1e12f578-a806-41a4-809a-a5ae6b70cb96","7813379412","RU000A105SK4","Роделен1P4","fix","other","SUR","TQCB","24.9003","87","461550","700.3","98.5","1","30","20","250000","9.98","2026-05-15","2027-03-16",NULL,"2028-01-05","2026-05-06 22:53:56.141247+00","2026-05-09 23:55:16.844999+00","BBB","2025-10-08"
"1e866139-317c-4a42-babe-3a2d743d069e","7709938216","RU000A105492","ЭНИКА 1Р03","fix","to_maturity","SUR","TQCB","29.7872","247","232215","500","90.94","1","91","13","100000","14.78","2026-05-19",NULL,NULL,"2027-08-17","2026-05-06 22:53:56.141247+00","2026-05-09 23:55:16.844999+00","BBB","2025-08-12"
"1e9bfe3a-c0d4-4a43-b742-8d9ab0d07ece","7708754375","RU000A10AZN8","Органик1Р1","fix","to_maturity","SUR","TQCB","22.6626","512","226756","1000","113.06","1","30","29.5","100000","13.74","2026-05-24",NULL,NULL,"2028-02-13","2026-05-06 22:53:56.141247+00","2026-05-09 23:55:16.844999+00","BB+","2025-07-23"
"1eacd7dc-9b19-4140-bf88-1c3cfe69829b","7706664260","RU000A10DYG9","Атомэнпр10","fix","to_maturity","SUR","TQCB","14.3814","1322","7.307787e+07","1000","105.38","1","91","15.15","2.5e+07","19.51","2026-06-24",NULL,NULL,"2031-06-18","2026-05-06 22:53:56.141247+00","2026-05-09 23:55:16.844999+00","AAA","2026-03-13"
"1eb529d2-ab75-47de-ac5f-473f66f4cd49","2466127447","RU000A1098T4","Сульфур1P1","fix","to_maturity","SUR","TQCB","35.3818","317","1.157026e+06","1000","94.54","1","91","25","229104","60.27","2026-05-14",NULL,NULL,"2027-08-12","2026-05-06 22:53:56.141247+00","2026-05-09 23:55:16.844999+00","B","2026-04-13"
"1eb88683-e8c8-43cc-88c6-68cd1fe24844","7709780434","RU000A10DTS4","СовкмЛ П17","fix","to_maturity","SUR","TQCB","15.0038","768","1.671037e+06","1000","104.15","1","30","16","5e+06","10.96","2026-05-16",NULL,NULL,"2028-12-01","2026-05-06 22:53:56.141247+00","2026-05-09 23:55:16.844999+00","AA-","2026-03-27"
"1f13a09a-272a-473b-8835-590d80ea3c3e","7710168360","SU26235RMFS0","ОФЗ 26235","fix","to_maturity","SUR","TQOB","14.1148","1502","6.598201e+08","1000","73.18","1","182","5.9","8.338165e+08","8.73","2026-09-16",NULL,NULL,"2031-03-12","2026-05-06 22:53:56.141247+00","2026-05-09 23:55:16.844999+00",NULL,NULL
"1f6d2bbc-ca7d-4f5b-b68b-280d0d94416b","7707083893","RU000A1097A6","СберИОС641","fix","to_maturity","SUR","TQCB","2.4766","1217","0","1000","92.2","1","33","0.01","111507","0","2026-05-20",NULL,NULL,"2029-09-10","2026-05-06 22:53:56.141247+00","2026-05-09 23:55:16.844999+00","","2026-04-10"
"1f7dfbb7-1109-49d3-9234-a975394b5af6","7708503727","RU000A1007Z2","РЖД 1Р-13R","fix","to_maturity","SUR","TQCB","13.6999","924","67861","1000","90.34","1","182","9.1","2e+07","12.22","2026-09-21",NULL,NULL,"2029-03-19","2026-05-06 22:53:56.141247+00","2026-05-09 23:55:16.844999+00","","2026-04-07"
"1fa4de22-8d18-4a75-b3e4-d4eb4404d6aa","7325001151","RU000A106607","Ульоб34005","fix","to_maturity","SUR","TQCB","14.5722","555","108124","500","95.29","1","91","10.6","3e+06","2.61","2026-07-23",NULL,NULL,"2028-04-26","2026-05-06 22:53:56.141247+00","2026-05-09 23:55:16.844999+00","BBB","2026-03-04"
"1fc49ae4-85ea-432e-9889-c61086dbbc47","7707083893","RU000A10C667","СберИОС748","fix","to_maturity","SUR","TQCB","5.6032","1582","790","1000","78.99","1","29","0.01","129779","0","2026-05-15",NULL,NULL,"2030-09-10","2026-05-06 22:53:56.141247+00","2026-05-09 23:55:16.844999+00","","2026-04-10"
"1ff43417-e39b-42da-97f2-60732d4c7d3d","7740000076","RU000A104WJ1","МТС 1P-21","fix","to_maturity","SUR","TQCB","13.6919","42","2.533884e+06","1000","99.61","1","91","9.65","1e+07","12.95","2026-06-22",NULL,NULL,"2026-06-22","2026-05-06 22:53:56.141247+00","2026-05-09 23:55:16.844999+00","","2026-05-07"
"1ff956f6-cf8e-44ff-af94-0bbe4949e8cc","7810245481","RU000A10EK06","СэтлГрБ2P7","fix","to_maturity","SUR","TQCB","16.6244","572","7.110234e+06","1000","101.61","1","30","16.5","5.5e+06","11.75","2026-05-15",NULL,NULL,"2028-03-05","2026-05-06 22:53:56.141247+00","2026-05-09 23:55:16.844999+00","A-","2026-05-08"
"201ba270-3e8b-42b0-a5d7-6de0380500f8","7714582540","RU000A104CF1","СолЛиз01","fix","other","SUR","TQCB","24.7118","10","100006","250","100","1","91","26","400000","8.55","2026-06-23","2026-06-30",NULL,"2026-12-22","2026-05-06 22:53:56.141247+00","2026-05-09 23:55:16.844999+00","","2025-09-19"
"20393d02-e726-4a5e-b798-29cb1af7110a","7446031217","RU000A106AU9","УльтраБО1","fix","to_maturity","SUR","TQCB","28.9499","218","71333","600","96.63","1","30","20","250000","8.88","2026-05-14",NULL,NULL,"2027-05-09","2026-05-06 22:53:56.141247+00","2026-05-09 23:55:16.844999+00","","2025-07-28"
"21219dc4-ce3b-494e-be02-8f6e846de161","0273086494","RU000A10C873","СКСЛомбБ01","fix","to_maturity","SUR","TQCB","28.5256","601","179317","1000","105.21","1","30","28.5","100000","10.93","2026-05-27",NULL,NULL,"2028-07-15","2026-05-06 22:53:56.141247+00","2026-05-09 23:55:16.844999+00",NULL,NULL
"21548fe9-b10e-4646-9d23-5ceaf6d4ec45","7806146216","RU000A1070A3","ОхтаГрБП03","fix","to_maturity","SUR","TQCB","24.6235","145","396402","1000","96.7","1","91","14","500000","12.66","2026-07-08",NULL,NULL,"2026-10-07","2026-05-06 22:53:56.141247+00","2026-05-09 23:55:16.844999+00","BB+","2025-08-12"
"2165f1d2-d932-42e4-960c-4679d1023248","5047104371","RU000A106YD5","PLAZA BO01","fix","to_maturity","SUR","TQCB","51.2458","131","532297","1000","91.34","1","91","17.15","200000","22.08","2026-06-24",NULL,NULL,"2026-09-23","2026-05-06 22:53:56.141247+00","2026-05-09 23:55:16.844999+00","BB","2025-07-25"
"217e252a-3c46-4fb2-9b06-b4b6bae98bdc","7703104630","RU000A10BPZ1","Систем2P02","fix","to_maturity","SUR","TQCB","16.755","335","1.1873021e+07","1000","106.74","1","30","22.75","1.2e+07","9.97","2026-05-25",NULL,NULL,"2027-05-20","2026-05-06 22:53:56.141247+00","2026-05-09 23:55:16.844999+00","AA-","2026-02-27"
"219fbadb-3721-4d5b-ad0a-86484ec825bd","7728192413","RU000A1076A0","БЭЛТИ БОП6","fix","to_maturity","SUR","TQCB","24.9553","434","222084","1000","90.32","1","30","14","185000","5.75","2026-05-26",NULL,NULL,"2028-10-12","2026-05-06 22:53:56.141247+00","2026-05-09 23:55:16.844999+00","BB-","2025-08-29"
"21f82ad6-a3ed-4c33-9b44-6b0051bcf5d0","9703149829","RU000A108TE9","ИнвОбл08","fix","to_maturity","SUR","TQCB","8.7885","507","0","1000","88.95","1","365","0.01","70000","0.06","2026-10-01",NULL,NULL,"2027-10-01","2026-05-06 22:53:56.141247+00","2026-05-09 23:55:16.844999+00","AA-","2026-04-15"
"221093f1-d33e-46e9-8184-639d1638cd6e","7702045051","RU000A10BJ85","МТС-Банк05","fix","to_maturity","SUR","TQCB","14.4862","74","1.553998e+06","1000","101.36","1","450","24","3e+06","247.23","2026-07-24",NULL,NULL,"2026-07-24","2026-05-06 22:53:56.141247+00","2026-05-09 23:55:16.844999+00","A","2026-02-11"
"2226517a-8ff0-45e0-9165-0a61132266a6","6312147088","RU000A10CPB0","ЭлАп БО-03","fix","to_maturity","SUR","TQCB","18.9838","1064","1096","1000","109.6","1","91","21","100000","35.1","2026-06-10",NULL,NULL,"2030-09-04","2026-05-06 22:53:56.141247+00","2026-05-09 23:55:16.844999+00","BB-","2025-09-03"
"224bfbd3-6cda-429a-8e45-fdeac5cee2d0","7453326003","RU000A10ERC0","АПРИ 2Р14","fix","to_maturity","SUR","TQCB","28.5729","919","4.6593956e+07","1000","98.4","1","30","24.75","5e+06","5.42","2026-06-02",NULL,NULL,"2031-03-08","2026-05-06 22:53:56.141247+00","2026-05-09 23:55:16.844999+00","BBB-","2025-10-24"
"225df5d6-841a-48c4-aa1b-4c0f6c78a2da","6674223607","RU000A10C8K3","ВОКСИС-04","fix","to_maturity","SUR","TQCB","20.3753","159","984235","1000","100.57","1","30","20","200000","7.12","2026-05-28",NULL,NULL,"2026-10-25","2026-05-06 22:53:56.141247+00","2026-05-09 23:55:16.844999+00","BBB+","2025-08-12"
"2271dddb-651f-4e72-b61b-94c48bb39b5f","7705634425","RU000A10CSQ2","НоваБев3Р1","fix","to_maturity","SUR","TQCB","14.1982","654","8.5368144e+07","1000","102.08","1","30","14.5","7e+06","8.34","2026-05-20",NULL,NULL,"2028-09-06","2026-05-06 22:53:56.141247+00","2026-05-09 23:55:16.844999+00","","2026-04-17"
"2283a612-81c3-4909-9d92-0df6cb3f043f","9704268000","RU000A10EW85","РКСОлимпА2","fix","to_maturity","SUR","TQCB","35.4685","1114","0","1000","100.4","1","58","16.6","1.115e+07","2.27","2026-07-03",NULL,NULL,"2034-01-03","2026-05-06 22:53:56.141247+00","2026-05-09 23:55:16.844999+00","AAA","2026-05-06"
"229b678e-fdba-4fd8-8d02-e633b18dfb90","7727290538","RU000A102L87","ИАДОМ Б1P5","fix","to_maturity","SUR","TQCB","12.8146","1128","468","282.28","82.92","1","92","6.4","4.9087016e+07","2.18","2026-06-28",NULL,NULL,"2051-03-28","2026-05-06 22:53:56.141247+00","2026-05-09 23:55:16.844999+00","","2025-07-30"
"23653383-9e75-4a7d-93f7-b73a6b045790","9731004688","RU000A10BW96","СамолетP18","fix","to_maturity","SUR","TQCB","25.2947","799","4.1557004e+07","1000","102.73","1","30","24","1.5e+07","11.84","2026-05-23",NULL,NULL,"2029-06-06","2026-05-06 22:53:56.141247+00","2026-05-09 23:55:16.844999+00","A-","2026-03-30"
"237b30ef-e044-4608-a368-b58751317f68","9909220306","RU000A107EA1","ЕАБР П3-09","fix","to_maturity","SUR","TQCB","17.78","947","121994","1000","100","1","182","0","1e+07","67.38","2026-06-17",NULL,NULL,"2028-12-13","2026-05-06 22:53:56.141247+00","2026-05-09 23:55:16.844999+00",NULL,NULL
"238b06ad-3c80-4432-9511-609b19b11bad","7728168971","RU000A10DS66","АЛЬФАБ2Р30","fix","to_maturity","SUR","TQCB","13.8548","363","393285","1000","101.46","1","30","14.5","1.18412e+06","10.33","2026-05-15",NULL,NULL,"2027-06-09","2026-05-06 22:53:56.141247+00","2026-05-09 23:55:16.844999+00","A+","2026-05-05"
"23f11c41-f513-4f45-9c8c-6cd84be67b7e","2536247123","RU000A10DHT7","ДелЛиз1Р3","fix","to_maturity","SUR","TQCB","16.2795","475","1.741749e+06","1000","102.59","1","30","17.15","5.5e+06","10.81","2026-05-18",NULL,NULL,"2028-11-03","2026-05-06 22:53:56.141247+00","2026-05-09 23:55:16.844999+00","AA-","2025-11-19"
"23f5aec7-f97c-4033-8ba7-97e896572b82","7325081622","RU000A10C3B3","БДеньг-3P1","fix","to_maturity","SUR","TQCB","26.8733","699","3.92134e+06","1000","105.79","1","30","27","400000","20.71","2026-05-13",NULL,NULL,"2029-06-26","2026-05-06 22:53:56.141247+00","2026-05-09 23:55:16.844999+00","BB","2025-07-10"
"2410f497-d241-4177-ae28-6e76e9052db8","7709378229","RU000A10DTG9","ВТБЛИЗ 1Р4","fix","to_maturity","SUR","TQCB","15.0724","438","899456","920","102.88","1","30","16.5","3e+06","10.81","2026-05-15",NULL,NULL,"2028-11-30","2026-05-06 22:53:56.141247+00","2026-05-09 23:55:16.844999+00","AA","2026-04-24"
"2456ba8a-7c7b-4cff-8fc2-ce0c0e9eade7","0274034308","RU000A106FT0","Башкорт23","fix","to_maturity","SUR","TQCB","12.2054","50","102107","600","99.68","1","91","9.35","5.5e+06","6.3","2026-06-30",NULL,NULL,"2026-06-30","2026-05-06 22:53:56.141247+00","2026-05-09 23:55:16.844999+00","AA+","2026-03-05"
"2473e25e-eea0-46dd-b010-bd3f9e93d5bf","0278181110","RU000A10DJY3","ПР-Лиз 3P1","fix","to_maturity","SUR","TQCB","14.1465","377","360415","100","100.7298","1","30","14","142701","37.31045","2026-05-28",NULL,NULL,"2028-06-28","2026-05-06 22:53:56.141247+00","2026-05-09 23:55:16.844999+00","BBB+","2026-04-21"
"24edf291-7a8f-4cad-90a4-ee2cff2ac44f","4705081944","RU000A10AV15","ВИС Ф БП07","fix","to_maturity","SUR","TQCB","15.9862","86","4.872722e+06","1000","102.43","1","30","25.25","1.5e+06","1.38","2026-05-09",NULL,NULL,"2026-08-07","2026-05-06 22:53:56.141247+00","2026-05-09 23:55:16.844999+00","","2026-04-01"
"2514228b-d0d5-4299-88ed-6d8c1cc3c3cc","6316103050","RU000A107WD7","МаниКап1Р3","fix","to_maturity","SUR","TQCB","29.598","211","478565","1000","93.75","1","30","15","300000","6.99","2026-05-24",NULL,NULL,"2027-02-18","2026-05-06 22:53:56.141247+00","2026-05-09 23:55:16.844999+00","BB-","2025-09-02"
"25167abb-1c11-4add-907d-7f0e1927ef23","7325081622","RU000A107PW1","БДеньг-2P5","fix","to_maturity","SUR","TQCB","24.1596","319","2.292933e+06","1000","100.14","1","30","22","300000","12.66","2026-05-20",NULL,NULL,"2027-07-14","2026-05-06 22:53:56.141247+00","2026-05-09 23:55:16.844999+00","BB","2025-07-10"
"25558db9-6a5a-4a26-92fe-dbc34a0e3127","7727290538","RU000A0ZZZ09","ИА ДОМ 8P2","fix","to_maturity","SUR","TQCB","12.9082","706","0","98.62","94.3","1","92","9.28","5.149941e+06","1.1","2026-06-28",NULL,NULL,"2044-12-28","2026-05-06 22:53:56.141247+00","2026-05-09 23:55:16.844999+00","","2025-07-30"
"258d1fa0-5b3f-4f76-be75-ce39dbaf2b62","5032292806","RU000A107G22","КОРПСАН 01","fix","to_maturity","SUR","TQCB","65.5994","209","1.135632e+06","1000","80.97","1","91","15","146771","21.37","2026-06-19",NULL,NULL,"2026-12-18","2026-05-06 22:53:56.141247+00","2026-05-09 23:55:16.844999+00","B","2025-08-27"
"25a71ee5-6be2-4628-b9c6-abef3db1c8f2","9705101614","RU000A0JWVL2","ЕвропланБ7","fix","to_maturity","SUR","TQCB","14.8043","140","131956","1000","102.05","1","182","20.1","5e+06","22.58","2026-09-29",NULL,NULL,"2026-09-29","2026-05-06 22:53:56.141247+00","2026-05-09 23:55:16.844999+00","AA","2026-04-22"
"25ea7cc0-d548-46cb-a584-8333a417216f","7710168360","SU26249RMFS1","ОФЗ 26249","fix","to_maturity","SUR","TQOB","14.3096","1568","5.4553037e+08","1000","88.549","1","182","11","1e+09","41.59","2026-06-24",NULL,NULL,"2032-06-16","2026-05-06 22:53:56.141247+00","2026-05-09 23:55:16.844999+00",NULL,NULL
"2637da6e-38d7-4ed9-81eb-98f0fd79e17e","7708503727","RU000A1009L8","РЖД 1Р-15R","fix","to_maturity","SUR","TQCB","12.343","319","1949","1000","97.44","1","91","8.8","1.5e+07","7.96","2026-07-08",NULL,NULL,"2027-04-07","2026-05-06 22:53:56.141247+00","2026-05-09 23:55:16.844999+00","","2026-04-07"
"26540866-d74b-4110-8a08-1196ef5f52b8","7744001497","RU000A10CV39","ГПБ004Р30","fix","to_maturity","SUR","TQCB","5.8021","887","0","1000","87.2","1","365","0.01","370371","0.06","2026-10-16",NULL,NULL,"2028-10-15","2026-05-06 22:53:56.141247+00","2026-05-09 23:55:16.844999+00","AAA","2026-04-28"
"26b3b631-3db5-436c-b9b6-eb21342a93ee","9703221553","RU000A10DSD8","ТБ-6_Б2","fix","to_maturity","SUR","TQCB","17.4778","746","1.582437e+06","1000","103.66","1","31","18","4e+06","3.95","2026-06-03",NULL,NULL,"2031-01-03","2026-05-06 22:53:56.141247+00","2026-05-09 23:55:16.844999+00",NULL,NULL
"26e2028a-d421-4a32-a32e-d37724ed8639","7727290538","RU000A10C1P7","ИАДОМ 1P57","fix","to_maturity","SUR","TQCB","4.0682","2932","25744","944.36","100.9","1","91","0","1.02741936e+08","0","2026-07-28",NULL,NULL,"2056-04-28","2026-05-06 22:53:56.141247+00","2026-05-09 23:55:16.844999+00","","2025-07-30"
"27038960-c7a7-4c69-b409-c4cc94c7c0f5","7730176955","RU000A10A3Q3","АНТЕРРА-03","fix","to_maturity","SUR","TQCB","46.0181","426","3.74492e+06","1000","89.29","1","91","30","350000","68.22","2026-05-19",NULL,NULL,"2027-11-16","2026-05-06 22:53:56.141247+00","2026-05-09 23:55:16.844999+00","B-","2025-12-12"
"27119274-5d30-4605-bdd5-ade8d7618f39","6345002063","RU000A106RJ6","Озон 1Р02","fix","to_maturity","SUR","TQCB","15.4264","95","3.222632e+06","1000","99.58","1","91","13","700000","29.92","2026-05-18",NULL,NULL,"2026-08-17","2026-05-06 22:53:56.141247+00","2026-05-09 23:55:16.844999+00",NULL,NULL
"2726794e-a258-4787-8cb9-30ee5d17e32e","7744001497","RU000A10ANY1","ГПБ004Р16","fix","to_maturity","SUR","TQCB","4.9548","292","0","1000","96.2","1","365","0.01","316419","0.02","2027-02-28",NULL,NULL,"2027-02-28","2026-05-06 22:53:56.141247+00","2026-05-09 23:55:16.844999+00","AAA","2026-04-28"
"275638c9-fdee-4371-843a-16aa7370299c","5612069520","RU000A10CRJ9","ЦР БО-05","fix","to_maturity","SUR","TQCB","45.2887","527","350718","1000","82.64","1","30","25","150000","17.81","2026-05-15",NULL,NULL,"2028-09-01","2026-05-06 22:53:56.141247+00","2026-05-09 23:55:16.844999+00","C","2026-02-27"
"2795bfa6-1c79-4ebc-88c0-60d8d0639b20","7838360491","RU000A106888","ЛСР БО 1Р8","fix","to_maturity","SUR","TQCB","15.2066","1","2.697105e+06","1000","99.99","1","91","12.75","7e+06","31.09","2026-05-13",NULL,NULL,"2026-05-13","2026-05-06 22:53:56.141247+00","2026-05-09 23:55:16.844999+00","A","2026-04-27"
"28bd8ea5-f0ac-48f2-ba1f-8916e0229800","7707083893","RU000A107SR5","СберИОС605","fix","to_maturity","SUR","TQCB","9.4112","1035","0","1000","77.5","1","33","0.01","430743","0","2026-05-20",NULL,NULL,"2029-03-12","2026-05-06 22:53:56.141247+00","2026-05-09 23:55:16.844999+00","","2026-04-10"
"28f83455-daa5-47bd-8988-a6b7b73ac6c8","5406305355","RU000A107209","СибСтекП04","fix","to_maturity","SUR","TQCB","26.1662","427","2.896603e+06","1000","97.75","1","30","21.5","300000","2.95","2026-06-05",NULL,NULL,"2027-09-28","2026-05-06 22:53:56.141247+00","2026-05-09 23:55:16.844999+00","BB-","2025-11-18"
"292b6732-987a-4268-a0e8-dd75e9be2479","7720932458","RU000A10ECA6","АдвТрак1Р2","fix","to_maturity","SUR","TQCB","26.2113","929","1.235398e+06","1000","101.27","1","30","24","500000","13.15","2026-05-21",NULL,NULL,"2031-01-25","2026-05-06 22:53:56.141247+00","2026-05-09 23:55:16.844999+00","BB-","2025-09-04"
"293fa65a-ecaf-4ed5-9bbc-68eefdb1a8a1","9703202656","RU000A10CLT1","СФОРЛО-2 А","fix","to_maturity","SUR","TQCB","26.5334","561","1.459585e+06","893.7","99.6","1","91","24","340890","24.09","2026-06-30",NULL,NULL,"2030-08-23","2026-05-06 22:53:56.141247+00","2026-05-09 23:55:16.844999+00",NULL,NULL
"2954fe90-bbf5-4679-adce-9332636953a6","7733812126","RU000A1082K7","ВЭББНКР 06","fix","other","SUR","TQCB","23.5363","118","475259","1000","99.01","1","30","20","350000","0.55","2026-05-10","2027-03-11",NULL,"2027-09-02","2026-05-06 22:53:56.141247+00","2026-05-09 23:55:16.844999+00","BB","2026-03-18"
"295dcc01-78be-497c-8c79-c309c7b84f4a","1402047184","RU000A10C5L7","Селигдар4Р","fix","to_maturity","SUR","TQCB","16.6573","521","1.6498196e+07","1000","105.1","1","30","19","1.25e+07","11.97","2026-05-18",NULL,NULL,"2028-01-08","2026-05-06 22:53:56.141247+00","2026-05-09 23:55:16.844999+00","A+","2026-04-23"
"299123f9-4ef1-4fdf-80a0-ae4129afaed5","7720261827","RU000A101GD3","ГТЛК 1P-16","fix","to_maturity","SUR","TQCB","16.0117","431","167772","250","90.8","1","91","6.95","1e+07","3.86","2026-05-21",NULL,NULL,"2028-02-17","2026-05-06 22:53:56.141247+00","2026-05-09 23:55:16.844999+00","AA-","2026-03-23"
"29cc6b14-6425-4c42-b398-70985ac549f4","9704034210","RU000A105UC7","Титан-5 А","fix","to_maturity","SUR","TQCB","17.1388","758","14951","390.45","89.11","1","92","10.65","2.54e+06","5.24","2026-06-26",NULL,NULL,"2050-06-26","2026-05-06 22:53:56.141247+00","2026-05-09 23:55:16.844999+00","AAA","2026-01-21"
"29e93bec-6768-41d8-8583-a29a80a98187","9717054493","RU000A108AK6","Фордевинд5","fix","other","SUR","TQCB","21.6571","30","501705","1000","101.64","1","30","22","431434","1.81","2026-06-07","2027-04-07",NULL,"2027-09-30","2026-05-06 22:53:56.141247+00","2026-05-09 23:55:16.844999+00","BB+","2025-10-24"
"2a24c1e5-dade-4579-9b99-7e4357f38c83","7727290538","RU000A103YK7","ИАДОМ 1P12","fix","to_maturity","SUR","TQCB","13.5657","991","700","431.43","81.13","1","89","5.5","1.85726e+06","4.68","2026-05-28",NULL,NULL,"2031-08-28","2026-05-06 22:53:56.141247+00","2026-05-09 23:55:16.844999+00","","2025-07-30"
"2af0a037-22b2-4952-be22-0deb984e70d1","7711078582","RU000A10BNE1","СИМПЛ1Р03","fix","to_maturity","SUR","TQCB","17.4804","93","6.528701e+06","1000","101.62","1","30","22.5","1e+06","14.18","2026-05-18",NULL,NULL,"2026-08-16","2026-05-06 22:53:56.141247+00","2026-05-09 23:55:16.844999+00","A-","2025-07-15"
"2b444491-9395-414f-91d7-a02128856d97","9715453911","RU000A10C5B8","Денум 1Р1","fix","to_maturity","SUR","TQCB","27.0491","600","225882","1000","104.7","1","30","27","100000","17.01","2026-05-18",NULL,NULL,"2028-07-06","2026-05-06 22:53:56.141247+00","2026-05-09 23:55:16.844999+00",NULL,NULL
"2b86c87f-49ce-46a4-9537-3b97a121ead6","7453326003","RU000A106631","АПРИ 2Р2","fix","other","SUR","TQCB","29.2285","196","4.529573e+06","1000","98.71","1","91","24","1e+06","11.84","2026-07-23",NULL,NULL,"2027-04-22","2026-05-06 22:53:56.141247+00","2026-05-09 23:55:16.844999+00","BBB-","2025-10-24"
"2bde91d5-c897-4eba-9371-b7ffa7b6c4c0","7707083893","RU000A102RA4","СберИОС414","fix","to_maturity","SUR","TQCB","8.2584","664","2598","1000","86.6","1","2565","0.01","1.302942e+06","0","2028-03-06",NULL,NULL,"2028-03-06","2026-05-06 22:53:56.141247+00","2026-05-09 23:55:16.844999+00","","2026-04-10"
"2c319513-cb0c-44e0-9832-7a20008c1379","2310197022","RU000A10DJS5","СЗА БО-05","fix","to_maturity","SUR","TQCB","28.8086","671","1.081348e+06","1000","99.85","1","30","25.5","250000","14.67","2026-05-20",NULL,NULL,"2028-11-05","2026-05-06 22:53:56.141247+00","2026-05-09 23:55:16.844999+00","BB-","2025-11-18"
"2c36f8ea-0128-4691-a777-d327d38b8a02","7706561875","RU000A108C58","ЭлемЛиз1P8","fix","to_maturity","SUR","TQCB","15.4287","162","7393","335.2","100.7","1","30","16","3e+06","3.67","2026-05-16",NULL,NULL,"2027-04-11","2026-05-06 22:53:56.141247+00","2026-05-09 23:55:16.844999+00","A","2026-04-21"
"2c84dddf-c7fd-4c5b-a2e2-b0b18dad0404","7725806898","RU000A10CWF7","ПГК3Р01","fix","to_maturity","SUR","TQCB","15.8676","719","7.094864e+06","1000","101.85","1","30","15.75","1.2e+07","5.61","2026-05-28",NULL,NULL,"2028-09-14","2026-05-06 22:53:56.141247+00","2026-05-09 23:55:16.844999+00","AA+","2026-04-28"
"2cc384dd-0864-4501-94f2-0661301428ae","7325001151","RU000A101U61","Ульоб35002","fix","to_maturity","SUR","TQCB","15.3089","214","519248","500","95.37","1","182","6.6","7e+06","12.3","2026-06-26",NULL,NULL,"2027-06-25","2026-05-06 22:53:56.141247+00","2026-05-09 23:55:16.844999+00","BBB","2026-03-04"
"2d219c73-9bcc-4f8e-8e57-24f596bdad0a","7702070139","RU000A107W55","ВТБ Б1-351","fix","to_maturity","SUR","TQCB","16.1204","278","1.024828e+06","1000","99.78","1","31","14.75","5.361517e+06","4.04","2026-06-01",NULL,NULL,"2027-03-02","2026-05-06 22:53:56.141247+00","2026-05-09 23:55:16.844999+00","AAA","2026-04-10"
"2db919e7-cfb8-44ab-84bf-800f8c97bbca","0268008010","RU000A106JZ9","БСК 1Р-03","fix","to_maturity","SUR","TQCB","16.2117","59","65784","250","99.24","1","91","10.6","6e+06","2.25","2026-07-10",NULL,NULL,"2026-07-10","2026-05-06 22:53:56.141247+00","2026-05-09 23:55:16.844999+00","BBB+","2026-03-31"
"2dba8ed2-3c73-4039-ac97-8e6c93ad33a4","7708503727","RU000A1084Q0","РЖДЗО26-2Р","fix","to_maturity","SUR","TQCB","14.8883","121","293280","100000","97.83","1","184","7.675","145714","1300.49","2026-09-10",NULL,NULL,"2026-09-10","2026-05-06 22:53:56.141247+00","2026-05-09 23:55:16.844999+00","","2026-04-07"
"2ddc04b5-b145-47cc-baf8-238cfbfcf01d","5029169023","RU000A1061K1","ЕвроТранс3","fix","to_maturity","SUR","TQCB","108.2951","148","8.169428e+06","1000","77.21","1","30","13.6","5e+06","8.57","2026-05-18",NULL,NULL,"2027-03-14","2026-05-06 22:53:56.141247+00","2026-05-09 23:55:16.844999+00","","2026-04-14"
"2dfd421d-a65a-47fd-8102-83c588659a53","9705167654","RU000A1085A1","СИНАРАБ1","fix","to_maturity","SUR","TQCB","16.3004","311","30000","1000","100","1","30","15.2","1e+06","10.41","2026-05-16",NULL,NULL,"2027-04-11","2026-05-06 22:53:56.141247+00","2026-05-09 23:55:16.844999+00",NULL,NULL
"2dff9814-5295-4fad-8c5b-bb991bd91067","7705634425","RU000A10EMG2","НоваБев3Р3","fix","to_maturity","SUR","TQCB","14.5415","782","4.103656e+06","1000","101.83","1","30","14.5","7e+06","8.74","2026-05-19",NULL,NULL,"2029-03-04","2026-05-06 22:53:56.141247+00","2026-05-09 23:55:16.844999+00","","2026-04-17"
"2e1e8813-bbd3-4c8a-b747-8df1c84c5d6a","7708503727","RU000A1089X5","РЖДЗО28-1Р","fix","to_maturity","SUR","TQCB","15.2245","623","3.32365e+06","100000","87.49","1","184","6.598","173506","1264.62","2026-09-02",NULL,NULL,"2028-03-02","2026-05-06 22:53:56.141247+00","2026-05-09 23:55:16.844999+00","","2026-04-07"
"2e4c69b4-a4a7-4567-a8d8-ec1d3b14577d","2634038135","RU000A102H34","СтаврКрай4","fix","to_maturity","SUR","TQCB","14.9504","281","44649","250","94","1","91","6.2","1e+07","2.63","2026-06-09",NULL,NULL,"2027-12-14","2026-05-06 22:53:56.141247+00","2026-05-09 23:55:16.844999+00","A+","2026-03-19"
"2e72dab3-ad72-44d2-ba76-9233bd40bdfc","7727290538","RU000A10C8J5","ИАДОМ 1P56","fix","to_maturity","SUR","TQCB","13.7095","1184","0","866.58","85.73","1","30","8.4","9.0002664e+07","2.59","2026-05-28",NULL,NULL,"2055-12-28","2026-05-06 22:53:56.141247+00","2026-05-09 23:55:16.844999+00","","2025-07-30"
"2e74dcfb-e256-406a-82bf-a12f4243512c","7734418612","RU000A10EG44","ИЛОН 1Р-01","fix","to_maturity","SUR","TQCB","16.3804","565","901975","1000","103.8","1","30","17.7","1.25e+06","2.91","2026-06-04",NULL,NULL,"2028-02-24","2026-05-06 22:53:56.141247+00","2026-05-09 23:55:16.844999+00","BBB+","2025-10-09"
"2e74e0c5-1728-4c43-9428-3dd386737af6","7704221591","RU000A103QL1","Росагрл1Р3","fix","to_maturity","SUR","TQCB","14.9617","128","23517","1000","97.99","1","182","8.45","9e+06","12.5","2026-09-16",NULL,NULL,"2026-09-16","2026-05-06 22:53:56.141247+00","2026-05-09 23:55:16.844999+00","","2026-02-25"
"2eabe470-c2e7-4efd-b8b6-d4414fbcaa7b","7707049388","RU000A0JXPN8","Ростел1P2R","fix","to_maturity","SUR","TQCB","14.1338","322","145515","1000","104.88","1","182","19.5","1e+07","13.89","2026-10-14",NULL,NULL,"2027-04-14","2026-05-06 22:53:56.141247+00","2026-05-09 23:55:16.844999+00","AAA","2026-04-27"
"2eac2280-830b-411d-98f2-fccfdeea2686","7841422483","RU000A10DTP0","ПИР 1P5","fix","to_maturity","SUR","TQCB","29.3558","371","3.281079e+06","1000","101","1","30","27","190000","18.49","2026-05-16",NULL,NULL,"2027-12-07","2026-05-06 22:53:56.141247+00","2026-05-09 23:55:16.844999+00","BB","2025-11-21"
"2f2628eb-7c2e-49c5-98a4-d4667e5a9448","7708503727","RU000A0JX1S1","РЖД-41 обл","fix","other","SUR","TQCB","13.4882","190","2.188348e+06","1000","105.6","1","182","24","1.5e+07","103.89","2026-06-04","2026-12-07",NULL,"2031-11-27","2026-05-06 22:53:56.141247+00","2026-05-09 23:55:16.844999+00","","2026-04-07"
"2f2fa5b3-b2c2-46c1-be50-b0c4368384ed","5249111131","RU000A10E283","ХРОМОС Б4","fix","to_maturity","SUR","TQCB","26.4375","705","4.788907e+06","1000","101.57","1","30","24.5","260000","8.73","2026-05-28",NULL,NULL,"2028-12-13","2026-05-06 22:53:56.141247+00","2026-05-09 23:55:16.844999+00","BB","2026-02-19"
"2f5dd846-e5ed-47d8-9e87-3a9115847dec","7838360491","RU000A10CKY3","ЛСР БО1Р11","fix","to_maturity","SUR","TQCB","16.6291","570","1.701933e+06","1000","100.81","1","30","16","5e+06","7.45","2026-05-24",NULL,NULL,"2028-08-11","2026-05-06 22:53:56.141247+00","2026-05-09 23:55:16.844999+00","A","2026-04-27"
"2fb3e39c-1afc-4f6c-be7e-825bed157999","2128702350","RU000A10DTW6","ПионЛизБО8","fix","to_maturity","SUR","TQCB","32.2757","929","5.709112e+06","1000","100.5","1","30","28.5","200000","19.52","2026-05-16",NULL,NULL,"2030-11-21","2026-05-06 22:53:56.141247+00","2026-05-09 23:55:16.844999+00","B","2025-07-16"
"2fbae954-2d92-452f-b6a7-cce6d1e0bd26","7705619586","RU000A10BAP4","ЭталонФин3","fix","to_maturity","SUR","TQCB","22.7876","293","5.753845e+06","1000","103.87","1","30","25.5","6.75e+06","3.49","2026-06-05",NULL,NULL,"2027-04-01","2026-05-06 22:53:56.141247+00","2026-05-09 23:55:16.844999+00","BBB+","2026-04-17"
"2fec13de-94e0-47f1-bd07-a0cfe9b0d54b","7727290538","RU000A10EL21","ИАДОМ 1P61","fix","to_maturity","SUR","TQCB","17.498","1852","4907","991.09","98.82","1","30","16","1.0462932e+07","5.65","2026-05-28",NULL,NULL,"2056-11-28","2026-05-06 22:53:56.141247+00","2026-05-09 23:55:16.844999+00","","2025-07-30"
"30063665-8f07-4734-90f9-004b21bfd3bd","7727290538","RU000A105H23","ИАДОМ 1P25","fix","to_maturity","SUR","TQCB","13.5167","1141","3088","491.64","89.73","1","30","9.35","5.527918e+06","1.64","2026-05-28",NULL,NULL,"2032-10-28","2026-05-06 22:53:56.141247+00","2026-05-09 23:55:16.844999+00","","2025-07-30"
"302d5dce-ef09-4e58-ba6d-5c5398c4874d","4400006727","RU000A10E2B3","СовкмЭк1Р1","fix","other","SUR","TQCB","17.8172","77","245910","1000","104.1","1","30","19.5","500000","6.95","2026-05-28","2027-12-22",NULL,"2029-12-08","2026-05-06 22:53:56.141247+00","2026-05-09 23:55:16.844999+00","A+","2025-11-10"
"3041ceb5-4dfd-4f1f-96c9-b65d019f01df","1652009537","RU000A1082W2","НовТехнБ3","fix","to_maturity","SUR","TQCB","18.1497","281","3.73869e+06","1000","101","1","30","18.1","661752","0","2026-05-11",NULL,NULL,"2027-03-07","2026-05-06 22:53:56.141247+00","2026-05-09 23:55:16.844999+00","A","2025-12-05"
"30afeda6-a468-4ce9-88ab-c13ddfc32e7d","5406780551","RU000A106C50","СЕЛЛСерв02","fix","to_maturity","SUR","TQCB","32.266","10","281745","500","99.61","1","30","14","150000","3.84","2026-05-21",NULL,NULL,"2026-05-21","2026-05-06 22:53:56.141247+00","2026-05-09 23:55:16.844999+00","BB","2026-01-30"
"31050985-6f2f-4574-a2e5-c5368ef0998b","9705101614","RU000A10ASC6","Европлн1Р9","fix","to_maturity","SUR","TQCB","14.5207","380","1.7928924e+07","900","111.1","1","30","24","1.6e+07","8.88","2026-05-26",NULL,NULL,"2028-07-14","2026-05-06 22:53:56.141247+00","2026-05-09 23:55:16.844999+00","AA","2026-04-22"
"312898de-ed66-439e-a2a6-b2e6f8be3bf3","7810962785","RU000A106R95","iСелкт1Р3R","fix","to_maturity","SUR","TQCB","15.0981","94","1.935367e+06","1000","99.63","1","182","13.3","3e+06","31.7","2026-08-14",NULL,NULL,"2026-08-14","2026-05-06 22:53:56.141247+00","2026-05-09 23:55:16.844999+00","","2026-04-06"
"317a62c6-f46e-453b-b978-3be4543e7ad4","7710168360","SU26236RMFS8","ОФЗ 26236","fix","to_maturity","SUR","TQOB","13.0696","683","2.264637e+07","1000","87.914","1","182","5.7","4.985944e+08","27.01","2026-05-20",NULL,NULL,"2028-05-17","2026-05-06 22:53:56.141247+00","2026-05-09 23:55:16.844999+00",NULL,NULL
"31879176-2d14-4a11-be20-0975c3722cf7","9704242179","RU000A10D5H4","СинСекью_А","fix","to_maturity","SUR","TQCB","57.0241","653","44198","1000","102.5","1","92","16.5","7.2e+06","20.79","2026-06-26",NULL,NULL,"2029-10-26","2026-05-06 22:53:56.141247+00","2026-05-09 23:55:16.844999+00","AAA","2026-03-26"
"31cbe3e4-4d5e-4aa3-ae85-a35be7985100","5829060635","RU000A10BLP1","РегПродБ01","fix","to_maturity","SUR","TQCB","34.2585","539","2.434911e+06","1000","101.75","1","30","31","70000","22.08","2026-05-15",NULL,NULL,"2028-05-04","2026-05-06 22:53:56.141247+00","2026-05-09 23:55:16.844999+00","","2026-04-28"
"31e286c0-ae18-4384-8298-b251b2571995","7744001497","RU000A107GG3","ГПБ004Р02","fix","to_maturity","SUR","TQCB","1.3382","264","0","1000","99.05","1","365","0.01","86768","0.03","2027-01-30",NULL,NULL,"2027-01-30","2026-05-06 22:53:56.141247+00","2026-05-09 23:55:16.844999+00","AAA","2026-04-28"
"31f2d963-784d-49fe-817c-54cd8a7369a5","7708503727","RU000A10AZ60","РЖД 1Р-38R","fix","to_maturity","SUR","TQCB","14.3589","1035","1.1139455e+07","1000","113.07","1","30","17.9","3e+07","9.32","2026-05-22",NULL,NULL,"2030-03-02","2026-05-06 22:53:56.141247+00","2026-05-09 23:55:16.844999+00","","2026-04-07"
"31f2eb70-0798-4c02-9138-3dcd409cb4b4","9731004688","RU000A10CZA1","СамолетP20","fix","to_maturity","SUR","TQCB","27.7985","134","1.3871265e+07","1000","98.72","1","30","21.25","2.5e+06","5.82","2026-05-31",NULL,NULL,"2026-09-28","2026-05-06 22:53:56.141247+00","2026-05-09 23:55:16.844999+00","A-","2026-03-30"
"321a1b23-2fcc-45ab-9cc9-538918c1528a","5403040189","RU000A10D4S4","ПЭТ 1Р1","fix","to_maturity","SUR","TQCB","26.9076","558","1.028983e+06","1000","102.98","1","30","26","165000","15.67","2026-05-19",NULL,NULL,"2028-10-05","2026-05-06 22:53:56.141247+00","2026-05-09 23:55:16.844999+00","B","2025-10-10"
"322695a1-a7b6-4f14-9942-825e9bb408ac","7706640206","RU000A10EPU6","АВТОА1P01","fix","to_maturity","SUR","TQCB","24.5402","756","4.694362e+06","1000","104.93","1","30","24.5","500000","10.07","2026-05-26",NULL,NULL,"2029-03-11","2026-05-06 22:53:56.141247+00","2026-05-09 23:55:16.844999+00","BB+","2025-12-03"
"324ef86d-d929-4e99-b7bf-83cc36d1306e","7702070139","RU000A106TM6","ВТБ Б1-343","fix","to_maturity","SUR","TQCB","16.3796","110","3.1740492e+07","1000","99.77","1","31","14.5","1.4901802e+07","3.97","2026-06-01",NULL,NULL,"2026-09-01","2026-05-06 22:53:56.141247+00","2026-05-09 23:55:16.844999+00","AAA","2026-04-10"
"3265d072-4111-469a-8a41-26f554105f7a","0411137185","RU000A10EXF1","ГрупПроБ03","fix","to_maturity","SUR","TQCB","25.8871","773","2.010118e+06","1000","99.48","1","30","23","150000","11.97","2026-05-22",NULL,NULL,"2029-04-06","2026-05-06 22:53:56.141247+00","2026-05-09 23:55:16.844999+00","BB-","2025-07-23"
"32a3cd1e-2e52-4890-8af2-83bffcf7a735","1655096633","RU000A105RF6","ЛТрейд 1P6","fix","to_maturity","SUR","TQCB","25.4506","278","195961","833.6","93.8","1","30","14.5","150000","2.65","2026-06-02",NULL,NULL,"2027-12-24","2026-05-06 22:53:56.141247+00","2026-05-09 23:55:16.844999+00","BBB-","2025-06-05"
"32ca203e-e569-4263-b6b2-ab3e76177e1a","9703209122","RU000A10DNX7","Сплит ПВ-2","fix","to_maturity","SUR","TQCB","16.5204","370","5.884342e+06","1000","101.94","1","30","17.3","4.5e+06","5.21","2026-05-30",NULL,NULL,"2030-01-30","2026-05-06 22:53:56.141247+00","2026-05-09 23:55:16.844999+00","AAA","2026-01-27"
"32ebb3ab-693a-4ad5-babf-46bd1ff0d6f9","0411137185","RU000A106YN4","ГрупПро1P3","fix","to_maturity","SUR","TQCB","27.8996","120","839900","1000","97.14","1","30","16","300000","11.4","2026-05-15",NULL,NULL,"2026-09-12","2026-05-06 22:53:56.141247+00","2026-05-09 23:55:16.844999+00","BB-","2025-07-23"
"331cb657-952d-4404-8d6a-892b4eb8d20a","7736227885","RU000A10EA08","iСЛ 2P2","fix","to_maturity","SUR","TQCB","17.9697","751","8.421311e+06","1000","106.04","1","30","19.5","6.6e+06","14.42","2026-05-14",NULL,NULL,"2028-12-20","2026-05-06 22:53:56.141247+00","2026-05-09 23:55:16.844999+00","A-","2026-03-26"
"33cfdab1-6eec-4da8-9cb6-9e3c06a2a9c4","7707049388","RU000A10BG13","РостелP16R","fix","to_maturity","SUR","TQCB","13.8376","309","1.1822489e+07","1000","103.99","1","30","17.65","1.5e+07","11.61","2026-05-17",NULL,NULL,"2027-04-12","2026-05-06 22:53:56.141247+00","2026-05-09 23:55:16.844999+00","AAA","2026-04-27"
"33e1a756-eb6a-4e52-a793-00742bb3bfb0","5612069520","RU000A10B7D1","ЦР БО-04","fix","to_maturity","SUR","TQCB","45.7642","418","720941","1000","90.4","1","30","29.5","200000","12.93","2026-05-25",NULL,NULL,"2028-03-15","2026-05-06 22:53:56.141247+00","2026-05-09 23:55:16.844999+00","C","2026-02-27"
"33eb5b24-33c7-4803-b45d-19cbaf87a257","5406305355","RU000A10ASF9","СибСтекБ01","fix","to_maturity","SUR","TQCB","30.8889","208","2.049373e+06","900","101","1","30","29","350000","8.58","2026-05-29",NULL,NULL,"2027-01-24","2026-05-06 22:53:56.141247+00","2026-05-09 23:55:16.844999+00","BB-","2025-11-18"
"33f4a612-d0f1-46df-8126-40d5e9045322","4004021785","RU000A106L67","Кириллица2","fix","to_maturity","SUR","TQCB","52.8533","57","1.144451e+06","1000","95.97","1","30","16.5","300000","0.9","2026-05-09",NULL,NULL,"2026-07-08","2026-05-06 22:53:56.141247+00","2026-05-09 23:55:16.844999+00","BBB-","2026-05-08"
"34113cb8-1c1f-4dc2-8317-d399f347d071","1832043008","RU000A10DQ68","СелоЗ1Р-2","fix","to_maturity","SUR","TQCB","16.3269","497","5.176295e+06","1000","102.78","1","30","17.25","3.5e+06","3.31","2026-06-03",NULL,NULL,"2027-11-25","2026-05-06 22:53:56.141247+00","2026-05-09 23:55:16.844999+00","A","2025-09-22"
"3427afda-62d0-41a4-92c5-bff028c83afa","7723609647","RU000A10EMJ6","ТЕХЛиз 1P8","fix","to_maturity","SUR","TQCB","26.7093","708","2.273012e+06","1000","100.19","1","30","24","476000","14.47","2026-05-19",NULL,NULL,"2029-03-04","2026-05-06 22:53:56.141247+00","2026-05-09 23:55:16.844999+00","BB+","2025-11-21"
"343ffc3b-e28d-4d96-aa88-ee0df81616b1","7727290538","RU000A109NG5","ИАДОМ 1P49","fix","to_maturity","SUR","TQCB","16.6488","990","0","724.41","92.03","1","89","0","8.006691e+07","0","2026-05-28",NULL,NULL,"2055-08-28","2026-05-06 22:53:56.141247+00","2026-05-09 23:55:16.844999+00","","2025-07-30"
"34469bec-7557-4e4f-8bb5-ec1cf354b0c8","8601009620","RU000A10DLP7","ДФЮгр34002","fix","to_maturity","SUR","TQCB","14.3056","519","210168","1000","101.7","1","91","14.8","1e+07","28.79","2026-05-31",NULL,NULL,"2028-11-26","2026-05-06 22:53:56.141247+00","2026-05-09 23:55:16.844999+00","AAA","2025-11-27"
"346fd8f1-6914-42f8-a915-bbee02e05f20","7720261827","RU000A10BQB0","ГТЛК 2P-08","fix","to_maturity","SUR","TQCB","15.5931","618","1.7513116e+07","1000","108.58","1","30","19.5","1.5e+07","6.41","2026-05-29",NULL,NULL,"2028-05-18","2026-05-06 22:53:56.141247+00","2026-05-09 23:55:16.844999+00","AA-","2026-03-23"
"3482cb86-d067-4a65-b58a-dabcf022a40d","7802131219","RU000A108AL4","ИнтЛиз1Р08","fix","to_maturity","SUR","TQCB","17.3115","171","113032","615","99.85","1","30","15.75","3e+06","0.8","2026-06-07",NULL,NULL,"2027-04-03","2026-05-06 22:53:56.141247+00","2026-05-09 23:55:16.844999+00","A","2026-04-01"
"34e3b0ed-9bb3-4469-9d99-7a564131ec99","7709938216","RU000A10DBS2","ЭНИКА 1Р07","fix","to_maturity","SUR","TQCB","28.4209","772","8.579893e+06","1000","95.3","1","30","23","300000","7.56","2026-05-29",NULL,NULL,"2030-10-05","2026-05-06 22:53:56.141247+00","2026-05-09 23:55:16.844999+00","BBB","2025-08-12"
"34e881c9-b8e3-480c-af00-e3724430b469","7707083893","RU000A106L18","СберИОС577","fix","to_maturity","SUR","TQCB","10.2264","832","0","1000","80.1","1","35","0.01","364256","0","2026-05-25",NULL,NULL,"2028-08-21","2026-05-06 22:53:56.141247+00","2026-05-09 23:55:16.844999+00","","2026-04-10"
"34ecf8f0-ae61-42d8-8fb0-1652bef5b893","7841019595","RU000A10DLC5","АСВ 1Р04","fix","to_maturity","SUR","TQCB","24.9962","687","263592","1000","104.72","1","30","25","200000","10.96","2026-05-25",NULL,NULL,"2028-11-10","2026-05-06 22:53:56.141247+00","2026-05-09 23:55:16.844999+00","BB+","2026-05-07"
"34fd473c-de9a-445e-86bf-fdfa112d2c4b","5321029508","RU000A10BRM5","Акрон Б1P9","fix","to_maturity","SUR","TQCB","7.2093","872","4.531214e+06","1000","101.8446","1","30","7.75","200000","142.52592","2026-06-01",NULL,NULL,"2029-11-12","2026-05-06 22:53:56.141247+00","2026-05-09 23:55:16.844999+00","AA","2026-04-29"
"350d72d6-6b40-4a1f-9ec1-50ea3e68b580","7202066550","RU000A10E5S0","ТАЛК002P04","fix","to_maturity","SUR","TQCB","26.7823","610","757068","1000","100.06","1","30","24","300000","9.86","2026-05-26",NULL,NULL,"2030-01-05","2026-05-06 22:53:56.141247+00","2026-05-09 23:55:16.844999+00","BBB","2025-12-29"
"356042aa-f104-4e8a-9f67-2dfad9c46447","7702070139","RU000A104DE2","ВТБ Б1-295","fix","to_maturity","SUR","TQCB","0.032","227","0","1000","99.99","1","182","0.01","55025","0","2026-06-26",NULL,NULL,"2026-12-25","2026-05-06 22:53:56.141247+00","2026-05-09 23:55:16.844999+00","AAA","2026-04-10"
"35ab4d93-ea76-432b-9261-8c50f105476a","7000000885","RU000A1024L7","Томскобл20","fix","to_maturity","SUR","TQCB","14.9335","244","94376","400","95.17","1","90","6.7","2e+07","0.88","2026-07-28",NULL,NULL,"2027-07-23","2026-05-06 22:53:56.141247+00","2026-05-09 23:55:16.844999+00","BBB","2026-04-30"
"35b09ab9-1477-4a1d-8320-75a0ea67bd8b","7744001497","RU000A10D6L4","ГПБ004Р33","fix","to_maturity","SUR","TQCB","11.3891","930","0","1000","75.97","1","365","0.01","1.392479e+06","0.04","2026-11-28",NULL,NULL,"2028-11-27","2026-05-06 22:53:56.141247+00","2026-05-09 23:55:16.844999+00","AAA","2026-04-28"
"35f17681-4328-42af-9775-610536809bc1","7707083893","RU000A10EF52","Сбер Sb52R","fix","to_maturity","SUR","TQCB","14.1226","715","8.623305e+07","1000","101.81","1","30","14.2","7.1e+07","11.28","2026-05-12",NULL,NULL,"2028-08-29","2026-05-06 22:53:56.141247+00","2026-05-09 23:55:16.844999+00","","2026-04-10"
"36855493-5dc8-4e32-9280-8063bd8c5ed6","7710168360","SU26240RMFS0","ОФЗ 26240","fix","to_maturity","SUR","TQOB","14.6935","2348","5.2873057e+09","1000","61.768","1","182","7","6.5e+08","17.07","2026-08-12",NULL,NULL,"2036-07-30","2026-05-06 22:53:56.141247+00","2026-05-09 23:55:16.844999+00",NULL,NULL
"373ce234-aef3-4260-b367-a862553bd839","7744001497","RU000A108CH8","ГПБ004Р07","fix","to_maturity","SUR","TQCB","4.7439","19","3990","1000","99.76","1","365","0.01","144808","0.09","2026-05-30",NULL,NULL,"2026-05-30","2026-05-06 22:53:56.141247+00","2026-05-09 23:55:16.844999+00","AAA","2026-04-28"
"378a9eba-69d4-4538-a176-d248c2145334","6163011391","RU000A108BQ1","ЦентрИБ13","fix","to_maturity","SUR","TQCB","15.6574","332","0","1000","99.9","1","182","15","300000","7.81","2026-10-21",NULL,NULL,"2027-04-21","2026-05-06 22:53:56.141247+00","2026-05-09 23:55:16.844999+00","A","2025-05-29"
"37b0cd0b-9a19-409e-86cc-25a27b610847","7707083893","RU000A103AP6","СберИОС449","fix","to_maturity","SUR","TQCB","13.2867","804","0","1000","76","1","2562","0.01","359005","0","2028-07-24",NULL,NULL,"2028-07-24","2026-05-06 22:53:56.141247+00","2026-05-09 23:55:16.844999+00","","2026-04-10"
"38e2c6df-4b43-4f8e-a840-ef73c9d8b62b","9703209122","RU000A10C3F4","Сплит ПВ-1","fix","to_maturity","SUR","TQCB","17.4658","255","1.107891e+07","1000","100.2","1","30","16.5","9e+06","5.42","2026-05-29",NULL,NULL,"2029-09-29","2026-05-06 22:53:56.141247+00","2026-05-09 23:55:16.844999+00","AAA","2026-01-27"
"3937000e-a53e-4765-945b-665a80604395","7708330489","RU000A1018M7","СОПФ ФПФ 1","fix","to_maturity","SUR","TQCB","15.4088","223","48686","1000","95.45","1","91","6.84","1e+07","4.87","2026-07-15",NULL,NULL,"2026-12-25","2026-05-06 22:53:56.141247+00","2026-05-09 23:55:16.844999+00","AAA","2026-01-19"
"3941b98d-1abf-48b4-abdc-bbbd8b8c6716","7727290538","RU000A105NY6","ИАДОМ 1P31","fix","to_maturity","SUR","TQCB","10.9326","1217","989","525.93","94","1","92","0","6.084302e+07","0","2026-06-28",NULL,NULL,"2032-09-28","2026-05-06 22:53:56.141247+00","2026-05-09 23:55:16.844999+00","","2025-07-30"
"394f5a05-7501-4a9d-bad8-d4a94d20d3f9","7730233723","RU000A10EDV0","АйДиКол1P7","fix","other","SUR","TQCB","22.3914","96","5.048023e+06","1000","100.35","1","30","20.75","1.7e+06","7.39","2026-05-28","2028-02-22",NULL,"2030-02-06","2026-05-06 22:53:56.141247+00","2026-05-09 23:55:16.844999+00","BBB-","2025-08-01"
"39aca4d4-834b-499d-9c91-3d6a20fb22dd","7710168360","SU26244RMFS2","ОФЗ 26244","fix","to_maturity","SUR","TQOB","14.614","1873","1.88331e+09","1000","86.629","1","182","11.25","1.25e+09","14.49","2026-09-23",NULL,NULL,"2034-03-15","2026-05-06 22:53:56.141247+00","2026-05-09 23:55:16.844999+00",NULL,NULL
"39acb207-167e-4077-917a-b1fd93f1e5c0","1655096633","RU000A107480","ЛТрейд1P10","fix","to_maturity","SUR","TQCB","26.7031","454","589350","1000","89.89","1","30","16","200000","0.44","2026-05-10",NULL,NULL,"2028-09-26","2026-05-06 22:53:56.141247+00","2026-05-09 23:55:16.844999+00","BBB-","2025-06-05"
"39dcf5a0-0eb1-4c66-9f76-a477c56ba50f","7709673048","RU000A106GY8","ДрктЛиз2Р1","fix","to_maturity","SUR","TQCB","26.7019","217","22947","312.5","94.11","1","91","14","200000","4.67","2026-07-02",NULL,NULL,"2027-07-01","2026-05-06 22:53:56.141247+00","2026-05-09 23:55:16.844999+00","BB","2025-10-21"
"3a2581c0-dfa9-44b3-b751-08f0af3e1cec","7744000912","RU000A10ETQ6","ПСБ 4P-02","fix","to_maturity","SUR","TQCB","14.5172","863","2.5723452e+07","1000","101","1","30","14.05","4e+07","10.39","2026-05-14",NULL,NULL,"2029-03-29","2026-05-06 22:53:56.141247+00","2026-05-09 23:55:16.844999+00","AAA","2026-04-14"
"3aaa534b-6b71-4045-996c-880b24aaa177","2462224915","RU000A10BV89","Арктик 01","fix","to_maturity","SUR","TQCB","23.1482","586","576672","1000","111.7","1","30","28","150000","16.11","2026-05-20",NULL,NULL,"2028-06-08","2026-05-06 22:53:56.141247+00","2026-05-09 23:55:16.844999+00","BB","2025-06-20"
"3ab71327-5163-4c78-b7a8-36959921c3d2","5029169023","RU000A1082G5","sЕвТран2P1","fix","to_maturity","SUR","TQCB","46.2549","874","2.860135e+06","1000","54.1","1","30","15.5","2e+06","1.27","2026-06-07",NULL,NULL,"2031-02-11","2026-05-06 22:53:56.141247+00","2026-05-09 23:55:16.844999+00","","2026-04-14"
"3b1d8994-2c06-4401-8f39-ce079d953a26","7838360491","RU000A10EYH5","ЛСР БО2Р01","fix","to_maturity","SUR","TQCB","16.7691","748","1.9359764e+07","1000","100.09","1","30","15.65","1e+07","5.57","2026-05-28",NULL,NULL,"2029-04-12","2026-05-06 22:53:56.141247+00","2026-05-09 23:55:16.844999+00","A","2026-04-27"
"3b28ffa0-73ba-4675-80bd-cade14d7cea7","7707083893","RU000A103UP4","СберИОС476","fix","to_maturity","SUR","TQCB","28.852","174","0","1000","88.6","1","1833","0.01","368301","0","2026-11-02",NULL,NULL,"2026-11-02","2026-05-06 22:53:56.141247+00","2026-05-09 23:55:16.844999+00","","2026-04-10"
"3bd69046-4493-466b-82ce-baee1116e355","3652904371","RU000A10EJZ8","ЭкоНив1Р01","fix","to_maturity","SUR","TQCB","16.3758","818","1.6689166e+07","1000","103.39","1","30","16.75","9e+06","11.93","2026-05-15",NULL,NULL,"2029-02-28","2026-05-06 22:53:56.141247+00","2026-05-09 23:55:16.844999+00","A","2026-02-16"
"3bef46bd-9caa-4f94-a48c-078c81ef725e","7744001497","RU000A1084F3","ГПБ004Р05","fix","to_maturity","SUR","TQCB","15.6843","349","0","1000","86.97","1","365","0.01","167261","0","2027-04-26",NULL,NULL,"2027-04-26","2026-05-06 22:53:56.141247+00","2026-05-09 23:55:16.844999+00","AAA","2026-04-28"
"3c03d8cc-00ef-4762-b593-e4bffc767363","7841422483","RU000A107WF2","ПИР 1P1","fix","to_maturity","SUR","TQCB","30.4638","137","649040","500","96.88","1","30","18.5","150000","4.31","2026-05-24",NULL,NULL,"2027-02-18","2026-05-06 22:53:56.141247+00","2026-05-09 23:55:16.844999+00","BB","2025-11-21"
"3c0900c7-d34d-40a5-8102-3c7d9a8e645e","5321029508","RU000A108JH3","Акрон Б1P4","fix","to_maturity","SUR","TQCB","4.1183","11","285865","500","100.1101","1","91","7.75","1.5e+06","93.142944","2026-05-22",NULL,NULL,"2026-05-22","2026-05-06 22:53:56.141247+00","2026-05-09 23:55:16.844999+00","AA","2026-04-29"
"3c1332e9-5d17-46af-8fec-1746261d5253","9909152110","RU000A0JXT58","МежИнБ01P1","fix","to_maturity","SUR","TQCB","17.211","293","0","1000","88","1","182","0.01","1e+07","0.02","2026-08-31",NULL,NULL,"2027-03-01","2026-05-06 22:53:56.141247+00","2026-05-09 23:55:16.844999+00",NULL,NULL
"3c350f44-b113-498e-ba56-c74cb74e1a93","7744001497","RU000A10BPD8","ГПБ004Р21","fix","to_maturity","SUR","TQCB","15.377","414","862878","1000","85","1","365","0.01","735894","0.09","2026-06-30",NULL,NULL,"2027-06-30","2026-05-06 22:53:56.141247+00","2026-05-09 23:55:16.844999+00","AAA","2026-04-28"
"3c80aae3-f4f8-4c94-b7c8-c22e8fde8dcc","7826705374","RU000A10CC32","БалтЛизП19","fix","to_maturity","SUR","TQCB","18.9365","418","1.6762228e+07","1000","99.47","1","30","17","1e+07","0.47","2026-05-10",NULL,NULL,"2028-08-27","2026-05-06 22:53:56.141247+00","2026-05-09 23:55:16.844999+00","AA-","2026-01-28"
"3c8812e1-b172-4ebc-9bd5-b8b024812a56","7707083893","RU000A1044X0","СберИОС496","fix","to_maturity","SUR","TQCB","16.379","213","0","1000","91.5","1","364","0.01","246075","0","2026-12-11",NULL,NULL,"2026-12-11","2026-05-06 22:53:56.141247+00","2026-05-09 23:55:16.844999+00","","2026-04-10"
"3cc7a0de-7f7a-445f-ac9e-dfe7cff91139","5042015329","RU000A106FN3","СПМК БО-02","fix","to_maturity","SUR","TQCB","26.0178","240","398626","1000","94.09","1","90","14.4","300000","22.49","2026-06-13",NULL,NULL,"2027-06-08","2026-05-06 22:53:56.141247+00","2026-05-09 23:55:16.844999+00","B+","2025-07-31"
"3d26e98f-c50c-460a-a1c0-9b86aafc39c5","7726588547","RU000A101QN1","ГазпромКP4","fix","to_maturity","SUR","TQCB","14.2959","362","115635","1000","92.57","1","182","5.9","1.5e+07","26.99","2026-05-26",NULL,NULL,"2027-05-25","2026-05-06 22:53:56.141247+00","2026-05-09 23:55:16.844999+00","AAA","2026-04-08"
"3d4c6bb5-8433-46e8-86a8-990c17d3b195","6414002211","RU000A108U49","УрожайБО05","fix","to_maturity","SUR","TQCB","55.2412","407","331075","1000","61.17","1","91","0.01","160330","0.01","2026-06-24",NULL,NULL,"2027-06-23","2026-05-06 22:53:56.141247+00","2026-05-09 23:55:16.844999+00","CCC","2026-05-04"
"3da3b505-d62c-45dd-b1f1-d98c034ab7e8","1652009537","RU000A10BY45","НовТех1Р7","fix","to_maturity","SUR","TQCB","16.6831","366","1.649138e+06","1000","104.8","1","30","20.25","1.3e+06","7.21","2026-05-28",NULL,NULL,"2027-06-22","2026-05-06 22:53:56.141247+00","2026-05-09 23:55:16.844999+00","A","2025-12-05"
"3e0cba91-9e71-4b7f-bbae-9848096bbc8d","7733812126","RU000A107U65","ВЭББНКР 05","fix","to_maturity","SUR","TQCB","25.6886","262","158729","1000","95.26","1","30","17","150000","13.51","2026-05-12",NULL,NULL,"2027-08-05","2026-05-06 22:53:56.141247+00","2026-05-09 23:55:16.844999+00","BB","2026-03-18"
"3e1d4566-05a3-42b1-8628-39e20b6cc0ef","2309085638","RU000A10CL07","Магнит4P09","fix","to_maturity","SUR","TQCB","14.1881","425","1.706551e+06","1000","99.95","1","30","13.3","1.39e+07","6.19","2026-05-24",NULL,NULL,"2027-08-17","2026-05-06 22:53:56.141247+00","2026-05-09 23:55:16.844999+00","","2026-04-22"
"3e2267ee-b4e1-4345-aa72-2332f0d52889","7325001151","RU000A1077U6","Ульоб34006","fix","to_maturity","SUR","TQCB","13.7955","2","790539","400","100.01","1","91","14.5","3e+06","13.98","2026-05-14",NULL,NULL,"2026-05-14","2026-05-06 22:53:56.141247+00","2026-05-09 23:55:16.844999+00","BBB","2026-03-04"
"3e837d41-255b-4ddc-91c1-67ce4cddc390","9725029780","RU000A109R50","Самокат02","fix","to_maturity","SUR","TQCB","22.7699","302","46912","1000","101.9","1","30","23","94280","6.3","2026-05-31",NULL,NULL,"2027-09-23","2026-05-06 22:53:56.141247+00","2026-05-09 23:55:16.844999+00","BB-","2025-07-11"
"3edcae8e-bf57-4444-8883-b2f15a88f790","0278181110","RU000A100Q35","ПР-Лиз 1P3","fix","to_maturity","SUR","TQCB","18.2847","56","59216","1000","100.32","1","30","19","400000","1.56","2026-06-07",NULL,NULL,"2026-07-07","2026-05-06 22:53:56.141247+00","2026-05-09 23:55:16.844999+00","BBB+","2026-04-21"
"3f3ea547-2480-4698-b704-37d19d5c386a","7710168360","SU26238RMFS4","ОФЗ 26238","fix","to_maturity","SUR","TQOB","14.2049","2655","8.279284e+08","1000","58.254","1","182","7.1","1e+09","30.93","2026-06-03",NULL,NULL,"2041-05-15","2026-05-06 22:53:56.141247+00","2026-05-09 23:55:16.844999+00",NULL,NULL
"3f4b761e-73b3-4814-a484-9f3701f6bf6a","1655096633","RU000A107NJ3","ЛТрейд1P11","fix","to_maturity","SUR","TQCB","26.0813","521","1.130679e+06","1000","89.15","1","30","16","200000","11.4","2026-05-15",NULL,NULL,"2028-12-30","2026-05-06 22:53:56.141247+00","2026-05-09 23:55:16.844999+00","BBB-","2025-06-05"
"3f7e21c7-520d-4d9a-9a34-4f668d10ea6b","7708503727","RU000A10AZ45","РЖД 1Р-37R","fix","to_maturity","SUR","TQCB","14.5661","684","4.1657352e+07","1000","111.4","1","30","19.5","2.8e+07","10.15","2026-05-22",NULL,NULL,"2028-08-24","2026-05-06 22:53:56.141247+00","2026-05-09 23:55:16.844999+00","","2026-04-07"
"3fa436dc-2de0-48b0-a901-89545d3a6e92","7744000912","RU000A10CP78","ПСБ 4P-01","fix","to_maturity","SUR","TQCB","14.1339","727","3.061499e+06","1000","101.9","1","30","14.25","2.5e+07","1.56","2026-06-06",NULL,NULL,"2028-09-05","2026-05-06 22:53:56.141247+00","2026-05-09 23:55:16.844999+00","AAA","2026-04-14"
"3fe53d08-f24a-46b9-99ab-d5095539bad4","1402047184","RU000A10B1X2","Селигдар2Р","fix","to_maturity","SUR","TQCB","15.6257","270","6.067896e+06","1000","107.1","1","30","24","3.5e+06","3.95","2026-06-04",NULL,NULL,"2027-03-01","2026-05-06 22:53:56.141247+00","2026-05-09 23:55:16.844999+00","A+","2026-04-23"
"402a7f92-1778-44e2-a33a-dd26f9f1bdb7","7702508905","RU000A10DY27","АртгнБО02","fix","to_maturity","SUR","TQCB","19.7559","1097","843335","1000","108.74","1","30","21","300000","10.93","2026-05-22",NULL,NULL,"2030-11-27","2026-05-06 22:53:56.141247+00","2026-05-09 23:55:16.844999+00","BBB-","2025-07-14"
"405523d8-87ff-4cea-8b26-0ae7bfc2ac87","7727290538","RU000A102AP8","ИА ДОМ17P2","fix","to_maturity","SUR","TQCB","12.6924","1074","12085","272.15","80.74","1","89","5.2","7.244692e+06","2.79","2026-05-28",NULL,NULL,"2050-11-28","2026-05-06 22:53:56.141247+00","2026-05-09 23:55:16.844999+00","","2025-07-30"
"406256ab-17f3-4d7f-9cbe-ccdd6150f3f0","7724490000","RU000A0JXRD5","ПочтаРБ1P2","fix","to_maturity","SUR","TQCB","13.2569","328","127222","1000","102.1","1","182","15.15","5e+06","75.13","2026-05-12",NULL,NULL,"2027-05-11","2026-05-06 22:53:56.141247+00","2026-05-09 23:55:16.844999+00","AA","2026-04-20"
"40c15568-8101-42a3-a127-d1e2f5653390","7534018889","RU000A106MW0","ТГК-14 1Р2","fix","to_maturity","SUR","TQCB","19.196","413","3.881019e+06","1000","94.55","1","91","12.85","1.95e+06","4.58","2026-07-28",NULL,NULL,"2027-07-27","2026-05-06 22:53:56.141247+00","2026-05-09 23:55:16.844999+00","","2026-04-27"
"40cd2701-8ccd-49da-8ee3-2c1bfec1c1d6","7707083893","RU000A10BNR3","СберИОС724","fix","to_maturity","SUR","TQCB","3.9082","1518","0","1000","85.3","1","31","0.01","127529","0","2026-05-15",NULL,NULL,"2030-07-08","2026-05-06 22:53:56.141247+00","2026-05-09 23:55:16.844999+00","","2026-04-10"
"414c6e72-a580-4aaf-afb0-32324e65a519","7703428272","RU000A10E7D8","ЛКПРОГР-01","fix","to_maturity","SUR","TQCB","29.6385","711","1.063527e+06","1000","100.5","1","30","26.5","200000","3.63","2026-06-05",NULL,NULL,"2029-01-20","2026-05-06 22:53:56.141247+00","2026-05-09 23:55:16.844999+00","B+","2025-12-18"
"419bf335-38a2-44ea-a9ce-fcacb9c07dbc","7707083893","RU000A103LE7","СберИОС464","fix","to_maturity","SUR","TQCB","11.1299","864","0","1000","77.95","1","2561","0.01","786844","0","2028-09-21",NULL,NULL,"2028-09-21","2026-05-06 22:53:56.141247+00","2026-05-09 23:55:16.844999+00","","2026-04-10"
"41a78586-a5d2-4ddf-9d97-bbcba5b354c5","7826705374","RU000A10ATW2","БалтЛизП15","fix","to_maturity","SUR","TQCB","17.9826","291","3.627114e+06","1000","105.68","1","30","23.7","6e+06","11.04","2026-05-24",NULL,NULL,"2028-02-13","2026-05-06 22:53:56.141247+00","2026-05-09 23:55:16.844999+00","AA-","2026-01-28"
"41d853d5-34d2-4bad-bb19-1fc61ab3880e","5406697416","RU000A105LS2","Реиннол1P2","fix","to_maturity","SUR","TQCB","29.5825","199","357036","400","95.41","1","91","18","100000","12.23","2026-06-09",NULL,NULL,"2026-12-08","2026-05-06 22:53:56.141247+00","2026-05-09 23:55:16.844999+00","BB-","2025-10-02"
"41dacddd-2453-4958-8997-ac9f3803f954","7720932458","RU000A10EXU0","АдвТрак1Р3","fix","to_maturity","SUR","TQCB","26.2266","954","1.615625e+06","1000","101.27","1","30","24","500000","11.84","2026-05-23",NULL,NULL,"2031-03-28","2026-05-06 22:53:56.141247+00","2026-05-09 23:55:16.844999+00","BB-","2025-09-04"
"41f1e6a3-8f5f-4188-84da-eaa146162e2d","6625000100","RU000A108Y60","ПУБ001Р-01","fix","to_maturity","SUR","TQCB","20.6219","199","728666","585","101.69","1","30","22","300000","3.88","2026-05-30",NULL,NULL,"2027-06-24","2026-05-06 22:53:56.141247+00","2026-05-09 23:55:16.844999+00","BB","2025-10-10"
"4280280f-5066-4ff3-b05d-9073baa3162d","7707083893","RU000A10A6X2","СберИОС664","fix","to_maturity","SUR","TQCB","0.1121","622","0","1000","99.83","1","364","0.01","443868","0","2026-12-25",NULL,NULL,"2028-01-24","2026-05-06 22:53:56.141247+00","2026-05-09 23:55:16.844999+00","","2026-04-10"
"42a7b7c9-eb66-4cc0-b5ba-1d79336ec3b2","7707083893","RU000A103AM3","СберИОС435","fix","to_maturity","SUR","TQCB","16.7419","73","180420","1000","97","1","1830","0.01","105362","0","2026-07-23",NULL,NULL,"2026-07-23","2026-05-06 22:53:56.141247+00","2026-05-09 23:55:16.844999+00","","2026-04-10"
"42ae5fb5-1045-426f-912b-c8a7a985183a","1650032058","RU000A10CQ77","КАМАЗ БП16","fix","to_maturity","SUR","TQCB","16.345","437","3.788532e+06","1000","99.61","1","30","14.9","3.5e+06","0.41","2026-05-10",NULL,NULL,"2027-09-02","2026-05-06 22:53:56.141247+00","2026-05-09 23:55:16.844999+00","A+","2026-03-31"
"42e1202e-9b4f-4da4-acec-148be52ad6c5","7727290538","RU000A100DQ4","ИА ДОМ 9P2","fix","to_maturity","SUR","TQCB","14.9979","612","5881","111.72","92.42","1","91","9.5","7.297353e+07","1.05","2026-07-05",NULL,NULL,"2029-04-05","2026-05-06 22:53:56.141247+00","2026-05-09 23:55:16.844999+00","","2025-07-30"
"42e292fe-202b-486e-86c7-ae113084284b","9718077239","RU000A10BWC6","iПозитивР3","fix","to_maturity","SUR","TQCB","14.9871","597","6.920906e+06","1000","106.62","1","30","18","1e+07","8.88","2026-05-23",NULL,NULL,"2028-04-12","2026-05-06 22:53:56.141247+00","2026-05-09 23:55:16.844999+00","AA-","2026-03-25"
"43365fe2-719a-4f28-9525-263caf501e5b","6312147088","RU000A104WZ7","ЭлАп БО-01","fix","to_maturity","SUR","TQCB","23.4344","44","66998","1000","100.36","1","91","25","89861","31.51","2026-06-25",NULL,NULL,"2026-06-25","2026-05-06 22:53:56.141247+00","2026-05-09 23:55:16.844999+00","BB-","2025-09-03"
"433858e4-e683-4994-9e1f-1429529f3b6e","7706664260","RU000A10EJQ7","Атомэнпр11","fix","to_maturity","SUR","TQCB","14.553","1019","1.050673e+07","1000","102.44","1","91","14.7","5e+07","23.76","2026-06-12",NULL,NULL,"2029-12-07","2026-05-06 22:53:56.141247+00","2026-05-09 23:55:16.844999+00","AAA","2026-03-13"
"43499441-b257-4e00-9e35-40842da2d1b4","7707083893","RU000A103PF5","СберИОС469","fix","to_maturity","SUR","TQCB","10.0898","149","0","1000","96.2","1","1833","0.01","175389","0","2026-10-07",NULL,NULL,"2026-10-07","2026-05-06 22:53:56.141247+00","2026-05-09 23:55:16.844999+00","","2026-04-10"
"43527546-b44d-4790-8579-2fde77d3025f","7710168360","SU26237RMFS6","ОФЗ 26237","fix","to_maturity","SUR","TQOB","13.1766","945","1.3753084e+07","1000","85.878","1","182","6.7","4.1895312e+08","9.91","2026-09-16",NULL,NULL,"2029-03-14","2026-05-06 22:53:56.141247+00","2026-05-09 23:55:16.844999+00",NULL,NULL
"435515a9-f340-4453-a0a7-5868e17d9218","7707083893","RU000A107464","СберИОС590","fix","to_maturity","SUR","TQCB","7.7131","916","166000","1000","83","1","32","0.01","823095","0","2026-05-22",NULL,NULL,"2028-11-13","2026-05-06 22:53:56.141247+00","2026-05-09 23:55:16.844999+00","","2026-04-10"
"43da31c6-ae38-44ab-802d-40ab99aff856","7710168360","SU46020RMFS2","ОФЗ 46020","fix","to_maturity","SUR","TQOB","13.5283","2244","864313","1000","67.795","1","182","6.9","5.2299928e+07","16.83","2026-08-12",NULL,NULL,"2036-02-06","2026-05-06 22:53:56.141247+00","2026-05-09 23:55:16.844999+00",NULL,NULL
"43f2d568-33a0-495f-9ae5-241acf40ac08","7703104630","RU000A0JWZY6","СистемБ1P5","fix","to_maturity","SUR","TQCB","14.1893","176","19135","1000","100.73","1","91","15","1e+07","35.75","2026-05-15",NULL,NULL,"2026-11-13","2026-05-06 22:53:56.141247+00","2026-05-09 23:55:16.844999+00","AA-","2026-02-27"
"43f9ff5e-0e9d-468c-aa06-1c53e64eddbc","7705634425","RU000A10E7G1","НоваБев3Р2","fix","to_maturity","SUR","TQCB","14.589","752","585111","1000","103.21","1","30","15.25","5e+06","2.09","2026-06-05",NULL,NULL,"2029-01-20","2026-05-06 22:53:56.141247+00","2026-05-09 23:55:16.844999+00","","2026-04-17"
"442c914a-cb91-4061-8a82-77ab7a64ed7e","7714216826","RU000A107AW3","Аэрфью2Р02","fix","to_maturity","SUR","TQCB","18.4997","104","267019","750","99.61","1","91","16","1.4e+06","24","2026-05-29",NULL,NULL,"2026-11-27","2026-05-06 22:53:56.141247+00","2026-05-09 23:55:16.844999+00","A","2025-11-14"
"44661676-29bd-4988-a278-b294e5c33329","7709938216","RU000A103604","ЭНИКА 1Р02","fix","to_maturity","SUR","TQCB","30.8132","14","50993","150","99.4","1","91","13","100000","4.06","2026-05-26",NULL,NULL,"2026-05-26","2026-05-06 22:53:56.141247+00","2026-05-09 23:55:16.844999+00","BBB","2025-08-12"
"44669d54-9db3-40a1-8864-42fd51ce6400","0411137185","RU000A10DPJ1","ГрупПроБ02","fix","to_maturity","SUR","TQCB","25.9743","692","720719","1000","103.2","1","30","25","200000","6.16","2026-06-01",NULL,NULL,"2028-11-17","2026-05-06 22:53:56.141247+00","2026-05-09 23:55:16.844999+00","BB-","2025-07-23"
"446dfde4-d3f6-4730-8dc9-736c76e3e7cf","7446031217","RU000A1078K5","УльтраБО2","fix","to_maturity","SUR","TQCB","28.3539","470","163650","1000","92.1","1","30","18.75","100000","1.03","2026-05-09",NULL,NULL,"2027-10-31","2026-05-06 22:53:56.141247+00","2026-05-09 23:55:16.844999+00","","2025-07-28"
"44830705-73d9-48a0-916b-c7be59a86669","5829060635","RU000A1075R6","РегПрод1Р4","fix","to_maturity","SUR","TQCB","26.3991","152","263832","1000","98.09","1","30","19","100000","10.93","2026-05-20",NULL,NULL,"2026-10-17","2026-05-06 22:53:56.141247+00","2026-05-09 23:55:16.844999+00","","2026-04-28"
"4491991c-dd74-4292-a44e-c37c2b75bad8","2508064833","RU000A106P06","ВСК 1P-04R","fix","to_maturity","SUR","TQCB","15.0693","708","589564","1000","95.28","1","182","12","1.5e+07","33.21","2026-07-31",NULL,NULL,"2028-07-28","2026-05-06 22:53:56.141247+00","2026-05-09 23:55:16.844999+00","AA-","2026-03-20"
"454a773f-26fb-421b-b5d3-a5b6c4400720","7715825027","RU000A106KT0","МигКр 02","fix","to_maturity","SUR","TQCB","20.4415","37","23583","80","99.58","1","30","14.75","200000","0.23","2026-06-03",NULL,NULL,"2026-07-03","2026-05-06 22:53:56.141247+00","2026-05-09 23:55:16.844999+00","BB-","2025-06-25"
"4557bf04-129d-4887-a53b-a4723cb7ebed","7702070139","RU000A103166","ВТБ Б1-216","fix","to_maturity","SUR","TQCB","21.77","156","0","1000","91.93","1","182","0.01","316819","0.01","2026-10-14",NULL,NULL,"2026-10-14","2026-05-06 22:53:56.141247+00","2026-05-09 23:55:16.844999+00","AAA","2026-04-10"
"455db89a-dda4-43bc-8145-2ed4af6aaea5","9728011653","RU000A10EY26","ФЛИТ 1Р4","fix","to_maturity","SUR","TQCB","17.1144","377","0","1000","100.1","1","30","16","2e+06","7.45","2026-05-24",NULL,NULL,"2029-04-08","2026-05-06 22:53:56.141247+00","2026-05-09 23:55:16.844999+00","A-","2025-11-13"
"456254a3-fa96-4f56-86b4-c59737123889","5074092485","RU000A10B3T6","ИЭКХолд1Р3","fix","to_maturity","SUR","TQCB","15.9356","116","1.910131e+06","1000","102.83","1","30","23.75","2e+06","0","2026-05-11",NULL,NULL,"2026-09-08","2026-05-06 22:53:56.141247+00","2026-05-09 23:55:16.844999+00","A-","2026-03-04"
"456c4552-6c31-4e28-bcec-29f1b14ac65c","3900014756","RU000A10E9Z7","МКАОВокс02","fix","to_maturity","SUR","TQCB","20.9893","532","1.033511e+06","1000","101.17","1","30","20","500000","14.79","2026-05-14",NULL,NULL,"2028-02-03","2026-05-06 22:53:56.141247+00","2026-05-09 23:55:16.844999+00",NULL,NULL
"45aac791-d99a-4488-8bd0-b529652c3946","7713076301","RU000A105TY3","ВымпелК1Р6","fix","to_maturity","SUR","TQCB","14.6805","579","833444","1000","94.78","1","91","10.55","2.1795314e+07","24.28","2026-05-18",NULL,NULL,"2028-02-14","2026-05-06 22:53:56.141247+00","2026-05-09 23:55:16.844999+00","AA","2026-01-22"
"45ac7b29-7c58-4f98-9950-0b5861d6c961","7719402047","RU000A1071Q7","MTRCSPR001","fix","to_maturity","SUR","TQCB","15.3719","115","13995","700","99.97","1","91","14.5","300000","7.23","2026-07-15",NULL,NULL,"2026-10-14","2026-05-06 22:53:56.141247+00","2026-05-09 23:55:16.844999+00","A","2025-07-25"
"46277509-d709-47a1-948a-804182cd2028","7804016807","RU000A1070X5","АБЗ-1 1Р05","fix","to_maturity","SUR","TQCB","16.4191","96","2.258357e+06","340","99.14","1","30","12","2e+06","0.89","2026-06-02",NULL,NULL,"2026-09-30","2026-05-06 22:53:56.141247+00","2026-05-09 23:55:16.844999+00","","2026-04-24"
"4658056a-08d1-4ef9-a8c1-3440016a0bf4","5406780551","RU000A107GT6","СЕЛЛСерв1","fix","other","SUR","TQCB","25.9013","40","1.279765e+06","1000","99.98","1","30","24","250000","17.75","2026-05-14","2027-01-19",NULL,"2027-12-05","2026-05-06 22:53:56.141247+00","2026-05-09 23:55:16.844999+00","BB","2026-01-30"
"4697109b-9e20-49a8-a919-62bd4278c07f","7727290538","RU000A1093G2","ИАДОМ 1P46","fix","to_maturity","SUR","TQCB","14.4858","952","1964","651.24","100.5","1","89","0","1.7101653e+08","0","2026-05-28",NULL,NULL,"2056-02-28","2026-05-06 22:53:56.141247+00","2026-05-09 23:55:16.844999+00","","2025-07-30"
"469b9062-11b1-4efe-b99e-74cdcc5af132","7805485840","RU000A1086N2","CTRLлиз1Р2","fix","to_maturity","SUR","TQCB","43.7203","448","2.777454e+06","839.3","78.8","1","30","18.25","1e+06","11.33","2026-05-14",NULL,NULL,"2029-03-29","2026-05-06 22:53:56.141247+00","2026-05-09 23:55:16.844999+00","BB-","2026-02-03"
"46d3eec1-19d6-4be4-be41-84c8c8fd55ac","1652009537","RU000A10BFK4","НовТех1Р5","fix","to_maturity","SUR","TQCB","16.7379","298","446731","1000","106.47","1","30","23.25","400000","17.84","2026-05-13",NULL,NULL,"2027-04-08","2026-05-06 22:53:56.141247+00","2026-05-09 23:55:16.844999+00","A","2025-12-05"
"46ee5bf5-b52c-4055-a35a-a136375eebe3","7724490000","RU000A10D3J5","ПочтаР3P01","fix","to_maturity","SUR","TQCB","16.2226","588","1.6109002e+07","1000","103.4","1","30","17.2","4.77e+06","13.67","2026-05-12",NULL,NULL,"2028-04-01","2026-05-06 22:53:56.141247+00","2026-05-09 23:55:16.844999+00","AA","2026-04-20"
"4707ccb7-f25c-4053-885d-05a5ebf2d6ec","7708503727","RU000A1089U1","РЖДЗО28-3Р","fix","to_maturity","SUR","TQCB","14.8814","791","172200","100000","86.5","1","184","7.45","54856","1096.81","2026-09-18",NULL,NULL,"2028-09-18","2026-05-06 22:53:56.141247+00","2026-05-09 23:55:16.844999+00","","2026-04-07"
"4750893a-6b4e-4fbe-957f-0934b331b90d","5047254063","RU000A10BQ60","РОЛЬФ 1Р08","fix","to_maturity","SUR","TQCB","20.7856","334","2.409916e+06","1000","106.02","1","30","25.5","1.5e+06","9.08","2026-05-28",NULL,NULL,"2027-05-23","2026-05-06 22:53:56.141247+00","2026-05-09 23:55:16.844999+00","BBB+","2026-03-31"
"4820bc40-e288-4187-b7b0-7214754de33a","7702070139","RU000A10DMF6","ВТБ Б1-388","fix","to_maturity","SUR","TQCB","3.3058","228","0","1000","97.99","1","365","0.01","460221","0","2026-12-26",NULL,NULL,"2026-12-26","2026-05-06 22:53:56.141247+00","2026-05-09 23:55:16.844999+00","AAA","2026-04-10"
"483537a7-e7fd-4233-a94a-cf7d29f3f612","7707083893","RU000A10CL49","СберИОС752","fix","to_maturity","SUR","TQCB","2.0441","892","0","1000","95.2","1","364","0.01","67799","0","2026-09-25",NULL,NULL,"2028-10-20","2026-05-06 22:53:56.141247+00","2026-05-09 23:55:16.844999+00","","2026-04-10"
"483e860e-77df-4a6b-baa1-845d3b01f452","7744001497","RU000A10BF63","ГПБ004Р19","fix","to_maturity","SUR","TQCB","11.1319","383","0","1000","89.5","1","365","0.01","273345","0.09","2026-05-30",NULL,NULL,"2027-05-30","2026-05-06 22:53:56.141247+00","2026-05-09 23:55:16.844999+00","AAA","2026-04-28"
"4849f9aa-2105-4e0f-9136-c5217ce96d58","7713076301","RU000A105WP5","ВымпелК1Р7","fix","to_maturity","SUR","TQCB","14.684","866","310571","1000","90.76","1","91","9.85","1.3912712e+07","22.67","2026-05-18",NULL,NULL,"2029-02-12","2026-05-06 22:53:56.141247+00","2026-05-09 23:55:16.844999+00","AA","2026-01-22"
"485e01d8-b3ba-4a08-a9a8-b57cb7203155","7727290538","RU000A1018T2","ИА ДОМ13P2","fix","to_maturity","SUR","TQCB","11.8707","1070","1879","167.6","93.11","1","31","0","9.660808e+07","0","2026-06-07",NULL,NULL,"2050-05-07","2026-05-06 22:53:56.141247+00","2026-05-09 23:55:16.844999+00","","2025-07-30"
"48b1b155-7db4-49d9-99e6-a3f158e72ab6","7727290538","RU000A102L53","ИАДОМ Б1P6","fix","to_maturity","SUR","TQCB","13.7953","1139","6693","313.44","85.34","1","89","0","4.5718936e+07","0","2026-05-28",NULL,NULL,"2051-05-28","2026-05-06 22:53:56.141247+00","2026-05-09 23:55:16.844999+00","","2025-07-30"
"49c253f6-1bc5-40b0-b450-3523daf48b26","7710168360","SU26243RMFS4","ОФЗ 26243","fix","to_maturity","SUR","TQOB","14.7157","2267","1.13471104e+08","1000","74.905","1","182","9.8","7.5e+08","42.69","2026-06-03",NULL,NULL,"2038-05-19","2026-05-06 22:53:56.141247+00","2026-05-09 23:55:16.844999+00",NULL,NULL
"49cd860d-b693-4cf2-882f-42cf9d08f1c0","9717054493","RU000A106DK4","Фордевинд2","fix","to_maturity","SUR","TQCB","22.2796","19","236847","170","99.78","1","30","16","500000","0.82","2026-05-30",NULL,NULL,"2026-05-30","2026-05-06 22:53:56.141247+00","2026-05-09 23:55:16.844999+00","BB+","2025-10-24"
"49ce57e9-e456-40c8-a414-c1f936034311","7708503727","RU000A0JWHU2","РЖД БО-17","fix","other","SUR","TQCB","13.7654","1383","20815","1000","87.53","1","182","9.85","1.5e+07","48.04","2026-05-15","2031-05-14",NULL,"2041-04-26","2026-05-06 22:53:56.141247+00","2026-05-09 23:55:16.844999+00","","2026-04-07"
"49ee7b07-4393-4254-8bd0-ea248e23111f","7728168971","RU000A10E7M9","АЛЬФАБ1Р39","fix","to_maturity","SUR","TQCB","0.0171","1044","1000","1000","99.98","1","360","0.01","856301","0.02","2027-02-15",NULL,NULL,"2029-03-21","2026-05-06 22:53:56.141247+00","2026-05-09 23:55:16.844999+00","A+","2026-05-05"
"4a5d398b-c32d-4e9a-a575-ad7e4c3be71c","7710168360","SU26242RMFS6","ОФЗ 26242","fix","to_maturity","SUR","TQOB","13.2264","1042","7.257517e+07","1000","89.948","1","182","9","5.293566e+08","16.77","2026-09-02",NULL,NULL,"2029-08-29","2026-05-06 22:53:56.141247+00","2026-05-09 23:55:16.844999+00",NULL,NULL
"4a651c6c-ffd8-4b12-9453-350d0dcd8c1e","7727290538","RU000A106YR5","sИАДОМ1P37","fix","to_maturity","SUR","TQCB","6.169","1571","8030","747.69","97.5","1","30","0","2.9839164e+07","0","2026-05-23",NULL,NULL,"2033-09-23","2026-05-06 22:53:56.141247+00","2026-05-09 23:55:16.844999+00","","2025-07-30"
"4af23ad0-b524-4346-8aac-8ef064ecfb6e","7707083893","RU000A108E64","СберИОС622","fix","to_maturity","SUR","TQCB","2.4985","1126","910314","1000","92.7","1","33","0.01","1.11795e+06","0","2026-05-20",NULL,NULL,"2029-06-11","2026-05-06 22:53:56.141247+00","2026-05-09 23:55:16.844999+00","","2026-04-10"
"4b5ca26e-bb97-4d42-be8b-b68757b6a289","7707083893","RU000A10DM21","СберИОС775","fix","to_maturity","SUR","TQCB","2.8847","976","0","1000","92.7","1","364","0.01","176791","0","2026-12-11",NULL,NULL,"2029-01-12","2026-05-06 22:53:56.141247+00","2026-05-09 23:55:16.844999+00","","2026-04-10"
"4b754abd-e2c0-4293-9363-bb8eb5d3537e","7841019595","RU000A109TF4","АСВ 1Р03","fix","to_maturity","SUR","TQCB","26.7412","446","161475","1000","101.54","1","91","25.75","76934","16.93","2026-07-17",NULL,NULL,"2027-10-15","2026-05-06 22:53:56.141247+00","2026-05-09 23:55:16.844999+00","BB+","2026-05-07"
"4bb9d313-5d8a-4175-99cd-3e614ec4e107","7453326003","RU000A10BM56","АПРИ 2Р10","fix","other","SUR","TQCB","21.1123","4","4.592086e+06","1000","102.2","1","30","30.5","500000","20.05","2026-05-17","2026-08-28",NULL,"2030-04-26","2026-05-06 22:53:56.141247+00","2026-05-09 23:55:16.844999+00","BBB-","2025-10-24"
"4bf75303-4d26-4253-af8a-a53cf11cffa9","7810962785","RU000A10CU89","iСелктл1Р6","fix","to_maturity","SUR","TQCB","14.65","587","2.744667e+06","1000","102.68","1","30","15.4","6e+06","7.17","2026-05-24",NULL,NULL,"2028-03-14","2026-05-06 22:53:56.141247+00","2026-05-09 23:55:16.844999+00","","2026-04-06"
"4c4c9e8e-bbf6-46b2-b05c-30d9de91ad9d","9728011653","RU000A10ER41","ФЛИТ 1Р3","fix","to_maturity","SUR","TQCB","17.1822","471","5003","1000","100.05","1","30","16","1e+06","3.51","2026-06-02",NULL,NULL,"2029-03-18","2026-05-06 22:53:56.141247+00","2026-05-09 23:55:16.844999+00","A-","2025-11-13"
"4c800727-64ba-4b8b-bdae-13c00eee4ec2","1435027673","RU000A1010D3","Якут-13 об","fix","to_maturity","SUR","TQCB","14.5526","143","183205","300","97.4","1","91","6.95","5e+06","0.4","2026-08-03",NULL,NULL,"2026-11-02","2026-05-06 22:53:56.141247+00","2026-05-09 23:55:16.844999+00","A+","2026-04-02"
"4cdb30c7-4480-4955-b35c-f4a2fbfd6f9e","5029169023","RU000A10A133","ЕвроТранс4","fix","to_maturity","SUR","TQCB","20.4959","987","0","1000","84.29","1","30","14","57323","0","2026-06-04",NULL,NULL,"2029-10-16","2026-05-06 22:53:56.141247+00","2026-05-09 23:55:16.844999+00","","2026-04-14"
"4cf86bcc-0f7c-4f9e-b9cb-1cced14e2a52","7723609647","RU000A107FN1","ТЕХЛиз 1P6","fix","to_maturity","SUR","TQCB","27.2559","707","452730","1000","86.8","1","30","17","300000","0.93","2026-05-09",NULL,NULL,"2028-11-24","2026-05-06 22:53:56.141247+00","2026-05-09 23:55:16.844999+00","BB+","2025-11-21"
"4d086531-6e30-4cb8-9f9b-f285b6bbed0d","3905014118","RU000A105ND0","КалинОбл22","fix","to_maturity","SUR","TQCB","11.85","665","157961","1000","98.1","1","91","10.3","500000","14.96","2026-06-18",NULL,NULL,"2029-12-13","2026-05-06 22:53:56.141247+00","2026-05-09 23:55:16.844999+00","A+","2026-01-19"
"4d58298d-29a0-4d99-a195-2cae48f29fb5","7826705374","RU000A10D616","БалтЛизП20","fix","to_maturity","SUR","TQCB","18.8581","473","2.082679e+06","1000","101.75","1","30","18.75","1.5e+06","7.19","2026-05-27",NULL,NULL,"2028-11-12","2026-05-06 22:53:56.141247+00","2026-05-09 23:55:16.844999+00","AA-","2026-01-28"
"4d939384-6ceb-43d3-bce8-8117777bce15","7728168971","RU000A10E7N7","АЛЬФАБ1Р40","fix","to_maturity","SUR","TQCB","10.7803","1764","0","1000","60.99","1","360","0.01","955393","0.02","2027-02-15",NULL,NULL,"2031-03-11","2026-05-06 22:53:56.141247+00","2026-05-09 23:55:16.844999+00","A+","2026-05-05"
"4dc31e4e-39e1-4cf6-9d00-6ddb257b0754","6659083401","RU000A106J61","ПрактЛК1Р1","fix","to_maturity","SUR","TQCB","17.6112","57","1047","175","99.15","1","91","11","2e+06","1.79","2026-07-07",NULL,NULL,"2026-07-07","2026-05-06 22:53:56.141247+00","2026-05-09 23:55:16.844999+00","","2026-05-08"
"4e049e13-9cf4-4ab1-a4fd-cad59574095a","9704147373","RU000A109NC4","РКСЭталон4","fix","to_maturity","SUR","TQCB","12.7067","189","1.02967e+06","333.57","104.96","1","31","21.5","2e+07","1.96","2026-06-01",NULL,NULL,"2032-12-01","2026-05-06 22:53:56.141247+00","2026-05-09 23:55:16.844999+00","","2026-05-05"
"4e38ebf2-12c5-48c6-a4c9-1d76f7de986e","7727290538","RU000A105LN3","ИАДОМ 1P27","fix","to_maturity","SUR","TQCB","13.0181","1235","959","569.1","84.26","1","30","7.4","2.0597324e+07","1.5","2026-05-28",NULL,NULL,"2032-11-28","2026-05-06 22:53:56.141247+00","2026-05-09 23:55:16.844999+00","","2025-07-30"
"4e4a2f90-bfa8-40f6-9531-e118bf84532e","7703074601","RU000A0JVM32","ПЕРЕСВЕТБ3","fix","to_maturity","SUR","TQCB","13.8012","3328","0","1000","29","1","6636","0.51","113675","46.18","2035-06-21",NULL,NULL,"2035-06-21","2026-05-06 22:53:56.141247+00","2026-05-09 23:55:16.844999+00","BBB-","2025-07-07"
"4e80256d-e900-4642-94fc-fd682a03c0d2","9717068640","RU000A106HB4","iВУШ 1P2","fix","to_maturity","SUR","TQCB","26.6838","51","6.195275e+06","1000","98.27","1","91","11.8","4e+06","12.61","2026-07-02",NULL,NULL,"2026-07-02","2026-05-06 22:53:56.141247+00","2026-05-09 23:55:16.844999+00","BBB+","2026-04-01"
"4e929438-c30a-47bd-8211-ead99ae5ec31","9717068640","RU000A10EYU8","iВУШ 1P6","fix","to_maturity","SUR","TQCB","24.4771","789","8.289669e+06","1000","99.79","1","30","22","1e+06","7.84","2026-05-28",NULL,NULL,"2029-04-12","2026-05-06 22:53:56.141247+00","2026-05-09 23:55:16.844999+00","BBB+","2026-04-01"
"4f5a53d2-b80e-47b5-974d-e8cd6416ff26","2317084067","RU000A10F0X0","РКС2Р8","fix","to_maturity","SUR","TQCB","28.6007","757","1.6180221e+07","1000","100.17","1","30","25.5","600000","8.38","2026-05-29",NULL,NULL,"2029-04-13","2026-05-06 22:53:56.141247+00","2026-05-09 23:55:16.844999+00",NULL,NULL
"4fa8ae4b-0e8e-4f12-8715-40211412e4fb","5835115642","RU000A107TD3","МоторТ1Р04","fix","to_maturity","SUR","TQCB","45.0211","718","1.26531e+06","1000","65.45","1","91","18","220000","40.93","2026-05-19",NULL,NULL,"2029-02-13","2026-05-06 22:53:56.141247+00","2026-05-09 23:55:16.844999+00","BB-","2025-06-02"
"4fe59005-d19d-439a-9998-8ecf2af62c2f","7325001151","RU000A1087F6","Ульоб34008","fix","to_maturity","SUR","TQCB","15.2404","597","2.238021e+06","1000","102.5","1","91","16","3e+06","14.03","2026-07-09",NULL,NULL,"2029-04-05","2026-05-06 22:53:56.141247+00","2026-05-09 23:55:16.844999+00","BBB","2026-03-04"
"50a1045d-63d1-4cef-b10f-488ca4c41c4f","7707083893","RU000A108Z10","СберИОС634","fix","to_maturity","SUR","TQCB","11.1904","1184","0","1000","70.9","1","34","0.01","133947","0","2026-05-21",NULL,NULL,"2029-08-08","2026-05-06 22:53:56.141247+00","2026-05-09 23:55:16.844999+00","","2026-04-10"
"50b1e698-3577-4673-8fc0-d74352df3ee3","9718011220","RU000A10E7U2","ПКФ1Р1","fix","to_maturity","SUR","TQCB","32.3838","710","986458","1000","96.47","1","30","26.5","300000","0","2026-05-11",NULL,NULL,"2029-01-25","2026-05-06 22:53:56.141247+00","2026-05-09 23:55:16.844999+00","B","2025-12-22"
"50c086a8-b96b-4c5a-a32b-accbe2874ae4","9703180385","RU000A10B7T7","ТБ-3_01","fix","to_maturity","SUR","TQCB","11.4437","94","2.053189e+06","264.14","103.68","1","30","25","4.5e+06","2.71","2026-05-26",NULL,NULL,"2030-03-26","2026-05-06 22:53:56.141247+00","2026-05-09 23:55:16.844999+00",NULL,NULL
"50c0a6c3-c2f9-4e58-8111-9696a7d67306","5040145636","RU000A10DXM9","ТЕХНЛГ 03","fix","to_maturity","SUR","TQCB","22.9152","711","159921","1000","105.34","1","30","23.5","42382","12.88","2026-05-21",NULL,NULL,"2028-12-06","2026-05-06 22:53:56.141247+00","2026-05-09 23:55:16.844999+00","BB","2025-09-24"
"512857a8-c4e4-479a-bc14-e5bf3462c601","5047254063","RU000A10ASE2","РОЛЬФ 1Р07","fix","to_maturity","SUR","TQCB","19.9023","234","2.649166e+06","1000","105.02","1","30","26","1.6e+06","10.68","2026-05-26",NULL,NULL,"2027-01-21","2026-05-06 22:53:56.141247+00","2026-05-09 23:55:16.844999+00","BBB+","2026-03-31"
"51661987-2955-42f6-b57d-775879423f87","9704044804","RU000A10BPQ0","sСОПФДОМ13","fix","to_maturity","SUR","TQCB","13.3697","344","91351","1000","105","1","91","17.95","1e+07","36.39","2026-05-28",NULL,NULL,"2027-05-27","2026-05-06 22:53:56.141247+00","2026-05-09 23:55:16.844999+00","AAA","2026-05-05"
"519ca7ed-31b5-47b1-bac0-92ce04b5cee8","5834052005","RU000A10A505","Виллин1P1","fix","to_maturity","SUR","TQCB","36.6395","294","356670","1000","96.46","1","91","28","60000","59.07","2026-05-25",NULL,NULL,"2027-11-22","2026-05-06 22:53:56.141247+00","2026-05-09 23:55:16.844999+00","BB-","2025-09-22"
"51ed02fc-96c4-41e2-a7e2-5386af0beea4","6455041925","RU000A106R12","ЭконЛиз1Р5","fix","to_maturity","SUR","TQCB","21.8233","89","438557","1000","98.85","1","91","15.5","100000","37.79","2026-05-13",NULL,NULL,"2026-08-12","2026-05-06 22:53:56.141247+00","2026-05-09 23:55:16.844999+00","BBB-","2025-07-22"
"520f4b20-ac25-4113-bcf2-5c2f594b1f43","7727290538","RU000A0ZZCH9","ИА ДОМ 5P2","fix","to_maturity","SUR","TQCB","12.9792","1015","318","119.81","88.49","1","91","8","6.187764e+06","0.34","2026-07-28",NULL,NULL,"2043-04-28","2026-05-06 22:53:56.141247+00","2026-05-09 23:55:16.844999+00","","2025-07-30"
"52390d1a-8b66-4da2-b4f2-3ad5ed127ea5","5829060635","RU000A103NE3","РегПрод1Р2","fix","to_maturity","SUR","TQCB","34.22","67","1914","250","96.62","1","91","11.5","60000","5.28","2026-06-04",NULL,NULL,"2026-09-03","2026-05-06 22:53:56.141247+00","2026-05-09 23:55:16.844999+00","","2026-04-28"
"525071ce-610a-4adc-815c-f6b4bd1c67ff","6661004608","RU000A102CT6","СвердлОбл9","fix","to_maturity","SUR","TQCB","14.6731","345","299672","400","92.98","1","91","6.25","8e+06","6.1","2026-05-13",NULL,NULL,"2027-11-17","2026-05-06 22:53:56.141247+00","2026-05-09 23:55:16.844999+00","AA+","2026-04-29"
"525c4de7-d4c6-4d25-bfa8-bfc425534486","7708503727","RU000A10C8C0","РЖД 1Р-44R","fix","to_maturity","SUR","TQCB","14.6157","836","3.2726174e+07","1000","100.54","1","30","13.95","4e+07","5.35","2026-05-27",NULL,NULL,"2029-02-10","2026-05-06 22:53:56.141247+00","2026-05-09 23:55:16.844999+00","","2026-04-07"
"52a4978d-4ef4-4281-9663-0978c3a5e777","9704147373","RU000A10CW87","РКСЭталон6","fix","to_maturity","SUR","TQCB","16.0368","276","1.314e+07","693.32","102.29","1","31","18","3.75e+07","2.39","2026-06-04",NULL,NULL,"2032-12-04","2026-05-06 22:53:56.141247+00","2026-05-09 23:55:16.844999+00","","2026-05-05"
"52fd6163-8fce-45ab-8d89-686b55e81c51","7744001497","RU000A108LS6","ГПБ004Р08","fix","to_maturity","SUR","TQCB","12.2731","48","507224","1000","98.49","1","365","0.01","281381","0.09","2026-06-28",NULL,NULL,"2026-06-28","2026-05-06 22:53:56.141247+00","2026-05-09 23:55:16.844999+00","AAA","2026-04-28"
"5300c6a5-ce8d-475a-98c1-21aea6dfc288","2460066195","RU000A1057P8","РусГидрБП6","fix","to_maturity","SUR","TQCB","13.7091","127","304035","1000","98.4","1","182","8.5","2e+07","12.81","2026-09-15",NULL,NULL,"2026-09-15","2026-05-06 22:53:56.141247+00","2026-05-09 23:55:16.844999+00","","2026-04-02"
"53c80d4d-9a3d-4058-9482-fd154696696f","7707083893","RU000A10CQZ7","СберИОС757","fix","to_maturity","SUR","TQCB","0.7105","899","0","1000","98.3","1","365","0.01","252605","0","2026-09-29",NULL,NULL,"2028-10-27","2026-05-06 22:53:56.141247+00","2026-05-09 23:55:16.844999+00","","2026-04-10"
"53d43183-7836-4f2f-bf0b-a928e046bd8b","7707083893","RU000A107Q04","СберИОС604","fix","to_maturity","SUR","TQCB","8.9805","1017","0","1000","78.7","1","365","0.01","345947","0","2027-02-26",NULL,NULL,"2029-02-22","2026-05-06 22:53:56.141247+00","2026-05-09 23:55:16.844999+00","","2026-04-10"
"541b1e23-448f-480d-8b4b-a1c101adf56d","7830002430","RU000A102A15","СПбГО35003","fix","to_maturity","SUR","TQCB","14.3655","259","64399","500","94.79","1","182","6.05","3e+07","2.24","2026-10-13",NULL,NULL,"2027-04-13","2026-05-06 22:53:56.141247+00","2026-05-09 23:55:16.844999+00","AAA","2026-04-24"
"542ae3d6-badf-41d8-b0e0-494a317e40d4","5905058800","RU000A10A794","Автом01CNY","fix","to_maturity","SUR","TQCB","19.4624","514","246349","100","104.0024","1","91","21","170000","42.896217","2026-06-03",NULL,NULL,"2028-05-31","2026-05-06 22:53:56.141247+00","2026-05-09 23:55:16.844999+00","BB","2025-10-06"
"545d62bc-96e1-4e6f-a227-9af8380c552d","7707083893","RU000A10CC08","СберИОС750","fix","to_maturity","SUR","TQCB","2.1838","871","950","1000","95","1","364","0.01","538308","0","2026-08-28",NULL,NULL,"2028-09-29","2026-05-06 22:53:56.141247+00","2026-05-09 23:55:16.844999+00","","2026-04-10"
"5493cc8e-4629-4715-b490-0f109043dc0c","4716016979","RU000A10BT34","Россет1Р17","fix","to_maturity","SUR","TQCB","13.5068","359","1.894412e+06","1000","103.26","1","30","16","1.5e+07","12.27","2026-05-13",NULL,NULL,"2027-06-07","2026-05-06 22:53:56.141247+00","2026-05-09 23:55:16.844999+00","","2026-05-05"
"54968724-5c10-4f3f-8cfa-dd33e241fb43","7750004150","RU000A107XD5","ВЭБ2Р-44","fix","to_maturity","SUR","TQCB","13.5898","504","0","1000","102.8","1","182","15.2","3e+07","62.88","2026-06-11",NULL,NULL,"2027-12-09","2026-05-06 22:53:56.141247+00","2026-05-09 23:55:16.844999+00","","2026-05-06"
"549f87b8-0da8-4ba0-8972-1371369c18bc","7707083893","RU000A10BWP8","СберИОС734","fix","to_maturity","SUR","TQCB","3.4601","839","925005","1000","92.5","1","365","0.01","442015","0","2026-07-29",NULL,NULL,"2028-08-28","2026-05-06 22:53:56.141247+00","2026-05-09 23:55:16.844999+00","","2026-04-10"
"551e9bcc-421a-4d92-a95c-66ca34c041e2","7810245481","RU000A1084B2","СэтлГрБ2P3","fix","to_maturity","SUR","TQCB","17.4029","285","4.485993e+06","1000","100.66","1","30","17","1.2e+07","10.71","2026-05-18",NULL,NULL,"2027-03-14","2026-05-06 22:53:56.141247+00","2026-05-09 23:55:16.844999+00","A-","2026-05-08"
"552145ff-5f46-4b05-b9e2-42480eae071e","9703149829","RU000A107Q12","ИнвОбл02","fix","to_maturity","SUR","TQCB","12.8374","1032","0","1000","71.07","1","365","0.01","100000","0.02","2027-03-09",NULL,NULL,"2029-03-09","2026-05-06 22:53:56.141247+00","2026-05-09 23:55:16.844999+00","AA-","2026-04-15"
"557b43cb-3817-46f5-bab6-98aab1d24acd","7707083893","RU000A106SD7","СберИОС582","fix","to_maturity","SUR","TQCB","10.4734","864","0","1000","79","1","29","0.01","1.494811e+06","0","2026-05-29",NULL,NULL,"2028-09-22","2026-05-06 22:53:56.141247+00","2026-05-09 23:55:16.844999+00","","2026-04-10"
"5617d8c6-a1e3-4b71-b590-e4882f4b343e","7707049388","RU000A10B214","РостелP15R","fix","to_maturity","SUR","TQCB","14.2477","275","1.1775824e+07","1000","104.08","1","30","18.75","1.5e+07","2.57","2026-06-05",NULL,NULL,"2027-03-02","2026-05-06 22:53:56.141247+00","2026-05-09 23:55:16.844999+00","AAA","2026-04-27"
"56294938-4439-4699-b965-5c0ebcb75692","7825392577","RU000A0JRJL7","ЗСД 02","fix","to_maturity","SUR","TQCB","7.6641","1428","0","1000","111.99","1","182","10.44","5e+06","0","2026-05-19",NULL,NULL,"2031-05-13","2026-05-06 22:53:56.141247+00","2026-05-09 23:55:16.844999+00","AA","2026-04-14"
"5695a332-3b88-4dbf-acd1-d923f7f3cff4","7713076301","RU000A105YK2","ВымпелК1Р3","fix","to_maturity","SUR","TQCB","14.0307","332","3790","1000","94.75","1","91","7.3","9.180071e+06","4.4","2026-07-19",NULL,NULL,"2027-04-18","2026-05-06 22:53:56.141247+00","2026-05-09 23:55:16.844999+00","AA","2026-01-22"
"570dfb22-cae0-47b3-8fb2-a9f735cf2b3e","7726290542","RU000A10DRZ3","СолСАТЛ02","fix","to_maturity","SUR","TQCB","28.2216","649","84470","1000","101.55","1","30","26","250000","0.71","2026-05-10",NULL,NULL,"2030-11-15","2026-05-06 22:53:56.141247+00","2026-05-09 23:55:16.844999+00","B+","2026-04-27"
"573af0ff-4d53-4559-8895-47941570dce2","6661004608","RU000A1016N9","СвердлОбл6","fix","to_maturity","SUR","TQCB","14.7318","213","29284","250","95.89","1","91","6.7","5e+06","2.85","2026-06-09",NULL,NULL,"2026-12-15","2026-05-06 22:53:56.141247+00","2026-05-09 23:55:16.844999+00","AA+","2026-04-29"
"57cf48bb-0f58-4399-a738-822e280ffb86","7841422483","RU000A10C5P8","ПИР 1P4","fix","to_maturity","SUR","TQCB","30.2257","446","1.3915289e+07","1000","102.2","1","30","28.5","300000","17.18","2026-05-19",NULL,NULL,"2028-07-07","2026-05-06 22:53:56.141247+00","2026-05-09 23:55:16.844999+00","BB","2025-11-21"
"57fa30ba-981a-4434-a22b-4abd6adc613c","9704147373","RU000A1062J1","РКСЭталон2","fix","to_maturity","SUR","TQCB","17.031","95","173740","141.81","98.75","1","31","11","1e+07","0.34","2026-06-03",NULL,NULL,"2031-04-03","2026-05-06 22:53:56.141247+00","2026-05-09 23:55:16.844999+00","","2026-05-05"
"5854b856-3881-4765-8aca-bfa1cdc6855d","7707049388","RU000A10EBE0","РостелP23R","fix","to_maturity","SUR","TQCB","14.1217","563","250002","1000","101.97","1","30","14.55","2e+07","8.77","2026-05-19",NULL,NULL,"2028-02-08","2026-05-06 22:53:56.141247+00","2026-05-09 23:55:16.844999+00","AAA","2026-04-27"
"588e8f7b-7f9d-4b04-814f-dbdc7727d744","7714431630","RU000A10EXJ3","МэйлБ1Р2","fix","to_maturity","SUR","TQCB","15.033","869","9.524898e+06","1000","100.15","1","30","14.15","2.5e+06","7.37","2026-05-22",NULL,NULL,"2029-04-06","2026-05-06 22:53:56.141247+00","2026-05-09 23:55:16.844999+00","AA","2026-04-22"
"59595896-11b7-4183-84f1-cceed06cb43b","5024171100","RU000A106SL0","ИСТРСЫР 02","fix","to_maturity","SUR","TQCB","16.4724","47","225474","500","99.89","1","30","14.5","100000","5.16","2026-05-15",NULL,NULL,"2026-08-13","2026-05-06 22:53:56.141247+00","2026-05-09 23:55:16.844999+00","","2025-06-25"
"5984e158-f7e5-47d0-b56e-a3445c9bc2a7","7705634425","RU000A104Y15","НоваБевБП5","fix","to_maturity","SUR","TQCB","15.2538","266","1.797235e+06","1000","97.25","1","182","10.85","7e+06","37.16","2026-07-07",NULL,NULL,"2027-07-06","2026-05-06 22:53:56.141247+00","2026-05-09 23:55:16.844999+00","","2026-04-17"
"59999e9f-3069-4a02-9dcc-8c9f2f54cfd7","9718236471","RU000A10CCG7","iКарРус1P7","fix","to_maturity","SUR","TQCB","28.1107","402","3.546554e+06","1000","92.9","1","30","18.25","1.5e+06","1","2026-05-09",NULL,NULL,"2027-08-02","2026-05-06 22:53:56.141247+00","2026-05-09 23:55:16.844999+00","BBB+","2026-05-05"
"599f0ab3-46e4-4f85-8de1-7683d609a3a5","7707049388","RU000A103EZ7","Ростел2P6R","fix","to_maturity","SUR","TQCB","14.0937","66","397174","1000","98.93","1","182","7.7","1.5e+07","24.26","2026-07-17",NULL,NULL,"2026-07-17","2026-05-06 22:53:56.141247+00","2026-05-09 23:55:16.844999+00","AAA","2026-04-27"
"59f37e17-5f20-46e5-b622-b49f44eb2d2b","7727290538","RU000A105898","ИАДОМ 1P21","fix","to_maturity","SUR","TQCB","9.1608","1201","4170","608.72","97.87","1","91","8.2","2.317051e+06","1.78","2026-07-28",NULL,NULL,"2032-07-28","2026-05-06 22:53:56.141247+00","2026-05-09 23:55:16.844999+00","","2025-07-30"
"5a17902a-7417-4b8a-8993-5f02f6d13c0d","1402047184","RU000A10EXW6","Селигдар11","fix","to_maturity","SUR","TQCB","17.0275","767","6.965424e+07","1000","99.85","1","30","15.75","3.6e+06","7.77","2026-05-23",NULL,NULL,"2029-04-07","2026-05-06 22:53:56.141247+00","2026-05-09 23:55:16.844999+00","A+","2026-04-23"
"5a3a5f16-9d71-461d-9237-50fc8602f7c9","7709971326","RU000A10BLG0","Интерск2P1","fix","to_maturity","CNY","TQOY","14.1423","342","11270","100","103.4699","1","30","17","395000","0.05","2026-05-11",NULL,NULL,"2028-04-30","2026-05-06 22:53:56.141247+00","2026-05-09 23:55:16.844999+00","BB+","2025-07-23"
"5a737abf-3a0c-402d-944b-9bff89c96557","7707083893","RU000A103G42","Сбер Sb29R","fix","to_maturity","SUR","TQCB","12.5174","80","1.711898e+06","1000","98.97","1","182","7.43","4e+06","20.56","2026-07-31",NULL,NULL,"2026-07-31","2026-05-06 22:53:56.141247+00","2026-05-09 23:55:16.844999+00","","2026-04-10"
"5a75ff4c-3545-4a5f-80fe-a6ac18b2dd91","2460066195","RU000A10A6B8","РусГид2Р02","fix","to_maturity","SUR","TQCB","14.8024","11","414270","1000","100.27","1","30","23","2e+07","11.97","2026-05-22",NULL,NULL,"2026-05-22","2026-05-06 22:53:56.141247+00","2026-05-09 23:55:16.844999+00","","2026-04-02"
"5a9b3363-d288-4dfa-b9b9-29b56dbe33f6","7703413614","RU000A10EAB8","АРЕНЗА1Р07","fix","to_maturity","SUR","TQCB","17.8029","630","261191","1000","104.38","1","31","19","400000","11.45","2026-05-20",NULL,NULL,"2029-03-08","2026-05-06 22:53:56.141247+00","2026-05-09 23:55:16.844999+00","BBB+","2026-03-03"
"5a9c41c1-0bca-47ad-8e26-63b17740f9bf","6316103050","RU000A1079G1","МаниКап1Р2","fix","to_maturity","SUR","TQCB","30.8318","120","29785","1000","96.08","1","30","15","150000","10.27","2026-05-16",NULL,NULL,"2026-11-12","2026-05-06 22:53:56.141247+00","2026-05-09 23:55:16.844999+00","BB-","2025-09-02"
"5ab70444-faa3-47f3-a271-fcaa18290b2b","9703149829","RU000A109775","ИнвОбл10","fix","to_maturity","SUR","TQCB","0.0355","143","0","1000","99.99","1","365","0.01","70000","0.06","2026-10-02",NULL,NULL,"2026-10-02","2026-05-06 22:53:56.141247+00","2026-05-09 23:55:16.844999+00","AA-","2026-04-15"
"5b208c2a-e1ac-4059-ac1d-12f3c2afc4c0","6164218952","RU000A10CLD5","МСБЛиз3P06","fix","other","SUR","TQCB","22.6949","58","754376","1000","102.41","1","30","23","300000","10.08","2026-05-25","2027-08-23",NULL,"2029-08-07","2026-05-06 22:53:56.141247+00","2026-05-09 23:55:16.844999+00","","2025-07-04"
"5b388685-cbfd-43f4-b532-a54100ec77d0","7826705374","RU000A10BZJ4","БалтЛизП18","fix","to_maturity","SUR","TQCB","18.8196","369","3.750517e+06","1000","101.65","1","30","19","7.5e+06","12.49","2026-05-17",NULL,NULL,"2028-07-05","2026-05-06 22:53:56.141247+00","2026-05-09 23:55:16.844999+00","AA-","2026-01-28"
"5b421556-c73a-4da1-b450-7d1274f03165","9714073258","RU000A107AZ6","Саммит 1P2","fix","to_maturity","SUR","TQCB","21.2266","95","0","292.8","98.86","1","30","15","150000","2.65","2026-05-19",NULL,NULL,"2026-11-15","2026-05-06 22:53:56.141247+00","2026-05-09 23:55:16.844999+00","BB","2025-10-15"
"5b4a0bbf-abcb-41fc-9b77-5cc669f38ae9","7710168360","SU26207RMFS9","ОФЗ 26207","fix","to_maturity","SUR","TQOB","13.1949","260","2.5390478e+07","1000","96.815","1","182","8.15","3.702006e+08","21.44","2026-08-05",NULL,NULL,"2027-02-03","2026-05-06 22:53:56.141247+00","2026-05-09 23:55:16.844999+00",NULL,NULL
"5bd0f658-0d74-4ca9-9935-03db68331640","7720261827","RU000A0JWST1","ГТЛК БО-08","fix","to_maturity","SUR","TQCB","13.7845","112","3856","1000","96.11","1","182","0.1","5e+06","0.19","2026-09-01",NULL,NULL,"2026-09-01","2026-05-06 22:53:56.141247+00","2026-05-09 23:55:16.844999+00","AA-","2026-03-23"
"5c506671-cef6-484a-ae30-ea5edaedc55d","2460066195","RU000A10A8H1","РусГид2Р04","fix","to_maturity","SUR","TQCB","14.9603","47","1.270536e+06","1000","101.16","1","30","23","1.15e+07","7.56","2026-05-29",NULL,NULL,"2026-06-28","2026-05-06 22:53:56.141247+00","2026-05-09 23:55:16.844999+00","","2026-04-02"
"5cfd883a-101d-4aa8-9b84-e53f66483420","6164218952","RU000A108AJ8","МСБЛиз3P03","fix","to_maturity","SUR","TQCB","21.7666","168","243871","366.73","99.16","1","30","18","278894","0.54","2026-06-07",NULL,NULL,"2027-04-03","2026-05-06 22:53:56.141247+00","2026-05-09 23:55:16.844999+00","","2025-07-04"
"5d38e0eb-fbfb-44f0-bf76-dc888ae414f4","3906406196","RU000A10DSY4","СовкоКап01","fix","to_maturity","SUR","TQCB","18.4013","731","4.576898e+06","1000","102.88","1","30","19","1e+07","14.05","2026-05-14",NULL,NULL,"2029-11-24","2026-05-06 22:53:56.141247+00","2026-05-09 23:55:16.844999+00",NULL,NULL
"5d55dfc6-ee49-4a19-8304-6aac58a37c4e","6316031581","RU000A106938","НОВАТЭК1Р1","fix","to_maturity","SUR","TQCB","12.3154","8","774359","1000","99.94","1","91","9.1","3e+07","20.69","2026-05-19",NULL,NULL,"2026-05-19","2026-05-06 22:53:56.141247+00","2026-05-09 23:55:16.844999+00","AAA","2025-10-15"
"5ddc2e7f-a8ea-4759-8bb2-77063455fd6d","7720261827","RU000A10C6F7","sГТЛК 2P-9","fix","to_maturity","SUR","TQCB","16.7384","689","9.78543e+06","1000","102.23","1","30","16.75","2e+07","9.18","2026-05-21",NULL,NULL,"2029-07-04","2026-05-06 22:53:56.141247+00","2026-05-09 23:55:16.844999+00","AA-","2026-03-23"
"5de8d187-8139-4752-b162-952ec0478472","7805113497","RU000A10DJH8","ПКТ 2P1","fix","to_maturity","SUR","TQCB","15.5527","978","9.980671e+06","1000","103.44","1","91","15.99","7.5e+06","35.48","2026-05-21",NULL,NULL,"2029-11-15","2026-05-06 22:53:56.141247+00","2026-05-09 23:55:16.844999+00","","2026-03-20"
"5e28f246-c0b2-4b0d-8deb-d53c94ab1985","7420000133","RU000A10C6M3","Уралкуз1Р1","fix","to_maturity","SUR","TQCB","18.1133","383","443411","1000","103.44","1","30","20","1e+06","10.96","2026-05-21",NULL,NULL,"2027-07-15","2026-05-06 22:53:56.141247+00","2026-05-09 23:55:16.844999+00","A-","2025-10-31"
"5e43c922-9c14-4877-9408-dac7551d8090","7728192413","RU000A103DY2","БЭЛТИ БОП4","fix","to_maturity","SUR","TQCB","28.0201","139","224955","345","95.25","1","30","12.25","250000","2.55","2026-05-19",NULL,NULL,"2027-02-13","2026-05-06 22:53:56.141247+00","2026-05-09 23:55:16.844999+00","BB-","2025-08-29"
"5e6e0a76-01ba-4eb1-9218-0b94f5cfbe39","9717068640","RU000A10BS76","iВУШ 1P4","fix","to_maturity","SUR","TQCB","24.4621","613","1.4136999e+07","1000","97","1","30","20.25","5e+06","2.22","2026-06-06",NULL,NULL,"2028-05-26","2026-05-06 22:53:56.141247+00","2026-05-09 23:55:16.844999+00","BBB+","2026-04-01"
"5eb64c46-d522-4bc5-8aea-732870a018df","7730233723","RU000A10B2P6","АйДиКол1P1","fix","to_maturity","SUR","TQCB","22.3282","536","1.4445861e+07","1000","108.5","1","30","26","1.3e+06","2.14","2026-06-07",NULL,NULL,"2028-02-27","2026-05-06 22:53:56.141247+00","2026-05-09 23:55:16.844999+00","BBB-","2025-08-01"
"5f33164b-fed4-4a2b-84ae-bd94caa58342","5835115642","RU000A103U69","МоторТ1Р03","fix","to_maturity","SUR","TQCB","22.9847","93","86551","250","97.64","1","91","11.75","100000","3.3","2026-06-30",NULL,NULL,"2026-09-29","2026-05-06 22:53:56.141247+00","2026-05-09 23:55:16.844999+00","BB-","2025-06-02"
"5f36fa3e-f878-41ce-8efb-fa3da17dfba9","7706640206","RU000A109UE5","РАТ 001-01","fix","to_maturity","SUR","TQCB","19.5658","440","18036","1000","106.18","1","30","23","16546","15.75","2026-05-16",NULL,NULL,"2027-10-08","2026-05-06 22:53:56.141247+00","2026-05-09 23:55:16.844999+00","BB+","2025-12-03"
"5f393a3e-952a-4ef8-a55b-220737a17e16","2130155947","RU000A10DTB0","ЭЛТЕРА-01","fix","to_maturity","SUR","TQCB","18.5767","489","454347","1000","105.26","1","30","21","150000","14.96","2026-05-15",NULL,NULL,"2027-12-06","2026-05-06 22:53:56.141247+00","2026-05-09 23:55:16.844999+00","BBB","2025-11-17"
"5f49e47a-7808-42c0-aab0-e66584fd91ea","7707083893","RU000A10DDA6","СберИОС773","fix","to_maturity","SUR","TQCB","1.3332","961","0","1000","96.6","1","364","0.01","219364","0","2026-11-27",NULL,NULL,"2028-12-28","2026-05-06 22:53:56.141247+00","2026-05-09 23:55:16.844999+00","","2026-04-10"
"5f579099-ad61-4834-b6f7-9e813cfa4813","9725029780","RU000A10BYR0","Самокат03","fix","to_maturity","SUR","TQCB","26.3081","594","726983","1000","105.62","1","30","27","300000","8.88","2026-05-29",NULL,NULL,"2028-06-17","2026-05-06 22:53:56.141247+00","2026-05-09 23:55:16.844999+00","BB-","2025-07-11"
"5faa7ba8-d24c-47ab-90ba-17e0b15c984c","0010038193","RU000A101RZ3","Казахст11","fix","to_maturity","SUR","TQCB","14.8185","1343","425023","1000","76.94","1","182","7","1e+07","10.36","2026-09-16",NULL,NULL,"2030-09-11","2026-05-06 22:53:56.141247+00","2026-05-09 23:55:16.844999+00",NULL,NULL
"5fb635b2-c474-43c8-8062-893c96005149","7804016807","RU000A10DCK7","АБЗ-1 2Р04","fix","to_maturity","SUR","TQCB","18.4656","561","7.663003e+06","1000","103.77","1","30","19.5","3e+06","5.88","2026-05-30",NULL,NULL,"2028-10-16","2026-05-06 22:53:56.141247+00","2026-05-09 23:55:16.844999+00","","2026-04-24"
"60207678-4f2e-492d-be53-10f6fc2780d8","7702070139","RU000A10EFP7","ВТБ Б1-331","fix","to_maturity","SUR","TQCB","1.1","337","0","1000","99","1","91","0.01","151157","0","2026-07-15",NULL,NULL,"2027-04-14","2026-05-06 22:53:56.141247+00","2026-05-09 23:55:16.844999+00","AAA","2026-04-10"
"60d632d9-2a45-40a6-bea3-b4a286cbc7ca","7713076301","RU000A106TR5","ВымпелК3Р3","fix","to_maturity","SUR","TQCB","13.0644","869","0","1000","93.96","1","91","9.85","9.133707e+06","22.67","2026-05-18",NULL,NULL,"2029-02-12","2026-05-06 22:53:56.141247+00","2026-05-09 23:55:16.844999+00","AA","2026-01-22"
"61144508-874c-499f-a076-55f150c9ab03","7710168360","SU26246RMFS7","ОФЗ 26246","fix","to_maturity","SUR","TQOB","14.672","2076","7.9821235e+08","1000","88.637","1","182","12","1.25e+09","15.45","2026-09-23",NULL,NULL,"2036-03-12","2026-05-06 22:53:56.141247+00","2026-05-09 23:55:16.844999+00",NULL,NULL
"618766a8-c350-4341-b6a9-5b5e6edc9db6","7710168360","SU26250RMFS9","ОФЗ 26250","fix","to_maturity","SUR","TQOB","14.7237","2116","8.6247955e+08","1000","87.773","1","182","12","7.5e+08","45.37","2026-06-24",NULL,NULL,"2037-06-10","2026-05-06 22:53:56.141247+00","2026-05-09 23:55:16.844999+00",NULL,NULL
"61f6576f-7467-4a09-9b9b-a1754da6da85","7715825027","RU000A107KR2","МигКр 04","fix","to_maturity","SUR","TQCB","18.0729","124","209147","320","101.44","1","30","21","300000","1.1","2026-06-04",NULL,NULL,"2026-12-31","2026-05-06 22:53:56.141247+00","2026-05-09 23:55:16.844999+00","BB-","2025-06-25"
"621b12e7-c79b-4619-876d-866e3dfa2b20","5321029508","RU000A10BGH8","Акрон Б1P8","fix","to_maturity","SUR","TQCB","7.8607","475","825046","1000","100.4628","1","30","7.95","200000","357.4341","2026-05-19",NULL,NULL,"2027-11-10","2026-05-06 22:53:56.141247+00","2026-05-09 23:55:16.844999+00","AA","2026-04-29"
"62dc1f07-59ca-4fc3-ad27-226048b66689","7325081622","RU000A107GU4","БДеньг-2P4","fix","to_maturity","SUR","TQCB","23.6886","347","4.292314e+06","1000","101","1","30","22.5","366644","16.64","2026-05-14",NULL,NULL,"2027-06-08","2026-05-06 22:53:56.141247+00","2026-05-09 23:55:16.844999+00","BB","2025-07-10"
"635554d7-76a5-4c2c-a8dc-bcd6920d8c2c","7710168360","SU26251RMFS7","ОФЗ 26251","fix","to_maturity","SUR","TQOB","13.9564","1280","2.279771e+07","1000","87.227","1","182","9.5","5e+08","17.7","2026-09-02",NULL,NULL,"2030-08-28","2026-05-06 22:53:56.141247+00","2026-05-09 23:55:16.844999+00",NULL,NULL
"6360eade-0c28-4981-8be7-929d417983c1","7801557131","RU000A10B7N0","БиоВит 1Р1","fix","to_maturity","SUR","TQCB","24.8638","536","341837","1000","108.4","1","30","28","100000","10.74","2026-05-27",NULL,NULL,"2028-03-17","2026-05-06 22:53:56.141247+00","2026-05-09 23:55:16.844999+00","BB+","2025-12-10"
"63e79149-0d08-4eda-93a0-88f018c18840","5047254063","RU000A10A6U8","РОЛЬФ 1Р05","fix","to_maturity","SUR","TQCB","23.4516","11","408045","1000","100.15","1","30","26","300000","12.82","2026-05-23",NULL,NULL,"2026-05-23","2026-05-06 22:53:56.141247+00","2026-05-09 23:55:16.844999+00","BBB+","2026-03-31"
"63eba814-fd0d-4c37-b5ff-c27888e90e21","7707083893","RU000A1093K4","СберИОС638","fix","to_maturity","SUR","TQCB","5.1146","1200","0","1000","84.9","1","30","0.01","47401","0","2026-06-04",NULL,NULL,"2029-08-24","2026-05-06 22:53:56.141247+00","2026-05-09 23:55:16.844999+00","","2026-04-10"
"6435a243-4623-48dd-bf54-281a528dce21","7744001497","RU000A107AS1","ГПБ004Р01","fix","to_maturity","SUR","TQCB","12.197","230","0","1000","93.01","1","365","0.01","240691","0.04","2026-12-27",NULL,NULL,"2026-12-27","2026-05-06 22:53:56.141247+00","2026-05-09 23:55:16.844999+00","AAA","2026-04-28"
"649d7f3b-fb22-417b-949e-0c0af1d06637","7707083893","RU000A1043H5","СберИОС492","fix","to_maturity","SUR","TQCB","17.1302","199","0","1000","91.71","1","364","0.01","295287","0","2026-11-27",NULL,NULL,"2026-11-27","2026-05-06 22:53:56.141247+00","2026-05-09 23:55:16.844999+00","","2026-04-10"
"64c15ab3-54ea-442d-b2f9-e582d05f12e2","7707083893","RU000A106RY5","СберИОС581","fix","to_maturity","SUR","TQCB","14.4659","136","0","1000","95.1","1","365","0.01","90723","0","2026-09-24",NULL,NULL,"2026-09-24","2026-05-06 22:53:56.141247+00","2026-05-09 23:55:16.844999+00","","2026-04-10"
"64eacbd4-e45b-4e17-9744-de7f3235916a","7708503727","RU000A102QP4","РЖД 1Р-21R","fix","to_maturity","SUR","TQCB","14.0427","377","1.013168e+06","1000","93.4","1","182","6.85","2e+07","28.15","2026-06-12",NULL,NULL,"2027-06-11","2026-05-06 22:53:56.141247+00","2026-05-09 23:55:16.844999+00","","2026-04-07"
"64f39ade-7254-4e1a-b406-902580c811d9","7708709686","RU000A10DYC8","ФПК2Р01","fix","to_maturity","SUR","TQCB","14.5591","652","4.550607e+06","1000","103.13","1","30","15.4","3e+07","8.02","2026-05-22",NULL,NULL,"2028-06-10","2026-05-06 22:53:56.141247+00","2026-05-09 23:55:16.844999+00","AA+","2025-12-23"
"6550c991-05be-40af-95fa-e8e40d13c4c6","7703550709","RU000A10DLY9","Л-Старт 02","fix","to_maturity","SUR","TQCB","31.9559","786","1.595966e+06","1000","99.75","1","91","32","325000","64.88","2026-05-28",NULL,NULL,"2029-11-22","2026-05-06 22:53:56.141247+00","2026-05-09 23:55:16.844999+00","","2025-11-12"
"6581df06-d639-4fde-b558-69715aad2590","2317084067","RU000A10BQM7","РКС2Р5","fix","to_maturity","SUR","TQCB","28.6861","572","1.640097e+06","1000","103.94","1","30","28","300000","7.67","2026-05-31",NULL,NULL,"2028-05-20","2026-05-06 22:53:56.141247+00","2026-05-09 23:55:16.844999+00",NULL,NULL
"65aba26a-2478-4515-a931-d785eadfc4f5","6312147088","RU000A106UL6","ЭлАп БО-02","fix","to_maturity","SUR","TQCB","21.872","428","27917","1000","95.15","1","91","16","70624","28.93","2026-06-05",NULL,NULL,"2027-09-03","2026-05-06 22:53:56.141247+00","2026-05-09 23:55:16.844999+00","BB-","2025-09-03"
"65b175d4-56cf-4571-b4f4-2a1970ca09ff","7707083893","RU000A10D2R0","СберИОС764","fix","to_maturity","SUR","TQCB","0.6523","922","0","1000","98.4","1","364","0.01","23213","0","2026-10-19",NULL,NULL,"2028-11-19","2026-05-06 22:53:56.141247+00","2026-05-09 23:55:16.844999+00","","2026-04-10"
"65b30e17-1ba1-44e9-8208-95effe2c040f","7709641159","RU000A10DTQ8","МИРРИКО1P6","fix","to_maturity","SUR","TQCB","24.8485","708","60095","1000","100.19","1","30","22.5","145756","15.41","2026-05-16",NULL,NULL,"2028-12-01","2026-05-06 22:53:56.141247+00","2026-05-09 23:55:16.844999+00","BBB-","2026-03-23"
"663f948d-8e47-4220-987a-8686841f0f5c","7709378229","RU000A108Z93","ВТБЛИЗ 1Р1","fix","to_maturity","SUR","TQCB","13.1345","51","957387","1000","100.75","1","30","17.75","1e+06","3.89","2026-06-02",NULL,NULL,"2026-07-02","2026-05-06 22:53:56.141247+00","2026-05-09 23:55:16.844999+00","AA","2026-04-24"
"66439094-d7ba-4caf-9f55-dd13e0a364af","7710168360","SU26230RMFS1","ОФЗ 26230","fix","to_maturity","SUR","TQOB","14.6437","2556","4.2037968e+08","1000","62.282","1","182","7.7","6.994891e+08","8.44","2026-09-30",NULL,NULL,"2039-03-16","2026-05-06 22:53:56.141247+00","2026-05-09 23:55:16.844999+00",NULL,NULL
"66697f8b-be95-4ec3-a010-909fe734f990","7707083893","RU000A10ANF0","СберИОС673","fix","to_maturity","SUR","TQCB","2.8027","1382","0","1000","90.1","1","30","0.01","465242","0","2026-06-03",NULL,NULL,"2030-02-22","2026-05-06 22:53:56.141247+00","2026-05-09 23:55:16.844999+00","","2026-04-10"
"66a8d574-071a-40d4-b19c-1a48fb74102e","7841422483","RU000A108C17","ПИР 1P2","fix","to_maturity","SUR","TQCB","25.5955","714","155869","1000","102.96","1","30","24.5","43052","17.45","2026-05-15",NULL,NULL,"2029-03-30","2026-05-06 22:53:56.141247+00","2026-05-09 23:55:16.844999+00","BB","2025-11-21"
"66dc8fde-d62d-4a00-a860-5fe2106c3bb3","7704784072","RU000A10AYU6","МаниМенБО1","fix","to_maturity","SUR","TQCB","22.426","517","483010","1000","108.92","1","30","26.5","500000","14.52","2026-05-21",NULL,NULL,"2028-02-10","2026-05-06 22:53:56.141247+00","2026-05-09 23:55:16.844999+00","BBB-","2025-09-25"
"67107f6a-7e0c-4c32-8f48-70ad3e1001d4","9729387137","RU000A10B9Q9","ГЛОРАКС1Р4","fix","to_maturity","SUR","TQCB","19.7117","556","5.772141e+06","1000","111.63","1","30","25.5","2.2e+06","4.89","2026-06-03",NULL,NULL,"2028-03-24","2026-05-06 22:53:56.141247+00","2026-05-09 23:55:16.844999+00","BBB+","2026-04-10"
"6746f7fa-5f9b-4b30-9ce1-d8c05efb4bfc","7709678550","RU000A10DMN0","реСтор1Р2","fix","to_maturity","SUR","TQCB","18.384","488","697858","1000","102.48","1","30","18.85","1e+06","5.68","2026-05-30",NULL,NULL,"2027-11-21","2026-05-06 22:53:56.141247+00","2026-05-09 23:55:16.844999+00","","2024-06-14"
"6758dfb6-f536-458b-9bfd-e57acaf87d7e","7325001151","RU000A10BTJ7","Ульоб34010","fix","to_maturity","SUR","TQCB","15.3249","384","1.197401e+06","1000","104.1","1","91","18.5","4e+06","12.16","2026-07-17",NULL,NULL,"2028-07-14","2026-05-06 22:53:56.141247+00","2026-05-09 23:55:16.844999+00","BBB","2026-03-04"
"677087ec-5965-4cbe-b641-bd958371e33b","9705000373","RU000A108VM8","РедСофт2P5","fix","to_maturity","SUR","TQCB","18.8777","48","208115","1000","100.34","1","91","20.5","100000","23.59","2026-06-29",NULL,NULL,"2026-06-29","2026-05-06 22:53:56.141247+00","2026-05-09 23:55:16.844999+00","BBB+","2026-04-16"
"678a137a-e154-4294-9911-cc669fcfa623","2466127447","RU000A10DDT6","Сульфур1P2","fix","to_maturity","SUR","TQCB","34.3276","710","2.416217e+06","1000","94.99","1","91","28","350000","68.27","2026-05-13",NULL,NULL,"2029-11-07","2026-05-06 22:53:56.141247+00","2026-05-09 23:55:16.844999+00","B","2026-04-13"
"67d288a2-fbed-4949-887d-f97aa760bd17","3905014118","RU000A102KN2","КалинОбл20","fix","to_maturity","SUR","TQCB","14.6319","205","101045","600","95.7","1","91","6.1","2e+06","5.41","2026-06-17",NULL,NULL,"2027-06-16","2026-05-06 22:53:56.141247+00","2026-05-09 23:55:16.844999+00","A+","2026-01-19"
"67d501a9-2dd6-465a-ad82-f051b1016a43","7714216826","RU000A10E4Y1","Аэрфью3Р01","fix","to_maturity","SUR","TQCB","17.8664","667","3.625673e+06","1000","105.8","1","91","20","3e+06","9.32","2026-07-24",NULL,NULL,"2028-07-21","2026-05-06 22:53:56.141247+00","2026-05-09 23:55:16.844999+00","A","2025-11-14"
"68571afd-073b-4004-b5b0-ba57b35661dd","9703149829","RU000A108C41","ИнвОбл06","fix","to_maturity","SUR","TQCB","22.0985","1032","0","1000","113","1","365","0.01","100000","0.02","2027-03-09",NULL,NULL,"2029-03-09","2026-05-06 22:53:56.141247+00","2026-05-09 23:55:16.844999+00","AA-","2026-04-15"
"688810e7-0968-4637-ad75-6bd90be99e7d","5610008401","RU000A0ZYKH5","Оренб35004","fix","to_maturity","SUR","TQCB","14.3004","239","8522","800","96.51","1","91","8.18","4e+06","12.01","2026-06-04",NULL,NULL,"2027-12-02","2026-05-06 22:53:56.141247+00","2026-05-09 23:55:16.844999+00","AA-","2026-02-17"
"68a59c49-091a-4b89-9f98-24d7adcc864e","7714365497","RU000A10DWP4","ЦЕНТР-К 01","fix","to_maturity","SUR","TQCB","23.7856","694","609234","1000","101.85","1","30","22.5","117000","14.79","2026-05-17",NULL,NULL,"2028-12-02","2026-05-06 22:53:56.141247+00","2026-05-09 23:55:16.844999+00","BB+","2025-10-08"
"68cda734-88b7-45ba-8b02-52af275ba423","7730233723","RU000A10D4V8","АйДиКол1P6","fix","other","SUR","TQCB","22.7101","69","1.671864e+06","1000","102.14","1","30","22.5","1.25e+06","13.56","2026-05-19","2027-10-14",NULL,"2029-09-30","2026-05-06 22:53:56.141247+00","2026-05-09 23:55:16.844999+00","BBB-","2025-08-01"
"68f3cf83-f57d-4cb4-8049-0d406da08d29","7744001497","RU000A10BPC0","ГПБ004Р20","fix","to_maturity","SUR","TQCB","9.7943","411","0","1000","90","1","365","0.01","115811","0.09","2026-06-27",NULL,NULL,"2027-06-27","2026-05-06 22:53:56.141247+00","2026-05-09 23:55:16.844999+00","AAA","2026-04-28"
"6918f6bb-04f0-4e64-8865-e3d901e74969","7709938216","RU000A106R79","ЭНИКА 1Р04","fix","to_maturity","SUR","TQCB","34.3922","443","2.026881e+06","600","83.45","1","91","16","300000","23.15","2026-05-14",NULL,NULL,"2028-08-10","2026-05-06 22:53:56.141247+00","2026-05-09 23:55:16.844999+00","BBB","2025-08-12"
"693bd69e-4f48-45f1-9f33-721041ace57d","4705081944","RU000A10EYJ1","ВИС Ф БП12","fix","to_maturity","SUR","TQCB","17.4098","957","2.0514204e+07","1000","100.89","1","30","16.5","2.5e+06","5.88","2026-05-28",NULL,NULL,"2029-10-09","2026-05-06 22:53:56.141247+00","2026-05-09 23:55:16.844999+00","","2026-04-01"
"695576bc-1558-4653-b747-4716b3840ead","9705000373","RU000A106CR1","РедСофт2P4","fix","to_maturity","SUR","TQCB","16.3523","24","481337","1000","99.89","1","91","14","150000","25.32","2026-06-05",NULL,NULL,"2026-06-05","2026-05-06 22:53:56.141247+00","2026-05-09 23:55:16.844999+00","BBB+","2026-04-16"
"695b3fce-c297-4722-8e48-dd06e5bee2bb","7727290538","RU000A101TD6","ИА ДОМ15P2","fix","to_maturity","SUR","TQCB","12.6639","960","316","187.02","84.5","1","89","5.9","1.6252739e+07","2.18","2026-05-28",NULL,NULL,"2049-05-28","2026-05-06 22:53:56.141247+00","2026-05-09 23:55:16.844999+00","","2025-07-30"
"699b6e34-a8f5-4295-846b-0e2eb4dff4c3","5029169023","RU000A10ATS0","ЕвроТранс6","fix","to_maturity","SUR","TQCB","37.419","840","3.169542e+06","1000","84.58","1","30","25","1.93e+06","5.48","2026-06-02",NULL,NULL,"2030-01-12","2026-05-06 22:53:56.141247+00","2026-05-09 23:55:16.844999+00","","2026-04-14"
"6a40c3dd-eb83-4616-806c-1a6f6ba01352","7740000076","RU000A0JWRV9","МТС БО-02","fix","other","SUR","TQCB","13.3283","581","10372","1000","103","1","182","15","1e+07","32.88","2026-08-21","2028-02-24",NULL,"2031-08-15","2026-05-06 22:53:56.141247+00","2026-05-09 23:55:16.844999+00","","2026-05-07"
"6a43ce61-92ce-4185-b9ab-3bc444ee1bc5","7727290538","RU000A107GM1","ИАДОМ 1P41","fix","to_maturity","SUR","TQCB","13.1675","1276","592","701.94","84.27","1","92","7.8","2.2247078e+07","6.6","2026-06-28",NULL,NULL,"2033-09-28","2026-05-06 22:53:56.141247+00","2026-05-09 23:55:16.844999+00","","2025-07-30"
"6a901670-599e-4385-8cda-7a0e2c71f4c3","7702070139","RU000A103XS2","ВТБ Б1-254","fix","to_maturity","SUR","TQCB","13.6465","764","0","1000","76.5","1","182","0.01","252399","0.04","2026-06-17",NULL,NULL,"2028-06-14","2026-05-06 22:53:56.141247+00","2026-05-09 23:55:16.844999+00","AAA","2026-04-10"
"6aab79b1-92a6-4026-9fd7-771523a4a951","9703149829","RU000A10EKA9","ИнвОбл15","fix","to_maturity","SUR","TQCB","0.0092","158","17000","1000","100","1","183","0.01","100000","0.01","2026-10-16",NULL,NULL,"2026-10-16","2026-05-06 22:53:56.141247+00","2026-05-09 23:55:16.844999+00","AA-","2026-04-15"
"6b39d66d-6c0e-4e23-9293-26768ce4ac04","7710168360","SU26224RMFS4","ОФЗ 26224","fix","to_maturity","SUR","TQOB","13.2694","974","1.4046129e+07","1000","85.405","1","182","6.9","4.4691296e+08","31.38","2026-05-27",NULL,NULL,"2029-05-23","2026-05-06 22:53:56.141247+00","2026-05-09 23:55:16.844999+00",NULL,NULL
"6b42087c-b1c4-436d-8a7e-26b3fdf916f0","7707083893","RU000A104AH1","СберИОС510","fix","to_maturity","SUR","TQCB","11.7729","255","0","1000","92.5","1","364","0.01","211528","0","2027-01-22",NULL,NULL,"2027-01-22","2026-05-06 22:53:56.141247+00","2026-05-09 23:55:16.844999+00","","2026-04-10"
"6b6263fe-517c-4a4b-b7b4-c831c89baab2","5401995271","RU000A109SM2","Байсэл 1Р2","fix","to_maturity","SUR","TQCB","27.2323","399","104131","1000","90.1","1","91","15","30999","11.1","2026-07-14",NULL,NULL,"2027-10-12","2026-05-06 22:53:56.141247+00","2026-05-09 23:55:16.844999+00","BB-","2025-09-18"
"6b7f7a8f-a4e8-403b-aaf6-46d16d957ecc","5405162714","RU000A10B461","NSKATD-03","fix","to_maturity","SUR","TQCB","25.2566","529","8.842702e+06","1000","104.83","1","30","26","1.7e+06","19.23","2026-05-14",NULL,NULL,"2028-03-04","2026-05-06 22:53:56.141247+00","2026-05-09 23:55:16.844999+00","A-","2025-05-22"
"6bf4bc4f-96d2-4193-a02a-1c7128e39379","9729387137","RU000A10E655","ГЛОРАКС1Р5","fix","to_maturity","SUR","TQCB","19.2182","865","1.3548825e+07","1000","106.74","1","30","20.5","5e+06","7.3","2026-05-28",NULL,NULL,"2029-07-11","2026-05-06 22:53:56.141247+00","2026-05-09 23:55:16.844999+00","BBB+","2026-04-10"
"6c568551-62c4-4dd3-bcf5-472f892708da","4705081944","RU000A106EZ0","ВИС Ф БП04","fix","to_maturity","SUR","TQCB","16.8116","102","1.019625e+06","1000","99.17","1","91","12.9","2e+06","28.98","2026-05-20",NULL,NULL,"2026-08-25","2026-05-06 22:53:56.141247+00","2026-05-09 23:55:16.844999+00","","2026-04-01"
"6c6fb256-f67e-4ccd-a2f4-47aeedffba11","7727290538","RU000A10C1N2","ИАДОМ 1P55","fix","to_maturity","SUR","TQCB","16.8392","784","739","735.53","100.49","1","91","0","8.633688e+07","0","2026-07-28",NULL,NULL,"2056-04-28","2026-05-06 22:53:56.141247+00","2026-05-09 23:55:16.844999+00","","2025-07-30"
"6c9747f9-75b3-490e-9b11-56d623eacb2d","7722743495","RU000A10DYZ9","АСГТРАФО-1","fix","to_maturity","SUR","TQCB","24.5461","1032","130442","1000","105.29","1","30","24","100000","11.18","2026-05-24",NULL,NULL,"2030-11-29","2026-05-06 22:53:56.141247+00","2026-05-09 23:55:16.844999+00","BB","2025-12-10"
"6cb801df-8336-4a40-a32e-d6d3423c5244","6164218952","RU000A107C91","МСБЛиз3P02","fix","to_maturity","SUR","TQCB","21.9804","101","190411","233.41","98.89","1","30","16","300000","1.53","2026-05-26",NULL,NULL,"2026-11-22","2026-05-06 22:53:56.141247+00","2026-05-09 23:55:16.844999+00","","2025-07-04"
"6cc2bc6c-1a86-41fc-806a-4b218e1be27e","6672241304","RU000A105M91","СТМ 1P3","fix","to_maturity","SUR","TQCB","17.9861","500","2.138061e+06","1000","102.18","1","91","18.5","1e+07","29.9","2026-06-12",NULL,NULL,"2027-12-10","2026-05-06 22:53:56.141247+00","2026-05-09 23:55:16.844999+00","A","2026-02-03"
"6ce9ce0a-d1cf-4e96-a942-1de653593ede","7725806898","RU000A10EYV6","ПГК3Р04","fix","to_maturity","SUR","TQCB","16.6325","953","1.368731e+08","1000","99.79","1","30","15.4","2e+07","5.48","2026-05-28",NULL,NULL,"2029-09-09","2026-05-06 22:53:56.141247+00","2026-05-09 23:55:16.844999+00","AA+","2026-04-28"
"6d011c92-a3a7-4de7-b571-dc7c9d1d7e27","7712040126","RU000A103943","Аэрофл БО1","fix","to_maturity","SUR","TQCB","15.7331","31","3.409649e+06","1000","99.45","1","91","8.35","2.465e+07","13.73","2026-06-11",NULL,NULL,"2026-06-11","2026-05-06 22:53:56.141247+00","2026-05-09 23:55:16.844999+00","AA","2025-10-31"
"6d2e5ff0-6cbf-4279-9ac5-1468ac719fd2","7706107510","RU000A0ZYLG5","Роснфт2P3","fix","other","SUR","TQCB","14.2478","505","516092","1000","101.59","1","182","14.95","3e+07","61.85","2026-06-11",NULL,NULL,"2027-12-09","2026-05-06 22:53:56.141247+00","2026-05-09 23:55:16.844999+00","AAA","2026-05-08"
"6d78915c-f218-4276-9f72-aad1ee61f286","7723199790","RU000A1038D4","ТрансмхПБ6","fix","to_maturity","SUR","TQCB","15.1639","25","529536","1000","99.55","1","182","8.05","1e+07","34.63","2026-06-05",NULL,NULL,"2026-06-05","2026-05-06 22:53:56.141247+00","2026-05-09 23:55:16.844999+00","AA-","2025-08-06"
"6db43371-5999-4c34-8b74-77501418e7d7","5047104371","RU000A108E80","PLAZABO-02","fix","to_maturity","SUR","TQCB","44.1511","561","434056","1000","75.24","1","91","20","100000","49.32","2026-05-12",NULL,NULL,"2028-05-09","2026-05-06 22:53:56.141247+00","2026-05-09 23:55:16.844999+00","BB","2025-07-25"
"6de8b717-d81b-4e5b-8e38-0632ef5c0a6d","1655096633","RU000A1053H4","ЛТрейд 1P5","fix","to_maturity","SUR","TQCB","25.0865","398","77425","1000","92.1","1","30","15","100000","5.34","2026-05-28",NULL,NULL,"2027-07-22","2026-05-06 22:53:56.141247+00","2026-05-09 23:55:16.844999+00","BBB-","2025-06-05"
"6e46fdbd-7f88-4a67-a3dd-37a32f6e7d60","5260461933","RU000A10DRX8","ЗООПТБ01","fix","to_maturity","SUR","TQCB","22.9358","711","603489","1000","106.24","1","30","24","200000","0.66","2026-05-10",NULL,NULL,"2028-11-25","2026-05-06 22:53:56.141247+00","2026-05-09 23:55:16.844999+00","BB","2025-11-24"
"6e605ef1-e541-4fef-9d4d-a1487ba99ff8","7703104630","RU000A10BY94","Систем2P03","fix","to_maturity","SUR","TQCB","17.4647","290","1.9313256e+07","1000","104.26","1","30","21.5","1.2e+07","7.66","2026-05-28",NULL,NULL,"2027-03-24","2026-05-06 22:53:56.141247+00","2026-05-09 23:55:16.844999+00","AA-","2026-02-27"
"6eb60077-1924-4b1e-8344-a61fb45f49f1","6164218952","RU000A10B735","МСБЛиз3P04","fix","other","SUR","TQCB","22.4459","7","335798","1000","101.81","1","30","26.5","200000","14.52","2026-05-21","2026-09-23",NULL,"2030-03-01","2026-05-06 22:53:56.141247+00","2026-05-09 23:55:16.844999+00","","2025-07-04"
"6f28f8e1-bad1-4d63-bde8-f438ea5f83f3","5321029508","RU000A10F108","Акрон Б2P3","fix","to_maturity","SUR","TQCB","8.2446","1029","8.892651e+07","1000","99.7183","1","30","7.85","1e+06","26.001034","2026-05-30",NULL,NULL,"2029-10-11","2026-05-06 22:53:56.141247+00","2026-05-09 23:55:16.844999+00","AA","2026-04-29"
"6f2c0012-9c75-4f9b-95aa-370a52d69a36","1835060192","RU000A109F05","АСПЭКДом02","fix","other","SUR","TQCB","20.2814","61","144667","1000","102.68","1","91","24.5","54089","44.3","2026-06-05","2026-12-11",NULL,"2027-09-03","2026-05-06 22:53:56.141247+00","2026-05-09 23:55:16.844999+00","BB-","2026-02-26"
"6f38a08b-48a2-44c0-93d0-b4a5af88ed3a","7707600245","RU000A106FW4","МГКЛ 1P3","fix","to_maturity","SUR","TQCB","25.4359","374","244265","1000","92.92","1","91","16","250000","19.73","2026-06-26",NULL,NULL,"2027-06-25","2026-05-06 22:53:56.141247+00","2026-05-09 23:55:16.844999+00","BB","2025-11-21"
"6f49a51e-bcde-4f18-bf91-9d2d4411f7da","7707083893","RU000A103RV8","СберИОС472","fix","to_maturity","SUR","TQCB","17.7488","163","0","1000","93.01","1","1832","0.01","626451","0","2026-10-21",NULL,NULL,"2026-10-21","2026-05-06 22:53:56.141247+00","2026-05-09 23:55:16.844999+00","","2026-04-10"
"6fa7ec83-5bfc-43d2-97af-a7a8fcba32e1","7804016807","RU000A10BNM4","АБЗ-1 2Р03","fix","to_maturity","SUR","TQCB","17.9384","426","3.910524e+06","1000","110.8","1","30","25.5","2.5e+06","16.07","2026-05-18",NULL,NULL,"2028-05-07","2026-05-06 22:53:56.141247+00","2026-05-09 23:55:16.844999+00","","2026-04-24"
"6fb99027-0236-45d2-a7bb-e0ffd7a6ff63","7709378229","RU000A10EML2","ВТБЛИЗ 1Р5","fix","to_maturity","SUR","TQCB","15.1127","455","4.708788e+06","1000","101.68","1","30","15.5","5e+06","9.34","2026-05-19",NULL,NULL,"2029-03-04","2026-05-06 22:53:56.141247+00","2026-05-09 23:55:16.844999+00","AA","2026-04-24"
"7018c6df-acb8-4d20-9063-bdca9a7eaefb","7709431786","RU000A0JWVT5","РЕСОЛизБ05","fix","to_maturity","SUR","TQCB","13.5842","143","2015","1000","101.02","1","182","16","3e+06","16.66","2026-10-02",NULL,NULL,"2026-10-02","2026-05-06 22:53:56.141247+00","2026-05-09 23:55:16.844999+00","AA-","2026-03-24"
"7032f83f-24a7-4470-9751-7b195c233aba","7703805756","RU000A10EQE8","ПЮЛ БО-02","fix","other","SUR","TQCB","23.8129","81","3045","1000","101.49","1","30","23","75000","6.93","2026-05-30","2027-11-30",NULL,"2031-03-05","2026-05-06 22:53:56.141247+00","2026-05-09 23:55:16.844999+00",NULL,NULL
"7048ace8-6710-445f-9f40-32f9ec6d715d","7325081622","RU000A1099P0","БДеньг-2P7","fix","other","SUR","TQCB","22.013","3","113297","1000","100.36","1","30","23","124579","17.01","2026-05-14","2026-08-19",NULL,"2028-02-03","2026-05-06 22:53:56.141247+00","2026-05-09 23:55:16.844999+00","BB","2025-07-10"
"706b5601-a161-433f-b046-7b6b93df7ab6","7727290538","RU000A103125","ИАДОМ Б1P7","fix","to_maturity","SUR","TQCB","12.5249","1051","3130","280.43","86.11","1","92","6.9","1.1252259e+07","2.33","2026-06-28",NULL,NULL,"2049-06-28","2026-05-06 22:53:56.141247+00","2026-05-09 23:55:16.844999+00","","2025-07-30"
"70ffb6bd-2922-4717-aa2d-59a344abe93d","2310197022","RU000A10EV52","СЗА БО-07","fix","to_maturity","SUR","TQCB","28.707","742","282193","1000","100","1","30","25.5","100000","18.16","2026-05-15",NULL,NULL,"2029-03-30","2026-05-06 22:53:56.141247+00","2026-05-09 23:55:16.844999+00","BB-","2025-11-18"
"711318b5-79d1-42d7-848c-bd0b6a560e3b","7707083893","RU000A1065F2","СберИОС561","fix","to_maturity","SUR","TQCB","27.9965","18","0","1000","98.8","1","364","0.01","56112","0","2026-05-29",NULL,NULL,"2026-05-29","2026-05-06 22:53:56.141247+00","2026-05-09 23:55:16.844999+00","","2026-04-10"
"71244421-8f5d-4391-a1e3-04d491de2ea9","7707083893","RU000A103X90","СберИОС481","fix","to_maturity","SUR","TQCB","16.1118","196","0","1000","92.3","1","1832","0.01","675892","0","2026-11-24",NULL,NULL,"2026-11-24","2026-05-06 22:53:56.141247+00","2026-05-09 23:55:16.844999+00","","2026-04-10"
"716b76a9-cd49-4031-a54b-2fd034180c79","7707083893","RU000A103UR0","СберИОС478","fix","to_maturity","SUR","TQCB","18.0005","165","0","1000","92.8","1","364","0.01","309198","0","2026-10-23",NULL,NULL,"2026-10-23","2026-05-06 22:53:56.141247+00","2026-05-09 23:55:16.844999+00","","2026-04-10"
"71c846a3-584c-4db2-8b7e-682c41d35f66","7706664260","RU000A10BFG2","Атомэнпр05","fix","to_maturity","SUR","TQCB","14.485","1077","3.601836e+07","1000","110.58","1","91","17.3","4e+07","11.85","2026-07-16",NULL,NULL,"2030-04-11","2026-05-06 22:53:56.141247+00","2026-05-09 23:55:16.844999+00","AAA","2026-03-13"
"72217486-563a-4064-a78b-b75290aadfbb","7702070139","RU000A103XW4","ВТБ Б1-258","fix","to_maturity","SUR","TQCB","15.0593","259","544481","1000","90.5","1","182","0.01","286649","0","2026-07-28",NULL,NULL,"2027-01-26","2026-05-06 22:53:56.141247+00","2026-05-09 23:55:16.844999+00","AAA","2026-04-10"
"72823212-b6fe-45ab-a589-efee637f615b","5321029508","RU000A10DBZ7","Акрон Б2P1","fix","to_maturity","SUR","TQCB","7.9107","896","5.472695e+06","1000","100.1559","1","30","7.7","150000","188.79088","2026-05-29",NULL,NULL,"2029-03-14","2026-05-06 22:53:56.141247+00","2026-05-09 23:55:16.844999+00","AA","2026-04-29"
"72aa4432-92f9-491c-81c9-26e1946269a7","5403040189","RU000A10EL13","ПЭТ 1Р2","fix","to_maturity","SUR","TQCB","27.3164","642","298447","1000","102.85","1","30","26","150000","17.81","2026-05-16",NULL,NULL,"2029-03-01","2026-05-06 22:53:56.141247+00","2026-05-09 23:55:16.844999+00","B","2025-10-10"
"72e6df84-2ea2-4543-a177-830954bbc25d","5611067262","RU000A10ESN5","Вернём1Р2","fix","to_maturity","SUR","TQCB","28.2925","754","135792","1000","100.67","1","30","25.5","150000","0.7","2026-05-10",NULL,NULL,"2029-03-25","2026-05-06 22:53:56.141247+00","2026-05-09 23:55:16.844999+00","B","2025-12-11"
"730a9295-f992-429f-bf4a-9886a8ccafbc","7704810149","RU000A10DZU7","А101 1P02","fix","to_maturity","SUR","TQCB","15.7059","513","2.778447e+06","1000","103.29","1","30","17","4.15e+06","7.45","2026-05-25",NULL,NULL,"2027-12-16","2026-05-06 22:53:56.141247+00","2026-05-09 23:55:16.844999+00","A+","2026-03-23"
"731ad4ee-1eff-4047-9b68-4ca4c110cc6f","7000000885","RU000A10DWQ2","ТомОб34076","fix","to_maturity","SUR","TQCB","14.9153","1102","3.066842e+06","1000","105.62","1","90","16","1e+07","21.92","2026-06-20",NULL,NULL,"2030-11-26","2026-05-06 22:53:56.141247+00","2026-05-09 23:55:16.844999+00","BBB","2026-04-30"
"733a0ab9-9cc4-4ec3-b37d-9c76bcee96c3","9729293827","RU000A10AT01","ЛКХ-02","fix","to_maturity","SUR","TQCB","30.1085","489","50483","1000","105.94","1","30","31","50000","9.34","2026-05-30",NULL,NULL,"2028-01-20","2026-05-06 22:53:56.141247+00","2026-05-09 23:55:16.844999+00","B","2026-02-16"
"73501bb4-db67-477c-8415-df4ffff793a4","2460066195","RU000A10A6C6","РусГид2Р03","fix","to_maturity","SUR","TQCB","15.1785","10","1.227747e+06","1000","100.26","1","30","23","5e+06","11.97","2026-05-22",NULL,NULL,"2026-05-22","2026-05-06 22:53:56.141247+00","2026-05-09 23:55:16.844999+00","","2026-04-02"
"7357de25-bc5f-4820-b8ea-696ef5ce2197","7707083893","RU000A108DG8","СберИОС620","fix","to_maturity","SUR","TQCB","2.932","1126","0","1000","91.5","1","34","0.01","474640","0","2026-05-21",NULL,NULL,"2029-06-11","2026-05-06 22:53:56.141247+00","2026-05-09 23:55:16.844999+00","","2026-04-10"
"73701157-06e1-4571-a38e-aa76851900fa","7839462305","RU000A0ZYHW0","ЛевенгукБ1","fix","to_maturity","SUR","TQCB","15.9131","496","99017","1000","99.26","1","91","14.5","100000","30.59","2026-05-25",NULL,NULL,"2027-11-22","2026-05-06 22:53:56.141247+00","2026-05-09 23:55:16.844999+00",NULL,NULL
"73a90e06-58c8-4b45-8312-d5e01b6af04a","9731004688","RU000A0JWYJ0","Самолет 01","fix","to_maturity","SUR","TQCB","27.5088","166","7.191429e+06","1000","100.39","1","91","26","1.5e+06","7.12","2026-07-31",NULL,NULL,"2026-10-30","2026-05-06 22:53:56.141247+00","2026-05-09 23:55:16.844999+00","A-","2026-03-30"
"73bd5563-77c8-4bde-8bf5-e828defaf4a7","7728395861","RU000A10EX35","ИНТРФУД-01","fix","to_maturity","SUR","TQCB","29.839","742","722367","1000","99.2","1","30","26","50000","14.25","2026-05-21",NULL,NULL,"2029-04-05","2026-05-06 22:53:56.141247+00","2026-05-09 23:55:16.844999+00","B","2026-03-24"
"73f1d032-d5cf-4cb3-9feb-cc2c90d245e3","5047191624","RU000A10BQ03","Спектр02","fix","to_maturity","SUR","TQCB","22.1937","328","897820","1000","106.69","1","30","27.5","300000","12.05","2026-05-25",NULL,NULL,"2027-05-20","2026-05-06 22:53:56.141247+00","2026-05-09 23:55:16.844999+00","BB","2025-12-10"
"742e571f-721c-4416-a290-93f535e0134e","7727290538","RU000A1065R7","ИАДОМ 1P33","fix","to_maturity","SUR","TQCB","13.3687","1222","537","616.93","87.09","1","30","8.6","1.6515643e+07","1.89","2026-05-28",NULL,NULL,"2033-03-28","2026-05-06 22:53:56.141247+00","2026-05-09 23:55:16.844999+00","","2025-07-30"
"7437e12c-b0fe-4180-8c26-b7d37578cfe3","7702070139","RU000A106MQ2","ВТБ Б1-330","fix","to_maturity","SUR","TQCB","16.5085","77","770767","1000","96.83","1","91","0.01","121743","0","2026-07-27",NULL,NULL,"2026-07-27","2026-05-06 22:53:56.141247+00","2026-05-09 23:55:16.844999+00","AAA","2026-04-10"
"744b2410-b07e-459f-bfeb-c8494bacf23e","7710168360","SU26228RMFS5","ОФЗ 26228","fix","to_maturity","SUR","TQOB","13.7257","1235","2.0561348e+07","1000","83.201","1","182","7.65","5.920188e+08","5.45","2026-10-14",NULL,NULL,"2030-04-10","2026-05-06 22:53:56.141247+00","2026-05-09 23:55:16.844999+00",NULL,NULL
"748d57db-ac4e-4185-892c-eba23a935074","7724889891","RU000A10EHB3","ЛаймЗайм06","fix","to_maturity","SUR","TQCB","24.6457","782","3.635404e+06","1000","102.7","1","30","23.5","2e+06","0.64","2026-05-10",NULL,NULL,"2031-02-13","2026-05-06 22:53:56.141247+00","2026-05-09 23:55:16.844999+00","BB+","2025-11-19"
"749a3a1d-25ac-414f-a9b9-72be8921b3ef","7750004150","RU000A10EPA8","ВЭБ2Р-К709","fix","to_maturity","SUR","TQCB","15.145","17","1000","1000","100","1","21","14.17","5e+07","1.55","2026-05-28",NULL,NULL,"2026-05-28","2026-05-09 22:15:17.540546+00","2026-05-09 23:55:16.844999+00","","2026-05-06"
"75090c83-bbbc-4f23-a2b6-51d3f295d970","7706107510","RU000A0JXXD3","Роснфт1P6","fix","other","SUR","TQCB","12.4701","407","2868","1000","95.6","1","182","8","9e+07","25.64","2026-07-15",NULL,NULL,"2027-07-14","2026-05-06 22:53:56.141247+00","2026-05-09 23:55:16.844999+00","AAA","2026-05-08"
"7551b6fc-7f78-4e17-88ca-4b01532d94b2","3905014118","RU000A104BC0","КалинОбл21","fix","to_maturity","SUR","TQCB","12.0276","526","98011","750","97.1","1","91","9.5","2e+06","10.35","2026-06-18",NULL,NULL,"2028-12-14","2026-05-06 22:53:56.141247+00","2026-05-09 23:55:16.844999+00","A+","2026-01-19"
"75b90f1b-d0b9-4c4d-81bb-0a60a680b83e","7707083893","RU000A103596","СберИОС447","fix","to_maturity","SUR","TQCB","13.5142","772","0","1000","76.51","1","2561","0.01","480185","0","2028-06-22",NULL,NULL,"2028-06-22","2026-05-06 22:53:56.141247+00","2026-05-09 23:55:16.844999+00","","2026-04-10"
"75e2f1fb-ddf5-470f-b1c6-0673f689eea3","5321029508","RU000A10B347","Акрон Б1P7","fix","to_maturity","SUR","TQCB","7.7554","192","3.216733e+06","1000","101.5867","1","30","10.5","1.6e+06","9.434974","2026-06-07",NULL,NULL,"2027-03-04","2026-05-06 22:53:56.141247+00","2026-05-09 23:55:16.844999+00","AA","2026-04-29"
"75f8406c-3bca-4648-978d-3ebf76086f87","7713076301","RU000A105X80","ВымпелК1Р8","fix","to_maturity","SUR","TQCB","14.3692","919","2.135598e+06","1000","86.96","1","91","8.02","9.389601e+06","5.49","2026-07-16",NULL,NULL,"2029-03-09","2026-05-06 22:53:56.141247+00","2026-05-09 23:55:16.844999+00","AA","2026-01-22"
"7603a5ee-54d1-4a83-85ef-26ca2b26e659","7706420120","RU000A10B487","ДелПорт1P4","fix","to_maturity","SUR","TQCB","16.6857","118","7.461472e+06","1000","101.7","1","30","20.75","1.5e+07","15.35","2026-05-14",NULL,NULL,"2026-09-11","2026-05-06 22:53:56.141247+00","2026-05-09 23:55:16.844999+00","AA","2026-05-06"
"7606690b-8060-4145-acc8-959ce9b3263f","7707083893","RU000A103CP2","СберИОС455","fix","to_maturity","SUR","TQCB","13.5156","815","0","1000","75.4","1","2562","0.01","205356","0","2028-08-03",NULL,NULL,"2028-08-03","2026-05-06 22:53:56.141247+00","2026-05-09 23:55:16.844999+00","","2026-04-10"
"762ad58b-a10e-4439-8417-ce0f034d3785","7707083893","RU000A107RW7","СберИОС603","fix","to_maturity","SUR","TQCB","12.2316","1035","0","1000","72.1","1","32","0.01","490227","0","2026-05-19",NULL,NULL,"2029-03-12","2026-05-06 22:53:56.141247+00","2026-05-09 23:55:16.844999+00","","2026-04-10"
"766ffce4-2408-4f7b-9f1c-8878253f7180","6661004608","RU000A101Z17","СвердлОбл8","fix","to_maturity","SUR","TQCB","14.985","244","504509","600","94.75","1","91","6.1","1.2e+07","1.8","2026-07-23",NULL,NULL,"2027-07-29","2026-05-06 22:53:56.141247+00","2026-05-09 23:55:16.844999+00","AA+","2026-04-29"
"767edd58-4b53-406c-bfe3-19e3ad0d67c1","7534018889","RU000A10BPF3","ТГК-14 1Р7","fix","to_maturity","SUR","TQCB","21.662","988","7.456789e+06","1000","103.8","1","91","21.5","6.5e+06","43.59","2026-05-28",NULL,NULL,"2030-05-23","2026-05-06 22:53:56.141247+00","2026-05-09 23:55:16.844999+00","","2026-04-27"
"76d70ab2-217b-44f1-ba7f-f5d57d74c51c","7707049388","RU000A10EN60","РостелP24R","fix","to_maturity","SUR","TQCB","13.7683","547","169187","1000","101.39","1","30","13.9","1.5e+07","6.47","2026-05-24",NULL,NULL,"2028-01-14","2026-05-06 22:53:56.141247+00","2026-05-09 23:55:16.844999+00","AAA","2026-04-27"
"77873ea0-07b1-4b39-9c3f-5be5414ead14","9703024202","RU000A10CB66","Сегежа3P6R","fix","to_maturity","SUR","TQCB","27.9909","516","8.753409e+07","1000","98.03","1","30","23.5","7e+06","3.86","2026-06-04",NULL,NULL,"2028-01-25","2026-05-06 22:53:56.141247+00","2026-05-09 23:55:16.844999+00","BB-","2025-09-03"
"77b7a168-50c7-411c-9f21-209adff4a36e","7000000885","RU000A10BW70","Томскобл25","fix","to_maturity","SUR","TQCB","14.9781","551","5.152392e+06","1000","106.52","1","30","18.25","5e+06","10","2026-05-21",NULL,NULL,"2028-03-13","2026-05-06 22:53:56.141247+00","2026-05-09 23:55:16.844999+00","BBB","2026-04-30"
"7804d0bf-7128-44c1-a61f-0e55d32a753f","1655096633","RU000A10CU97","ЛТрейд1P12","fix","to_maturity","SUR","TQCB","24.2264","941","687009","1000","102.86","1","30","23","400000","10.71","2026-05-24",NULL,NULL,"2030-08-31","2026-05-06 22:53:56.141247+00","2026-05-09 23:55:16.844999+00","BBB-","2025-06-05"
"785d6e03-b095-4068-84ed-b65c270b176d","2724103237","RU000A10DEM9","СтройДор01","fix","to_maturity","SUR","TQCB","17.1869","171","422211","1000","102.16","1","30","20.5","300000","15.73","2026-05-13",NULL,NULL,"2026-11-09","2026-05-06 22:53:56.141247+00","2026-05-09 23:55:16.844999+00","BBB+","2025-09-26"
"78786910-dee3-4b7d-a3c1-6f62e3e13b29","1215229593","RU000A1099W6","ЕДА-01","fix","to_maturity","SUR","TQCB","25.043","397","570129","1000","100","1","91","23","200000","50.41","2026-05-22",NULL,NULL,"2027-08-20","2026-05-06 22:53:56.141247+00","2026-05-09 23:55:16.844999+00","","2025-07-21"
"787987c7-6210-42f7-a4ba-3bb1d1a05998","7726588547","RU000A106AT1","ГазпромКP6","fix","other","SUR","TQCB","14.3066","595","394722","1000","94.2","1","91","10","4.5e+07","20.82","2026-05-26","2028-02-28",NULL,"2028-05-23","2026-05-06 22:53:56.141247+00","2026-05-09 23:55:16.844999+00","AAA","2026-04-08"
"789c4ef0-15b2-494b-967a-e0a088afccb3","7721403552","RU000A10ECY6","ЭЛРЕШ 1Р3","fix","to_maturity","SUR","TQCB","26.6995","402","1.2854988e+07","1000","99.57","1","30","23.5","1e+06","9.66","2026-05-26",NULL,NULL,"2027-08-19","2026-05-06 22:53:56.141247+00","2026-05-09 23:55:16.844999+00","BBB","2026-03-26"
"78d2cab0-966d-4486-80b8-a983ee85d394","5504036333","RU000A10BK17","Газпн3P15R","fix","to_maturity","SUR","TQCB","14.4508","1358","8.334813e+06","1000","64.95","1","30","2","1.2e+08","0.49","2026-06-01",NULL,NULL,"2030-04-11","2026-05-06 22:53:56.141247+00","2026-05-09 23:55:16.844999+00","AAA","2026-05-07"
"78d70d3f-ce7a-4ce3-bcb6-20153a9a2c7c","7713076301","RU000A105WK6","ВымпелК1Р4","fix","to_maturity","SUR","TQCB","14.282","650","3695","1000","92.07","1","91","8.85","5.979937e+06","5.33","2026-07-19",NULL,NULL,"2028-04-16","2026-05-06 22:53:56.141247+00","2026-05-09 23:55:16.844999+00","AA","2026-01-22"
"7901cb13-28aa-4878-ba95-6569f107e6b3","6625000100","RU000A10E9V6","ПУБ001Р-02","fix","to_maturity","SUR","TQCB","21.6805","451","1.820579e+06","1000","101.51","1","30","21","300000","15.53","2026-05-14",NULL,NULL,"2029-01-28","2026-05-06 22:53:56.141247+00","2026-05-09 23:55:16.844999+00","BB","2025-10-10"
"79130399-65ed-4221-b55c-9b60fb2eeed5","7744001497","RU000A10DQ19","ГПБ004Р35","fix","to_maturity","SUR","TQCB","6.7683","228","0","1000","95.98","1","365","0.01","1.389885e+06","0.04","2026-12-26",NULL,NULL,"2026-12-26","2026-05-06 22:53:56.141247+00","2026-05-09 23:55:16.844999+00","AAA","2026-04-28"
"791dba66-bc5f-4b27-b8df-3cd0991ba3e3","7714216826","RU000A10CZC7","Аэрфью2Р06","fix","to_maturity","SUR","TQCB","17.4118","455","461822","1000","102.28","1","91","18.25","1.1e+06","17.5","2026-07-06",NULL,NULL,"2027-10-04","2026-05-06 22:53:56.141247+00","2026-05-09 23:55:16.844999+00","A","2025-11-14"
"7981d207-ac29-4262-a768-71d5be7d984b","7729355614","RU000A0JX2R1","ДОМ.РФ Б-5","fix","other","SUR","TQCB","10.527","35","3009","1000","100.3","1","91","15","5e+06","24.25","2026-06-12","2026-06-16",NULL,"2049-12-22","2026-05-06 22:53:56.141247+00","2026-05-09 23:55:16.844999+00","","2025-12-22"
"79aedbb1-d079-406f-8450-8abf5e16fba4","7706561875","RU000A1071U9","ЭлемЛиз1P6","fix","to_maturity","SUR","TQCB","16.7408","83","56332","141.3","99.98","1","30","15.5","2.5e+06","0.36","2026-06-04",NULL,NULL,"2026-10-02","2026-05-06 22:53:56.141247+00","2026-05-09 23:55:16.844999+00","A","2026-04-21"
"79b740af-9399-404a-bff1-78172138d119","7202066550","RU000A10BWN3","ТАЛК002P02","fix","to_maturity","SUR","TQCB","30.4132","814","752143","1000","98.14","1","30","26","200000","10.68","2026-05-26",NULL,NULL,"2030-06-04","2026-05-06 22:53:56.141247+00","2026-05-09 23:55:16.844999+00","BBB","2025-12-29"
"79bc4f4c-75ea-40f8-b690-6e42b6614555","7707083893","RU000A107P88","СберИОС602","fix","to_maturity","SUR","TQCB","3.0727","1022","289485","1000","91.9","1","30","0.01","1.14617e+06","0","2026-06-04",NULL,NULL,"2029-02-27","2026-05-06 22:53:56.141247+00","2026-05-09 23:55:16.844999+00","","2026-04-10"
"7af6fa41-0611-43c9-82e5-548b4f7d753e","4716016979","RU000A10ASB8","Россет1Р15","fix","to_maturity","SUR","TQCB","14.2534","73","2.018551e+06","1000","101.63","1","30","21.5","2e+07","8.84","2026-05-26",NULL,NULL,"2026-07-25","2026-05-06 22:53:56.141247+00","2026-05-09 23:55:16.844999+00","","2026-05-05"
"7b2e6cc1-a9ed-4368-a708-847eb5a846f5","7820331348","RU000A10EJR5","АРЛФ1Р01","fix","to_maturity","SUR","TQCB","25.2907","746","3.416664e+06","1000","101.54","1","30","23.5","700000","18.67","2026-05-12",NULL,NULL,"2029-02-25","2026-05-06 22:53:56.141247+00","2026-05-09 23:55:16.844999+00","BB+","2025-12-25"
"7b31b465-2d15-43a3-aa26-71be070095c9","5321029508","RU000A0JWV89","Акрон Б1P1","fix","to_maturity","SUR","TQCB","14.2594","136","5752","1000","96.2","1","182","3","5e+06","3.78","2026-09-24",NULL,NULL,"2026-09-24","2026-05-06 22:53:56.141247+00","2026-05-09 23:55:16.844999+00","AA","2026-04-29"
"7b67df1b-a5df-4167-8fd2-a1c0886852b3","5321029508","RU000A10E6T6","Акрон Б2P2","fix","to_maturity","CNY","TQOY","7.5258","772","277194","1000","99","1","30","6.8","1.5e+06","1.49","2026-06-03",NULL,NULL,"2028-09-20","2026-05-06 22:53:56.141247+00","2026-05-09 23:55:16.844999+00","AA","2026-04-29"
"7c5e31cb-7b5a-4ae9-aed0-381c9209adc8","7838360491","RU000A1082X0","ЛСР БО 1Р9","fix","to_maturity","SUR","TQCB","16.0541","284","3.89229e+06","1000","99.82","1","30","14.75","3e+06","0","2026-05-11",NULL,NULL,"2027-03-07","2026-05-06 22:53:56.141247+00","2026-05-09 23:55:16.844999+00","A","2026-04-27"
"7cce57df-be94-44d1-a260-31754ce5948f","1435027673","RU000A101P27","Якут-35014","fix","to_maturity","SUR","TQCB","12.9801","257","41459","400","95.95","1","91","6.49","5.5e+06","4.2","2026-06-12",NULL,NULL,"2027-05-12","2026-05-06 22:53:56.141247+00","2026-05-09 23:55:16.844999+00","A+","2026-04-02"
"7ce1034c-0264-4947-86a9-33c85cbc7406","7708754375","RU000A10CS83","Органик1Р2","fix","to_maturity","SUR","TQCB","23.3997","663","413134","1000","100.99","1","30","21.75","100000","14.3","2026-05-17",NULL,NULL,"2028-09-03","2026-05-06 22:53:56.141247+00","2026-05-09 23:55:16.844999+00","BB+","2025-07-23"
"7d6bc711-ac4a-4c6e-9942-51498cbb4b37","7707083893","RU000A103PH1","СберИОС470","fix","to_maturity","SUR","TQCB","13.8746","877","0","1000","73.21","1","2562","0.01","591383","0","2028-10-05",NULL,NULL,"2028-10-05","2026-05-06 22:53:56.141247+00","2026-05-09 23:55:16.844999+00","","2026-04-10"
"7d85fc79-5403-4ff3-805c-501effd41f91","7726290542","RU000A109NA8","СолСАТЛ01","fix","to_maturity","SUR","TQCB","26.9003","356","113890","620","99.94","1","30","24","500000","8.56","2026-05-20",NULL,NULL,"2028-03-10","2026-05-06 22:53:56.141247+00","2026-05-09 23:55:16.844999+00","B+","2026-04-27"
"7d872de7-c768-4ee8-99c3-922524f9c4ec","3446010280","RU000A10A7A8","ВЗВТ-01","fix","to_maturity","SUR","TQCB","29.1174","358","602888","1000","103.5","1","91","30","100000","56.71","2026-06-02",NULL,NULL,"2027-11-30","2026-05-06 22:53:56.141247+00","2026-05-09 23:55:16.844999+00","B+","2025-09-11"
"7d994c28-23f0-407e-8feb-5081c1587431","7706107510","RU000A0JXQK2","Роснфт1P4","fix","to_maturity","SUR","TQCB","13.0396","338","547808","1000","96.83","1","182","9","4e+07","4.44","2026-10-22",NULL,NULL,"2027-04-22","2026-05-06 22:53:56.141247+00","2026-05-09 23:55:16.844999+00","AAA","2026-05-08"
"7e031ae1-d0b5-41ba-ae77-3b62d383b4dd","7750004150","RU000A101TB0","ВЭБ 1P-19","fix","to_maturity","SUR","TQCB","14.2758","376","220248","1000","92.96","1","182","6.59","1.5e+07","27.26","2026-06-11",NULL,NULL,"2027-06-10","2026-05-06 22:53:56.141247+00","2026-05-09 23:55:16.844999+00","","2026-05-06"
"7e1dd45f-539f-4165-9c02-66db8fe13e86","7840438730","RU000A10C6Z5","ЛЕГЕНДА2P4","fix","to_maturity","SUR","TQCB","19.1163","385","1.113791e+06","1000","102.79","1","30","20.25","2e+06","9.43","2026-05-24",NULL,NULL,"2027-07-18","2026-05-06 22:53:56.141247+00","2026-05-09 23:55:16.844999+00","BBB+","2026-04-16"
"7eaeee31-a7c8-4a52-80b9-0d28af48c5cc","7707083893","RU000A1069P3","Сбер Sb44R","fix","to_maturity","SUR","TQCB","15.7781","15","1.7561412e+07","1000","99.74","1","182","9.35","6.8e+07","42.52","2026-05-27",NULL,NULL,"2026-05-27","2026-05-06 22:53:56.141247+00","2026-05-09 23:55:16.844999+00","","2026-04-10"
"7ec27bf2-8c9a-4a0a-877c-774e54f54298","6164218952","RU000A103VD8","МСБЛиз2P05","fix","to_maturity","SUR","TQCB","21.3501","68","11914","138.82","98.66","1","30","12.25","96142","0.93","2026-05-21",NULL,NULL,"2026-09-18","2026-05-06 22:53:56.141247+00","2026-05-09 23:55:16.844999+00","","2025-07-04"
"7ec41a18-4dae-40d9-95db-e3731c3dc75c","7707837251","RU000A106CM2","СмартФ1Р01","fix","to_maturity","SUR","TQCB","31.7249","23","406271","1000","99.17","1","91","15.75","150000","28.91","2026-06-04",NULL,NULL,"2026-06-04","2026-05-06 22:53:56.141247+00","2026-05-09 23:55:16.844999+00","BBB-","2025-09-24"
"7f1a67f9-1820-4d89-aa85-4482bdac85d6","4401116480","RU000A10E846","СовкомБИ15","fix","to_maturity","SUR","TQCB","5.713","656","0","1000","90.5","1","365","0.01","105116","0.02","2027-02-27",NULL,NULL,"2028-02-27","2026-05-06 22:53:56.141247+00","2026-05-09 23:55:16.844999+00","AA","2026-04-17"
"7f24c0fd-f5f4-4204-bbe4-d99a9fce62d5","7710168360","SU26247RMFS5","ОФЗ 26247","fix","to_maturity","SUR","TQOB","14.7078","2215","7.524274e+08","1000","88.542","1","182","12.25","1e+09","55.71","2026-05-27",NULL,NULL,"2039-05-11","2026-05-06 22:53:56.141247+00","2026-05-09 23:55:16.844999+00",NULL,NULL
"7f619d46-c97d-4fe5-b6a8-fa546a13200c","9724021393","RU000A10AYB6","АСпэйс 1Р2","fix","to_maturity","SUR","TQCB","26.8949","504","1.035412e+06","1000","109.95","1","30","31","150000","20.38","2026-05-17",NULL,NULL,"2028-08-04","2026-05-06 22:53:56.141247+00","2026-05-09 23:55:16.844999+00","BB","2025-12-04"
"7f714f4c-8b10-49a6-9d5c-ff950761f2b2","7702070139","RU000A106A94","ВТБ Б1-323","fix","to_maturity","SUR","TQCB","5.0832","13","0","1000","99.81","1","91","0.01","441698","0.02","2026-05-25",NULL,NULL,"2026-05-25","2026-05-06 22:53:56.141247+00","2026-05-09 23:55:16.844999+00","AAA","2026-04-10"
"7f938b49-0893-4047-93ea-ee337a1f500c","9718236471","RU000A10F512","iКарРус1P8","fix","to_maturity","SUR","TQCB","0.0679","1077","2.8322494e+07","1000","99.8","1","30","22","1e+06","1.81","2026-06-07",NULL,NULL,"2029-04-22","2026-05-09 22:15:17.540546+00","2026-05-09 23:55:16.844999+00","BBB+","2026-05-05"
"800c3ad4-79a5-46f6-8466-e11040458107","7707083893","RU000A102TH5","СберИОС425","fix","to_maturity","SUR","TQCB","13.4048","685","0","1000","79","1","2565","0.01","993793","0","2028-03-27",NULL,NULL,"2028-03-27","2026-05-06 22:53:56.141247+00","2026-05-09 23:55:16.844999+00","","2026-04-10"
"8010dbbc-ac54-4818-a29a-f93c030cb0e0","7736328675","RU000A10EYY0","Медскан1Р2","fix","to_maturity","SUR","TQCB","16.4891","634","3.8917524e+07","1000","99.99","1","30","15.35","3.5e+06","5.47","2026-05-28",NULL,NULL,"2028-05-17","2026-05-06 22:53:56.141247+00","2026-05-09 23:55:16.844999+00","A","2026-05-08"
"80264067-aaf1-4502-92c0-6b7414566786","1402047184","RU000A10DTF1","Селигдар8Р","fix","to_maturity","SUR","TQCB","16.4187","630","8.127787e+06","1000","104.75","1","30","18","5.5e+06","12.82","2026-05-15",NULL,NULL,"2028-06-03","2026-05-06 22:53:56.141247+00","2026-05-09 23:55:16.844999+00","A+","2026-04-23"
"808958e0-42b7-463a-b2fb-9860ff784561","5835115642","RU000A108KV2","МоторТ1Р05","fix","to_maturity","SUR","TQCB","41.9613","759","291322","1000","70.22","1","91","20","70000","40","2026-05-29",NULL,NULL,"2029-05-25","2026-05-06 22:53:56.141247+00","2026-05-09 23:55:16.844999+00","BB-","2025-06-02"
"81c77c84-5e39-48a2-82c6-30984059ada5","6455041925","RU000A107SX3","ЭконЛиз1Р7","fix","to_maturity","SUR","TQCB","24.59","258","247812","1000","95.46","1","91","16","92998","36.82","2026-05-18",NULL,NULL,"2027-02-15","2026-05-06 22:53:56.141247+00","2026-05-09 23:55:16.844999+00","BBB-","2025-07-22"
"81ea771f-bf14-4c44-a44e-bcf9827124fc","9731004688","RU000A10BFX7","СамолетP16","fix","to_maturity","SUR","TQCB","25.8655","552","1.0362689e+07","1000","103.48","1","30","25.5","3e+06","16.77","2026-05-17",NULL,NULL,"2028-04-06","2026-05-06 22:53:56.141247+00","2026-05-09 23:55:16.844999+00","A-","2026-03-30"
"8202d86f-4a66-4c2c-b871-76e455f9bfbe","6164218952","RU000A106D18","МСБЛиз3P01","fix","to_maturity","SUR","TQCB","14.7334","17","70195","41.59","99.98","1","30","13.5","300000","0.2","2026-05-28",NULL,NULL,"2026-05-28","2026-05-06 22:53:56.141247+00","2026-05-09 23:55:16.844999+00","","2025-07-04"
"82559811-7ec9-45a8-9e24-bd4202f81b0f","7728168971","RU000A10E7Q0","АЛЬФАБ2Р31","fix","to_maturity","SUR","TQCB","12.2606","253","206613","1000","102.3","1","30","14.93","3e+07","1.64","2026-06-06",NULL,NULL,"2027-02-01","2026-05-06 22:53:56.141247+00","2026-05-09 23:55:16.844999+00","A+","2026-05-05"
"827ddea9-46da-4474-a2c8-09309d4b4470","9703149829","RU000A109QT1","ИнвОбл11","fix","to_maturity","SUR","TQCB","30.6229","143","0","1000","90","1","365","0.01","70000","0.06","2026-10-02",NULL,NULL,"2026-10-02","2026-05-06 22:53:56.141247+00","2026-05-09 23:55:16.844999+00","AA-","2026-04-15"
"8298f5e3-4ad8-4f12-ad73-e5abccd56f39","6455041925","RU000A10B081","ЭконЛиз1Р8","fix","to_maturity","SUR","TQCB","24.1998","522","266144","1000","107.49","1","30","27","100000","8.88","2026-05-29",NULL,NULL,"2028-02-18","2026-05-06 22:53:56.141247+00","2026-05-09 23:55:16.844999+00","BBB-","2025-07-22"
"829e89dd-97e5-4aa2-a1bd-b3754e515823","5249111131","RU000A108405","iХРОМОС Б1","fix","other","SUR","TQCB","21.6629","7","765490","1000","102.77","1","30","29.5","500000","19.4","2026-05-17","2026-09-23",NULL,"2028-03-07","2026-05-06 22:53:56.141247+00","2026-05-09 23:55:16.844999+00","BB","2026-02-19"
"82c753ec-03f4-48da-b33f-42e971f4b191","7733812126","RU000A106Y88","ВЭББНКР 04","fix","to_maturity","SUR","TQCB","26.1941","142","25706","916.7","96.72","1","30","15","350000","10.55","2026-05-13",NULL,NULL,"2027-03-09","2026-05-06 22:53:56.141247+00","2026-05-09 23:55:16.844999+00","BB","2026-03-18"
"834b8c1c-6a3c-4074-8655-676545fe3a00","5406285846","RU000A100WF7","Новосиб10","fix","to_maturity","SUR","TQCB","14.0654","148","8510","300","97.6","1","90","7.3","5e+06","2.1","2026-07-05",NULL,NULL,"2026-10-08","2026-05-06 22:53:56.141247+00","2026-05-09 23:55:16.844999+00","A-","2025-12-29"
"8362097f-eeb4-44fc-b735-c9e5a7ccba9d","7744001497","RU000A10E7Y4","ГПБ004Р39","fix","to_maturity","SUR","TQCB","18.1767","291","0","1000","87.5","1","365","0.01","376284","0.02","2027-02-27",NULL,NULL,"2027-02-27","2026-05-06 22:53:56.141247+00","2026-05-09 23:55:16.844999+00","AAA","2026-04-28"
"838832df-d236-47e5-bb7a-8ae8723cc319","7704370755","RU000A102MB3","Титан-3 01","fix","to_maturity","SUR","TQCB","7.6613","4310","3717","19.36","100","1","91","7.45","2.275e+06","0.05","2026-07-28",NULL,NULL,"2053-07-28","2026-05-06 22:53:56.141247+00","2026-05-09 23:55:16.844999+00","AAA","2026-01-21"
"838bfb65-60e1-4ab0-adcc-3db45ca153c6","7724889891","RU000A107795","ЛаймЗайм04","fix","to_maturity","SUR","TQCB","22.1568","166","244451","500","98.14","1","30","16","500000","1.75","2026-06-02",NULL,NULL,"2026-10-30","2026-05-06 22:53:56.141247+00","2026-05-09 23:55:16.844999+00","BB+","2025-11-19"
"83928481-f48a-456d-afc5-9e8ed1403ba1","7727290538","RU000A107GL3","ИАДОМ 1P40","fix","to_maturity","SUR","TQCB","11.8137","1231","625","674.05","92.68","1","30","9","1.0972371e+08","2.16","2026-05-28",NULL,NULL,"2033-11-28","2026-05-06 22:53:56.141247+00","2026-05-09 23:55:16.844999+00","","2025-07-30"
"839f1bbe-bd51-4032-bbed-61f84e09512e","7704400618","RU000A10CH03","Эфферон1Р1","fix","to_maturity","SUR","TQCB","23.8082","643","714823","1000","100.1","1","91","22","300000","48.82","2026-05-21",NULL,NULL,"2028-08-17","2026-05-06 22:53:56.141247+00","2026-05-09 23:55:16.844999+00","BB","2025-07-03"
"83f9dbbd-8da8-413d-9c80-e663a5bb2703","7841422483","RU000A10BP87","ПИР 1P3","fix","to_maturity","SUR","TQCB","30.3313","406","7.917255e+06","1000","103.6","1","30","30","500000","15.62","2026-05-22",NULL,NULL,"2028-05-11","2026-05-06 22:53:56.141247+00","2026-05-09 23:55:16.844999+00","BB","2025-11-21"
"840e5983-eaad-45b3-99b3-567886e13c35","9703221553","RU000A10DSC0","ТБ-6_Б1","fix","to_maturity","SUR","TQCB","17.296","746","1.998009e+06","1000","103.99","1","31","18","8e+06","3.95","2026-06-03",NULL,NULL,"2031-01-03","2026-05-06 22:53:56.141247+00","2026-05-09 23:55:16.844999+00",NULL,NULL
"844fc0bd-e739-4e19-9527-1958ac7022eb","7707083893","RU000A1074S7","СберИОС591","fix","to_maturity","SUR","TQCB","5.6068","933","0","1000","87","1","32","0.01","520483","0","2026-06-09",NULL,NULL,"2028-11-30","2026-05-06 22:53:56.141247+00","2026-05-09 23:55:16.844999+00","","2026-04-10"
"847fff92-abc0-476d-b45c-4264f3edd49b","7720518494","RU000A101XS6","МОЭК БО1P4","fix","to_maturity","SUR","TQCB","12.569","65","18100","1000","100.68","1","182","16.5","5e+06","52.89","2026-07-15",NULL,NULL,"2026-07-15","2026-05-06 22:53:56.141247+00","2026-05-09 23:55:16.844999+00","AAA","2025-08-04"
"849437fc-6a61-4250-8000-54577270af8a","7325081622","RU000A106B51","БДеньг-2P2","fix","to_maturity","SUR","TQCB","25.1584","106","1.010876e+06","1000","98.07","1","30","16","300000","11.4","2026-05-15",NULL,NULL,"2026-11-11","2026-05-06 22:53:56.141247+00","2026-05-09 23:55:16.844999+00","BB","2025-07-10"
"84998a48-7c28-4f17-9273-54b8d991f8ee","6672241304","RU000A1082Y8","СТМ 1P4","fix","to_maturity","SUR","TQCB","18.9247","813","9.737877e+07","1000","100.87","1","30","17.85","1e+07","7.82","2026-05-25",NULL,NULL,"2029-03-10","2026-05-06 22:53:56.141247+00","2026-05-09 23:55:16.844999+00","A","2026-02-03"
"849c4e07-789e-46f4-b72d-224df653e75d","7707083893","RU000A1044W2","СберИОС497","fix","to_maturity","SUR","TQCB","18.4579","225","0","1000","90.13","1","1832","0.01","268316","0","2026-12-22",NULL,NULL,"2026-12-22","2026-05-06 22:53:56.141247+00","2026-05-09 23:55:16.844999+00","","2026-04-10"
"84b26c75-b59e-4b89-b54a-71e75c83ce97","7728803870","RU000A103RL9","ПетрИнжP1","fix","to_maturity","SUR","TQCB","17.31","127","226009","1000","97.77","1","91","9.75","500000","13.89","2026-06-19",NULL,NULL,"2026-09-18","2026-05-06 22:53:56.141247+00","2026-05-09 23:55:16.844999+00","A-","2026-04-17"
"851a1daf-4eb5-4720-851e-9838f36ba65f","5405971433","RU000A100T81","ЮниМетр01","fix","to_maturity","SUR","TQCB","24.3087","83","3178","250","97.79","1","30","12","400000","0.49","2026-06-04",NULL,NULL,"2026-08-03","2026-05-06 22:53:56.141247+00","2026-05-09 23:55:16.844999+00",NULL,NULL
"852292eb-90a0-4119-94c6-64f1bfba55a9","5612069520","RU000A107P47","ЦР БО-03","fix","to_maturity","SUR","TQCB","49.2819","388","201374","750","78.9","1","30","19","200000","10.15","2026-05-15",NULL,NULL,"2028-01-05","2026-05-06 22:53:56.141247+00","2026-05-09 23:55:16.844999+00","C","2026-02-27"
"8570909d-e442-4d96-b0f0-96c4ff71e712","5321029508","RU000A0JXSS1","Акрон Б1P2","fix","to_maturity","SUR","TQCB","8.6871","365","0","1000","96.58","1","182","5","5e+06","22.88","2026-05-26",NULL,NULL,"2027-05-25","2026-05-06 22:53:56.141247+00","2026-05-09 23:55:16.844999+00","AA","2026-04-29"
"85cf66ff-136a-4134-a85f-7269c6a6597f","7453326003","RU000A105DS9","АПРИ 2Р1","fix","to_maturity","SUR","TQCB","26.069","127","1.009894e+06","1000","100.04","1","91","24","500000","3.95","2026-08-04",NULL,NULL,"2026-11-03","2026-05-06 22:53:56.141247+00","2026-05-09 23:55:16.844999+00","BBB-","2025-10-24"
"865dfbc7-fe89-45b7-8528-4391120dd4fa","7707083893","RU000A103VP2","СберИОС479","fix","to_maturity","SUR","TQCB","14.5667","176","0","1000","93.7","1","1832","0.01","2.172621e+06","0","2026-11-03",NULL,NULL,"2026-11-03","2026-05-06 22:53:56.141247+00","2026-05-09 23:55:16.844999+00","","2026-04-10"
"866ae78a-452d-45ff-8731-443f7f699921","7708582197","RU000A107QM0","АЛЬЯНС 1P4","fix","other","SUR","TQCB","137.9957","20","1.189301e+06","1000","95.74","1","30","17","500000","7.45","2026-05-25","2026-06-01",NULL,"2027-01-20","2026-05-06 22:53:56.141247+00","2026-05-09 23:55:16.844999+00","","2026-02-17"
"86785db3-769c-4ab4-ad67-2e8bad346edc","7731559044","RU000A0ZYMN9","ВертолетБ3","fix","to_maturity","SUR","TQCB","8.983","539","1000","1000","100","1","182","8.8","5e+06","34.72","2026-06-18",NULL,NULL,"2027-12-16","2026-05-06 22:53:56.141247+00","2026-05-09 23:55:16.844999+00","","2022-12-23"
"867a76c8-71e5-4876-b261-4fa624138d74","5406805083","RU000A10D1U6","Бустер Б01","fix","to_maturity","SUR","TQCB","25.6922","543","964839","1000","102.09","1","30","24.5","300000","2.68","2026-06-06",NULL,NULL,"2028-09-23","2026-05-06 22:53:56.141247+00","2026-05-09 23:55:16.844999+00",NULL,NULL
"86b8e803-2c69-490f-8de7-a13eafe04374","7728168971","RU000A107AM4","АЛЬФАБ2Р25","fix","to_maturity","SUR","TQCB","13.9469","190","972664","1000","99.98","1","91","13.25","1.1e+07","26.86","2026-05-28",NULL,NULL,"2026-11-26","2026-05-06 22:53:56.141247+00","2026-05-09 23:55:16.844999+00","A+","2026-05-05"
"86d833ad-30ca-4d97-9b17-3535b1669618","7707083893","RU000A1093H0","СберИОС636","fix","to_maturity","SUR","TQCB","0.5348","1200","0","1000","98.3","1","30","0.01","103586","0","2026-06-03",NULL,NULL,"2029-08-24","2026-05-06 22:53:56.141247+00","2026-05-09 23:55:16.844999+00","","2026-04-10"
"87139cce-e883-492e-93c6-feb40b50456e","7000000885","RU000A10AC75","Томскобл24","fix","to_maturity","SUR","TQCB","15.4415","318","8.93284e+06","750","110.4","1","30","26","1e+07","10.68","2026-05-21",NULL,NULL,"2027-12-12","2026-05-06 22:53:56.141247+00","2026-05-09 23:55:16.844999+00","BBB","2026-04-30"
"8756cff0-0563-4e0e-8e48-d98cfc9e38fe","7300023241","RU000A10DLN2","Финэква1Р1","fix","to_maturity","SUR","TQCB","25.2409","793","2.310291e+06","1000","102.8","1","30","24","600000","9.86","2026-05-26",NULL,NULL,"2029-11-06","2026-05-06 22:53:56.141247+00","2026-05-09 23:55:16.844999+00",NULL,NULL
"8758957d-38d8-4781-8d2d-4c0a90ea6063","7703104630","RU000A10CU48","Систем2P04","fix","to_maturity","SUR","TQCB","16.4456","732","2.648274e+06","1000","103.39","1","30","17","2e+06","7.92","2026-05-24",NULL,NULL,"2029-09-05","2026-05-06 22:53:56.141247+00","2026-05-09 23:55:16.844999+00","AA-","2026-02-27"
"87752b7a-6c50-4f1c-a327-d1702cf7c8c6","5405963591","RU000A104EP6","НЗРМ БО-01","fix","to_maturity","SUR","TQCB","30.0885","165","84794","400","95.23","1","30","15.75","160000","2.59","2026-05-26",NULL,NULL,"2026-12-22","2026-05-06 22:53:56.141247+00","2026-05-09 23:55:16.844999+00","","2025-04-09"
"879b9f54-3031-4f3e-8be9-b97122a8e614","7702508905","RU000A103DT2","Артгн БО01","fix","to_maturity","SUR","TQCB","20.4239","57","411009","1000","98.72","1","91","10.75","300000","9.72","2026-07-08",NULL,NULL,"2026-07-08","2026-05-06 22:53:56.141247+00","2026-05-09 23:55:16.844999+00","BBB-","2025-07-14"
"879f4b4b-7863-4188-8a44-6e412800eee5","6661004608","RU000A0ZZQH9","СвердлОбл5","fix","to_maturity","SUR","TQCB","13.6483","162","19411","50","98.1","1","91","8.68","5e+06","0.67","2026-06-15",NULL,NULL,"2026-10-23","2026-05-06 22:53:56.141247+00","2026-05-09 23:55:16.844999+00","AA+","2026-04-29"
"87b141f1-1b62-49e2-a925-d08c7a445847","7707083893","RU000A108Z02","СберИОС633","fix","to_maturity","SUR","TQCB","3.7009","1185","0","1000","88.9","1","34","0.01","751821","0","2026-05-21",NULL,NULL,"2029-08-09","2026-05-06 22:53:56.141247+00","2026-05-09 23:55:16.844999+00","","2026-04-10"
"882deb5f-cdc4-412f-9510-e4d4e5e9252e","7703104630","RU000A0JWYQ5","СистемБ1P4","fix","to_maturity","SUR","TQCB","16.1043","172","494548","1000","102.39","1","182","21","6.5e+06","5.75","2026-10-30",NULL,NULL,"2026-10-30","2026-05-06 22:53:56.141247+00","2026-05-09 23:55:16.844999+00","AA-","2026-02-27"
"885ede6b-4de5-4a83-9044-d57c47b5298d","7707083893","RU000A107J45","СберИОС601","fix","to_maturity","SUR","TQCB","10.545","1014","705024","1000","75.7","1","34","0.01","1.562498e+06","0","2026-05-21",NULL,NULL,"2029-02-19","2026-05-06 22:53:56.141247+00","2026-05-09 23:55:16.844999+00","","2026-04-10"
"8891027d-0d3d-4098-8303-ee0672538999","7708503727","RU000A0JTU85","РЖД-28 обл","fix","to_maturity","SUR","TQCB","14.5474","597","424220","1000","106.38","1","182","18.1","2e+07","23.8","2026-09-22",NULL,NULL,"2028-03-21","2026-05-06 22:53:56.141247+00","2026-05-09 23:55:16.844999+00","","2026-04-07"
"88e49b0d-cecf-4cab-9d5e-1c2886ea82f7","7720261827","RU000A0ZZ984","ГТЛК 1P-10","fix","other","SUR","TQCB","15.4241","840","21603","1000","72.02","1","91","0.1","1e+07","0.2","2026-05-29","2028-08-30",NULL,"2033-05-20","2026-05-06 22:53:56.141247+00","2026-05-09 23:55:16.844999+00","AA-","2026-03-23"
"891584a5-119a-4145-8ee6-57548a71d063","2317084067","RU000A10E6S8","РКС2Р7","fix","to_maturity","SUR","TQCB","28.476","715","2.189959e+06","1000","101.32","1","30","26","400000","4.99","2026-06-03",NULL,NULL,"2029-01-18","2026-05-06 22:53:56.141247+00","2026-05-09 23:55:16.844999+00",NULL,NULL
"896cb0d5-c08f-427d-9b3f-91927e75c684","7708503727","RU000A104SX0","РЖД 1Р-24R","fix","to_maturity","SUR","TQCB","13.7783","343","315168","1000","98.7","1","182","11.87","1e+07","3.25","2026-10-30",NULL,NULL,"2027-04-30","2026-05-06 22:53:56.141247+00","2026-05-09 23:55:16.844999+00","","2026-04-07"
"8a04e13c-01f8-4190-8da3-0db4b4f7383e","7727290538","RU000A104511","ИАДОМ 1P14","fix","to_maturity","SUR","TQCB","13.2903","1106","386","451.24","85.64","1","89","0","6.9302784e+07","0","2026-05-28",NULL,NULL,"2031-11-28","2026-05-06 22:53:56.141247+00","2026-05-09 23:55:16.844999+00","","2025-07-30"
"8a16cda4-adcf-470b-bb79-873e5ebcd3c6","4705081944","RU000A10EES4","ВИС Ф БП11","fix","to_maturity","SUR","TQCB","16.7485","813","1.1674759e+07","1000","103.16","1","30","17","2.5e+06","4.19","2026-06-01",NULL,NULL,"2029-02-15","2026-05-06 22:53:56.141247+00","2026-05-09 23:55:16.844999+00","","2026-04-01"
"8a32c20a-a899-444e-b11c-c507469e9b2d","7740000076","RU000A101NG2","МТС 1P-15","fix","to_maturity","SUR","TQCB","12.0449","176","129706","1000","97.69","1","91","6.6","5e+06","0.72","2026-08-06",NULL,NULL,"2026-11-05","2026-05-06 22:53:56.141247+00","2026-05-09 23:55:16.844999+00","","2026-05-07"
"8ab206f2-cce0-494f-a8ee-7574f6db5112","7728168971","RU000A0JX5W4","АльфаБО-18","fix","other","SUR","TQCB","14.8704","234","567868","1000","100.18","1","182","14.85","5e+06","48.42","2026-07-13","2027-01-13",NULL,"2032-01-05","2026-05-06 22:53:56.141247+00","2026-05-09 23:55:16.844999+00","A+","2026-05-05"
"8bfe029e-78c5-4879-a8f5-4eb783d05d30","5503067018","RU000A10EQ34","АФБАНК1Р18","fix","to_maturity","SUR","TQCB","15.2989","851","3.699573e+06","1000","100.99","1","30","14.75","7e+06","4.85","2026-05-29",NULL,NULL,"2029-03-14","2026-05-06 22:53:56.141247+00","2026-05-09 23:55:16.844999+00","AA","2025-12-10"
"8c31f49b-1c11-4c1d-bed6-92b17842a3dc","9704160303","RU000A10BQR6","СБСекьюр2А","fix","to_maturity","SUR","TQCB","15.9706","206","1.1153156e+07","493.08","103.06","1","30","20.3","1.09e+07","4.11","2026-05-26",NULL,NULL,"2034-05-26","2026-05-06 22:53:56.141247+00","2026-05-09 23:55:16.844999+00","AAA","2025-06-26"
"8c379fe3-c95e-41bc-b845-314b5e44af33","7707083893","RU000A10D4M7","СберИОС765","fix","to_maturity","SUR","TQCB","0.7247","933","0","1000","98.2","1","364","0.01","72023","0","2026-10-30",NULL,NULL,"2028-11-30","2026-05-06 22:53:56.141247+00","2026-05-09 23:55:16.844999+00","","2026-04-10"
"8c41031c-2b2d-4df3-8d0f-b89a19fa9dd3","7707083893","RU000A108Q60","СберИОС626","fix","to_maturity","SUR","TQCB","5.5152","1155","0","1000","84.4","1","32","0.01","420267","0","2026-05-19",NULL,NULL,"2029-07-10","2026-05-06 22:53:56.141247+00","2026-05-09 23:55:16.844999+00","","2026-04-10"
"8c50ad80-dc22-423f-bec9-28899442e4a9","7727290538","RU000A1031K4","ИАДОМ Б1P8","fix","to_maturity","SUR","TQCB","12.8549","1348","907","371.95","81.5","1","91","6.95","4.742319e+06","0.92","2026-07-28",NULL,NULL,"2051-04-28","2026-05-06 22:53:56.141247+00","2026-05-09 23:55:16.844999+00","","2025-07-30"
"8c80f67b-875d-480f-8154-882744b4de66","7838307811","RU000A106U90","Пркт1111Р1","fix","to_maturity","SUR","TQCB","23.9896","111","407189","1000","97.73","1","91","14.5","500000","26.62","2026-06-04",NULL,NULL,"2026-09-03","2026-05-06 22:53:56.141247+00","2026-05-09 23:55:16.844999+00","BBB","2026-04-30"
"8c91a211-759c-4896-81f2-44e4fd2e7a79","7744001497","RU000A10B5S3","ГПБ004Р18","fix","to_maturity","SUR","TQCB","12.6483","353","0","1000","89.1","1","365","0.01","324609","0","2027-04-30",NULL,NULL,"2027-04-30","2026-05-06 22:53:56.141247+00","2026-05-09 23:55:16.844999+00","AAA","2026-04-28"
"8c9ffd20-98f5-40a5-baaa-491d6f97f7d3","7709971326","RU000A10BLG0","Интерск2P1","fix","to_maturity","SUR","TQCB","14.9741","341","189969","100","102.7687","1","30","17","395000","0","2026-05-11",NULL,NULL,"2028-04-30","2026-05-06 22:53:56.141247+00","2026-05-09 23:55:16.844999+00","BB+","2025-07-23"
"8cdda740-6964-403d-bb8b-be50153fae82","7702070139","RU000A10D681","ВТБ Б1-383","fix","to_maturity","SUR","TQCB","5.1928","183","0","1000","97.49","1","365","0.01","397751","0","2026-11-11",NULL,NULL,"2026-11-11","2026-05-06 22:53:56.141247+00","2026-05-09 23:55:16.844999+00","AAA","2026-04-10"
"8ce1f7ef-1d0a-4389-ae99-cd0c7bc09ad0","7730176955","RU000A108FS8","ANTERRA-02","fix","to_maturity","SUR","TQCB","66.5168","321","622177","1000","74.35","1","91","20","250000","45.48","2026-05-19",NULL,NULL,"2027-05-18","2026-05-06 22:53:56.141247+00","2026-05-09 23:55:16.844999+00","B-","2025-12-12"
"8d72c6e1-4ce9-498d-b645-9d9d7d405a65","7707049388","RU000A10BSL5","РостелP17R","fix","to_maturity","SUR","TQCB","13.0143","456","1.7566e+06","1000","105.33","1","30","16.5","1.5e+07","1.81","2026-06-06",NULL,NULL,"2027-09-29","2026-05-06 22:53:56.141247+00","2026-05-09 23:55:16.844999+00","AAA","2026-04-27"
"8e008a35-4a86-428c-ad6d-d120d533261e","7707083893","RU000A10AN98","СберИОС671","fix","to_maturity","SUR","TQCB","0.0373","1378","0","1000","99.9","1","364","0.01","214799","0","2027-01-29",NULL,NULL,"2030-02-18","2026-05-06 22:53:56.141247+00","2026-05-09 23:55:16.844999+00","","2026-04-10"
"8e200dc1-a977-4021-9c49-5b1f481d2b73","7710168360","SU26253RMFS3","ОФЗ 26253","fix","to_maturity","SUR","TQOB","14.719","2272","1.3633829e+09","1000","92.997","1","182","13","7.5e+08","6.77","2026-10-21",NULL,NULL,"2038-10-06","2026-05-06 22:53:56.141247+00","2026-05-09 23:55:16.844999+00",NULL,NULL
"8e47e9d2-d0b0-405b-a1e9-e4f3243d5c98","7706061801","RU000A1010B7","ТрнфБО1P13","fix","to_maturity","SUR","TQCB","14.1139","171","1.000223e+06","1000","96.99","1","182","6.85","1.5e+07","1.88","2026-10-30",NULL,NULL,"2026-10-30","2026-05-06 22:53:56.141247+00","2026-05-09 23:55:16.844999+00","AAA","2025-10-28"
"8e5482fb-1f46-4a11-940c-6473f623f0dc","7702070139","RU000A103174","ВТБ Б1-217","fix","to_maturity","SUR","TQCB","16.6258","197","0","1000","92","1","182","0.01","163174","0.05","2026-05-27",NULL,NULL,"2026-11-25","2026-05-06 22:53:56.141247+00","2026-05-09 23:55:16.844999+00","AAA","2026-04-10"
"8ea1b01d-a643-4710-b299-c1a195370281","7710168360","SU26219RMFS4","ОФЗ 26219","fix","to_maturity","SUR","TQOB","13.196","127","3.2336192e+07","1000","98.3","1","182","7.75","3.6197418e+08","11.46","2026-09-16",NULL,NULL,"2026-09-16","2026-05-06 22:53:56.141247+00","2026-05-09 23:55:16.844999+00",NULL,NULL
"8ec460e6-5550-4327-ba67-f9ba3e4cb3bb","7816430057","RU000A107W48","Инаркт2Р1","fix","to_maturity","SUR","TQCB","15.4829","272","3.360678e+06","1000","99.69","1","91","14.25","3e+06","28.5","2026-05-29",NULL,NULL,"2027-02-26","2026-05-06 22:53:56.141247+00","2026-05-09 23:55:16.844999+00","A+","2025-07-22"
"8efb21e1-719f-40e8-af66-84009ca343e6","9731004688","RU000A107RZ0","СамолетP13","fix","to_maturity","SUR","TQCB","29.9222","239","1.6644587e+07","1000","96.51","1","30","21","2.45e+07","6.9","2026-05-29",NULL,NULL,"2027-01-24","2026-05-06 22:53:56.141247+00","2026-05-09 23:55:16.844999+00","A-","2026-03-30"
"8f037683-ec3f-49eb-ad21-9f7376d840c3","7702070139","RU000A1043Q6","ВТБ Б1-270","fix","to_maturity","SUR","TQCB","0.0128","284","0","1000","100","1","91","0.01","6.130438e+06","0","2026-05-22",NULL,NULL,"2027-02-20","2026-05-06 22:53:56.141247+00","2026-05-09 23:55:16.844999+00","AAA","2026-04-10"
"8f7c9151-cd72-4dad-8563-467d98f80521","1652009537","RU000A10AHE5","НовТех1Р2","fix","to_maturity","SUR","TQCB","17.3529","201","3.083482e+06","1000","106.47","1","30","27.5","1.15e+06","15.82","2026-05-20",NULL,NULL,"2026-12-16","2026-05-06 22:53:56.141247+00","2026-05-09 23:55:16.844999+00","A","2025-12-05"
"8f98013f-3fe1-417b-a0b1-a23acd243213","7721403552","RU000A10D1J9","ЭЛРЕШ 1Р2","fix","to_maturity","SUR","TQCB","25.3647","436","4.092124e+06","1000","99.62","1","30","22.5","1e+06","3.7","2026-06-04",NULL,NULL,"2027-09-27","2026-05-06 22:53:56.141247+00","2026-05-09 23:55:16.844999+00","BBB","2026-03-26"
"8fc97f45-3987-4d5d-a0b5-376c45558e74","5607019523","RU000A10CLX3","УралСт1Р05","fix","to_maturity","SUR","TQCB","25.8665","546","8.022783e+06","1000","93.21","1","30","18.5","4e+06","7.6","2026-05-26",NULL,NULL,"2028-02-15","2026-05-06 22:53:56.141247+00","2026-05-09 23:55:16.844999+00","","2026-04-28"
"8fcc54c7-892b-4aad-9a9e-72895d45a718","7707083893","RU000A107DB1","СберИОС598","fix","to_maturity","SUR","TQCB","9.6194","993","779","1000","77.9","1","30","0.01","453695","0","2026-06-04",NULL,NULL,"2029-01-29","2026-05-06 22:53:56.141247+00","2026-05-09 23:55:16.844999+00","","2026-04-10"
"90541ce6-6df4-4c43-b826-6f356e002e07","7727290538","RU000A105NP4","ИАДОМ 1P30","fix","to_maturity","SUR","TQCB","13.6262","1201","509","572.09","89.04","1","91","9.46","4.46549e+06","1.93","2026-07-28",NULL,NULL,"2032-10-28","2026-05-06 22:53:56.141247+00","2026-05-09 23:55:16.844999+00","","2025-07-30"
"9092178c-3122-4c6a-8693-f9133195766a","7706664260","RU000A10C6L5","Атомэнпр07","fix","to_maturity","SUR","TQCB","14.5643","1171","2.3090718e+08","1000","101.63","1","91","14.35","8e+07","6.68","2026-07-24",NULL,NULL,"2030-07-19","2026-05-06 22:53:56.141247+00","2026-05-09 23:55:16.844999+00","AAA","2026-03-13"
"90ca3f01-248f-4ad1-b53d-825952eb2d27","0274034308","RU000A10CSP4","Башкрт125","fix","to_maturity","SUR","TQCB","14.181","443","184125","1000","100.81","1","30","14","5e+06","4.99","2026-05-28",NULL,NULL,"2027-09-20","2026-05-06 22:53:56.141247+00","2026-05-09 23:55:16.844999+00","AA+","2026-03-05"
"9100b281-4f6e-4d60-8126-8c4a0f5db1bb","5611067262","RU000A10ED62","Вернём1Р1","fix","to_maturity","SUR","TQCB","28.9151","719","715275","1000","101.63","1","30","26.5","150000","10.16","2026-05-27",NULL,NULL,"2029-02-10","2026-05-06 22:53:56.141247+00","2026-05-09 23:55:16.844999+00","B","2025-12-11"
"910cb752-5010-44b6-af33-d025b5756508","7826705374","RU000A10BJX9","БалтЛизП16","fix","to_maturity","SUR","TQCB","18.5931","331","3.07152e+06","1000","104.63","1","30","22.25","4.5e+06","9.75","2026-05-25",NULL,NULL,"2028-05-14","2026-05-06 22:53:56.141247+00","2026-05-09 23:55:16.844999+00","AA-","2026-01-28"
"9127b00d-7f4a-4a40-b139-8458856dd3a7","7707049388","RU000A109916","РостелP10R","fix","to_maturity","SUR","TQCB","0.1465","91","15506","1000","104.97","1","91","19.25","1e+07","45.88","2026-05-15",NULL,NULL,"2026-08-14","2026-05-06 22:53:56.141247+00","2026-05-09 23:55:16.844999+00","AAA","2026-04-27"
"91b0906f-939c-445a-9f37-0ec3ea3e1e21","7702465306","RU000A1082M3","Рекорд01","fix","to_maturity","SUR","TQCB","32.641","277","564697","1000","93.8","1","30","20","169269","0.55","2026-05-10",NULL,NULL,"2027-03-06","2026-05-06 22:53:56.141247+00","2026-05-09 23:55:16.844999+00","B","2025-11-06"
"91b56b79-92e9-4e59-a5bf-65d6cb77babe","6317103479","RU000A10EN52","ВОСТКОЙЛ-2","fix","to_maturity","SUR","TQCB","31.5348","986","87401","1000","95.45","1","30","26","100000","12.11","2026-05-24",NULL,NULL,"2031-02-27","2026-05-06 22:53:56.141247+00","2026-05-09 23:55:16.844999+00","B-","2025-07-25"
"91ddf68e-ba0b-48df-8aab-5162eac0b436","7709678550","RU000A10E7K3","реСтор1Р3","fix","to_maturity","SUR","TQCB","18.6293","540","4.128462e+06","1000","102.28","1","30","18.75","2e+06","2.05","2026-06-06",NULL,NULL,"2028-01-27","2026-05-06 22:53:56.141247+00","2026-05-09 23:55:16.844999+00","","2024-06-14"
"91e45b92-7731-4698-b8b0-131dfb78abb6","7704844420","RU000A10DY35","РС БО-01","fix","to_maturity","SUR","TQCB","22.5437","721","0","1000","106.18","1","91","24","1e+06","31.56","2026-06-23",NULL,NULL,"2028-12-19","2026-05-06 22:53:56.141247+00","2026-05-09 23:55:16.844999+00",NULL,NULL
"91ef1b5f-9a56-4f32-a092-c67523ba85c3","4205119220","RU000A10BBE6","Новотр 1Р6","fix","to_maturity","SUR","TQCB","15.3885","628","1.609297e+06","1000","107.65","1","30","18.75","1.05e+07","2.57","2026-06-05",NULL,NULL,"2028-09-22","2026-05-06 22:53:56.141247+00","2026-05-09 23:55:16.844999+00","AA-","2026-05-08"
"9203f7cb-b1c5-4441-9f19-f17badf0ab68","7816430057","RU000A10DHX9","Инаркт2Р4","fix","to_maturity","SUR","TQCB","14.9445","752","3.60419e+06","1000","103.65","1","30","15.75","700000","9.92","2026-05-18",NULL,NULL,"2028-11-03","2026-05-06 22:53:56.141247+00","2026-05-09 23:55:16.844999+00","A+","2025-07-22"
"922067e9-7398-4193-9000-54c18afc3574","3620013012","RU000A106Y70","АЛЬФАДОН01","fix","to_maturity","SUR","TQCB","83.4702","244","6.127565e+06","700","72.9","1","91","18","300000","16.57","2026-06-23",NULL,NULL,"2027-09-21","2026-05-06 22:53:56.141247+00","2026-05-09 23:55:16.844999+00","B+","2026-01-21"
"9245ed60-3993-4f7d-b110-05522108bbe9","7325001151","RU000A109RR3","Ульоб34009","fix","to_maturity","SUR","TQCB","14.5696","766","4.828029e+06","1000","118.73","1","91","22.5","3e+06","1.23","2026-05-09",NULL,NULL,"2029-10-04","2026-05-06 22:53:56.141247+00","2026-05-09 23:55:16.844999+00","BBB","2026-03-04"
"9265dd66-d554-4b07-9b2e-2e8e96504e71","7708503727","RU000A0JXQ44","РЖД Б01P2R","fix","other","SUR","TQCB","14.6689","2112","10126","1000","101.25","1","182","14.4","1.5e+07","9.86","2026-10-15",NULL,NULL,"2037-04-02","2026-05-06 22:53:56.141247+00","2026-05-09 23:55:16.844999+00","","2026-04-07"
"92e73ce6-f06d-4cfc-9402-62c8692bfca0","1402047184","RU000A10EC22","Селигдар10","fix","to_maturity","SUR","TQCB","16.9988","713","2.3645172e+07","1000","101.65","1","30","16.65","3.5e+06","9.58","2026-05-20",NULL,NULL,"2029-02-03","2026-05-06 22:53:56.141247+00","2026-05-09 23:55:16.844999+00","A+","2026-04-23"
"92ec6b70-1ca2-4ced-ad7d-cc450452ea9d","7709641159","RU000A10CTG1","МИРРИКО1P5","fix","to_maturity","SUR","TQCB","26.4926","660","949446","1000","97.8","1","30","22.5","435000","11.1","2026-05-23",NULL,NULL,"2028-09-09","2026-05-06 22:53:56.141247+00","2026-05-09 23:55:16.844999+00","BBB-","2026-03-23"
"93089d93-fee7-4e62-a0c8-7ad0dcc38c79","7707083893","RU000A1093J6","СберИОС637","fix","to_maturity","SUR","TQCB","2.3493","1197","2.3175e+06","1000","92.7","1","33","0.01","326650","0","2026-06-01",NULL,NULL,"2029-08-21","2026-05-06 22:53:56.141247+00","2026-05-09 23:55:16.844999+00","","2026-04-10"
"930b411f-e6a0-4edb-b3f6-90d5a1a0d8d9","7715825027","RU000A106UK8","МигКр 03","fix","to_maturity","SUR","TQCB","20.2679","56","71506","160","100.6","1","30","22.5","200000","1.68","2026-05-24",NULL,NULL,"2026-08-22","2026-05-06 22:53:56.141247+00","2026-05-09 23:55:16.844999+00","BB-","2025-06-25"
"931baae1-4663-4d02-bd66-22bede0f61e3","7707083893","RU000A107985","СберИОС595","fix","to_maturity","SUR","TQCB","6.4219","961","340200","1000","84.9","1","28","0.01","1.684274e+06","0","2026-06-05",NULL,NULL,"2028-12-28","2026-05-06 22:53:56.141247+00","2026-05-09 23:55:16.844999+00","","2026-04-10"
"933196ee-506f-464c-bc0d-6bbad5468d3b","3702151662","RU000A108WJ2","БИЗНЕС01","fix","to_maturity","SUR","TQCB","63.8718","479","1.374504e+06","1000","68.71","1","91","23","300000","24.58","2026-07-02",NULL,NULL,"2027-12-30","2026-05-06 22:53:56.141247+00","2026-05-09 23:55:16.844999+00","B-","2026-04-16"
"9339a2d3-4ce7-4d92-8965-956b4a5ab6d1","9704018755","RU000A1032P1","ВТБРКС01","fix","to_maturity","SUR","TQCB","15.9748","96","1.808281e+06","129.55","98.2","1","31","8","3.5e+07","0.28","2026-06-01",NULL,NULL,"2030-12-01","2026-05-06 22:53:56.141247+00","2026-05-09 23:55:16.844999+00","AAA","2026-04-01"
"9359c134-8a73-4a34-8eaa-b4f40cc668c8","7704784072","RU000A10BGC9","МаниМен2П1","fix","to_maturity","SUR","TQCB","22.3285","691","837314","1000","110.15","1","30","25.5","1.4e+06","15.37","2026-05-19",NULL,NULL,"2029-04-03","2026-05-06 22:53:56.141247+00","2026-05-09 23:55:16.844999+00","BBB-","2025-09-25"
"936f948a-53f7-4731-b776-5cb71b7ffbab","7706107510","RU000A100YQ0","Роснфт2P9","fix","to_maturity","SUR","TQCB","12.0122","1074","13892","1000","92.99","1","91","9","2.5e+07","6.16","2026-07-16",NULL,NULL,"2029-10-11","2026-05-06 22:53:56.141247+00","2026-05-09 23:55:16.844999+00","AAA","2026-05-08"
"93df58c6-b23c-4adb-ad14-f1955fd09f5c","7300023241","RU000A10ENT3","Финэква1Р2","fix","to_maturity","SUR","TQCB","24.6012","860","2.347677e+06","1000","101.88","1","30","23","1e+06","10.08","2026-05-25",NULL,NULL,"2030-03-05","2026-05-06 22:53:56.141247+00","2026-05-09 23:55:16.844999+00",NULL,NULL
"941c9365-3bf3-45a6-8a5e-7f1e7b20eaef","7702070139","RU000A103U02","ВТБ Б1-245","fix","to_maturity","SUR","TQCB","11.0461","183","0","1000","94.86","1","182","0.01","269657","0.05","2026-05-13",NULL,NULL,"2026-11-11","2026-05-06 22:53:56.141247+00","2026-05-09 23:55:16.844999+00","AAA","2026-04-10"
"9421d293-0d21-4856-acf4-ad7650d345ff","2460066195","RU000A10D3C0","РусГид2Р08","fix","to_maturity","SUR","TQCB","14.1419","728","2.175267e+06","1000","104.38","1","30","15.45","3e+07","12.28","2026-05-12",NULL,NULL,"2028-09-28","2026-05-06 22:53:56.141247+00","2026-05-09 23:55:16.844999+00","","2026-04-02"
"942dd47c-ffcb-4c4a-a8e6-c1fc99cbf802","7707049388","RU000A10CMD3","РостелP19R","fix","to_maturity","SUR","TQCB","14.2253","482","659215","1000","99.9","1","30","13.3","2e+07","4.01","2026-05-30",NULL,NULL,"2027-10-22","2026-05-06 22:53:56.141247+00","2026-05-09 23:55:16.844999+00","AAA","2026-04-27"
"9456fd9e-91f1-4da8-a864-368274d4a6bc","7702070139","RU000A104081","ВТБ Б1-269","fix","to_maturity","SUR","TQCB","14.4146","280","49588","1000","90.16","1","91","0.01","96160","0","2026-05-19",NULL,NULL,"2027-02-16","2026-05-06 22:53:56.141247+00","2026-05-09 23:55:16.844999+00","AAA","2026-04-10"
"94833200-9603-401e-8a0e-063753087bc6","7707083893","RU000A106AP9","СберИОС567","fix","to_maturity","SUR","TQCB","7.9876","772","850","1000","85","1","91","0.01","1.160687e+06","0","2026-07-06",NULL,NULL,"2028-06-22","2026-05-06 22:53:56.141247+00","2026-05-09 23:55:16.844999+00","","2026-04-10"
"94c77a66-e64a-44ee-9767-b80b8691a5d0","7707083893","RU000A1088K4","СберИОС617","fix","to_maturity","SUR","TQCB","12.5222","1095","0","1000","70.2","1","29","0.01","158524","0","2026-05-15",NULL,NULL,"2029-05-11","2026-05-06 22:53:56.141247+00","2026-05-09 23:55:16.844999+00","","2026-04-10"
"94c98700-513e-4040-b0e1-c4039ff2724d","7707083893","RU000A10AMK2","СберИОС669","fix","to_maturity","SUR","TQCB","5.4737","1378","0","1000","81.8","1","364","0.01","193844","0","2027-01-29",NULL,NULL,"2030-02-18","2026-05-06 22:53:56.141247+00","2026-05-09 23:55:16.844999+00","","2026-04-10"
"94db6d8b-678f-40d2-8889-e7ebb68418b8","7719857936","RU000A10B5A1","БИАНКА-02","fix","to_maturity","SUR","TQCB","28.099","523","1.321775e+06","1000","105.06","1","30","28.5","180000","17.18","2026-05-19",NULL,NULL,"2028-03-09","2026-05-06 22:53:56.141247+00","2026-05-09 23:55:16.844999+00","BB","2025-07-10"
"94e46e0e-b280-4859-89a5-44ef57454da6","5040145636","RU000A10B6K8","ТЕХНЛГ 02","fix","to_maturity","SUR","TQCB","27.1646","528","883757","1000","105.47","1","30","28","200000","15.34","2026-05-21",NULL,NULL,"2028-03-11","2026-05-06 22:53:56.141247+00","2026-05-09 23:55:16.844999+00","BB","2025-09-24"
"95712d88-f824-4cea-856c-bcd0e7af8483","7707049388","RU000A10E739","РостелP22R","fix","to_maturity","SUR","TQCB","13.486","692","1.565345e+06","1000","103.88","1","30","14.75","1.5e+07","2.42","2026-06-04",NULL,NULL,"2028-07-23","2026-05-06 22:53:56.141247+00","2026-05-09 23:55:16.844999+00","AAA","2026-04-27"
"959d4227-da62-40e9-b732-72a10ca678d3","7708503727","RU000A101M04","РЖД 1Р-20R","fix","to_maturity","SUR","TQCB","14.3132","302","533162","1000","95","1","182","7.35","1.5e+07","4.83","2026-10-16",NULL,NULL,"2027-03-15","2026-05-06 22:53:56.141247+00","2026-05-09 23:55:16.844999+00","","2026-04-07"
"95e30595-db85-41cd-9003-93bb38f8a57e","7703389295","RU000A105VC5","Полюс Б1P3","fix","to_maturity","SUR","TQCB","14.139","587","2.491563e+06","1000","95","1","182","10.4","2e+07","24.79","2026-08-14",NULL,NULL,"2028-02-11","2026-05-06 22:53:56.141247+00","2026-05-09 23:55:16.844999+00","AAA","2026-04-27"
"95ef255c-baee-4935-87ec-3dde33e44806","7702070139","RU000A10DMD1","ВТБ Б1-386","fix","to_maturity","SUR","TQCB","1.7276","211","0","1000","99.02","1","365","0.01","266529","0","2026-12-09",NULL,NULL,"2026-12-09","2026-05-06 22:53:56.141247+00","2026-05-09 23:55:16.844999+00","AAA","2026-04-10"
"96257dfd-da9c-4d3e-b990-c2a6a474396f","9718236471","RU000A106UW3","iКарРус1P3","fix","to_maturity","SUR","TQCB","30.6709","421","1.3780185e+07","1000","85.77","1","30","13.7","4.5e+06","6.01","2026-05-25",NULL,NULL,"2027-08-18","2026-05-06 22:53:56.141247+00","2026-05-09 23:55:16.844999+00","BBB+","2026-05-05"
"96630176-9b35-4bf6-b132-a1165ae9de6a","7703074601","RU000A0JUT85","ПЕРЕСВЕТБ2","fix","to_maturity","SUR","TQCB","12.5859","3007","0","1000","36.4","1","6268","0.51","41705","45.56","2034-08-04",NULL,NULL,"2034-08-04","2026-05-06 22:53:56.141247+00","2026-05-09 23:55:16.844999+00","BBB-","2025-07-07"
"96ea32af-4d96-45d1-8286-5872ec85a451","7534018889","RU000A10AS02","ТГК-14 1Р5","fix","to_maturity","SUR","TQCB","21.4823","729","4.676462e+06","1000","110.59","1","30","24.75","4.5e+06","10.85","2026-05-25",NULL,NULL,"2029-01-09","2026-05-06 22:53:56.141247+00","2026-05-09 23:55:16.844999+00","","2026-04-27"
"970912b4-49e4-45f5-92fe-65d3d1601137","2801123618","RU000A10D4D6","Амур 31002","fix","to_maturity","SUR","TQCB","14.9282","472","844845","1000","103.3","1","91","16.75","2.4e+06","11.01","2026-07-17",NULL,NULL,"2027-10-17","2026-05-06 22:53:56.141247+00","2026-05-09 23:55:16.844999+00","A+","2026-04-28"
"972dee68-0fe1-4911-9f0d-c0e805af217c","7703104630","RU000A0ZYWU3","Система1P8","fix","to_maturity","SUR","TQCB","15.7896","591","76669","1000","95.08","1","182","12","1.5e+07","24.66","2026-08-26",NULL,NULL,"2028-02-23","2026-05-06 22:53:56.141247+00","2026-05-09 23:55:16.844999+00","AA-","2026-02-27"
"9740d0a7-83d3-43a7-8cfc-92e5406077cf","7750004150","RU000A104Z48","sВЭБ2P-33","fix","to_maturity","SUR","TQCB","14.3139","403","4.772185e+06","1000","96.13","1","182","10.2","5e+07","32.42","2026-07-16",NULL,NULL,"2027-07-15","2026-05-06 22:53:56.141247+00","2026-05-09 23:55:16.844999+00","","2026-05-06"
"98098ab3-45c7-4bf6-862d-7b2423e52525","7708186108","RU000A10BPN7","ПолиплП2Б5","fix","to_maturity","SUR","TQCB","17.7955","330","4.945382e+06","1000","108.42","1","30","25.5","7.7e+06","11.88","2026-05-24",NULL,NULL,"2027-05-19","2026-05-06 22:53:56.141247+00","2026-05-09 23:55:16.844999+00","A","2025-11-10"
"980e2997-d907-47f2-81d5-96d981879d03","7802131219","RU000A1077X0","ИнтЛиз1Р07","fix","to_maturity","SUR","TQCB","18.1168","95","923663","240","99.8","1","30","16","4.5e+06","0.74","2026-06-03",NULL,NULL,"2026-10-31","2026-05-06 22:53:56.141247+00","2026-05-09 23:55:16.844999+00","A","2026-04-01"
"987d6675-d14a-4748-8cff-7881d27c2efd","6316103050","RU000A1074F4","МаниКап1Р1","fix","to_maturity","SUR","TQCB","30.9907","146","436220","1000","95.27","1","30","15","150000","0","2026-05-11",NULL,NULL,"2026-10-08","2026-05-06 22:53:56.141247+00","2026-05-09 23:55:16.844999+00","BB-","2025-09-02"
"98ad0d59-9a32-4923-9533-fb81c2ee7cb3","7727290538","RU000A10AQE6","ИАДОМ 1P52","fix","to_maturity","SUR","TQCB","3.8275","2476","903","903.18","99.99","1","89","0","6.3453692e+07","0","2026-05-28",NULL,NULL,"2055-11-28","2026-05-06 22:53:56.141247+00","2026-05-09 23:55:16.844999+00","","2025-07-30"
"98dbe6fe-a080-42ca-92fe-c4e8c876bf6b","7701045732","RU000A0JWN63","МОСТРЕСТ 7","fix","to_maturity","SUR","TQCB","17.2295","56","23399","1000","97.55","1","182","0.01","5e+06","0.03","2026-07-07",NULL,NULL,"2026-07-07","2026-05-06 22:53:56.141247+00","2026-05-09 23:55:16.844999+00","","2022-12-09"
"98fe0cca-3d09-47d6-b99b-c22f63a2fbe1","7702070139","RU000A103U10","ВТБ Б1-246","fix","to_maturity","SUR","TQCB","19.4071","218","0","1000","89.91","1","182","0.01","118223","0.04","2026-06-17",NULL,NULL,"2026-12-16","2026-05-06 22:53:56.141247+00","2026-05-09 23:55:16.844999+00","AAA","2026-04-10"
"9924efde-18ce-4e01-bc5a-918453a8da9c","3900019850","RU000A10CMT9","ЯНДЕКС1Р2","fix","to_maturity","SUR","TQCB","13.5765","585","9.429439e+06","1000","101.13","1","30","13.5","2.5e+07","1.48","2026-06-06",NULL,NULL,"2028-02-26","2026-05-06 22:53:56.141247+00","2026-05-09 23:55:16.844999+00","AAA","2025-12-15"
"9999f72a-b2dc-4f18-8bb4-a32fcdfc1671","6455041925","RU000A1067T9","ЭконЛиз1Р4","fix","to_maturity","SUR","TQCB","18.4512","1","1.426331e+06","1000","99.99","1","91","14","100000","34.52","2026-05-12",NULL,NULL,"2026-05-12","2026-05-06 22:53:56.141247+00","2026-05-09 23:55:16.844999+00","BBB-","2025-07-22"
"99a34537-00b1-4177-ab8a-2c2526608a0d","7709378229","RU000A10CQE2","ВТБЛИЗ 1Р3","fix","to_maturity","SUR","TQCB","14.7868","391","1.436544e+06","834","101.74","1","30","15.5","3e+06","0.35","2026-05-10",NULL,NULL,"2028-08-27","2026-05-06 22:53:56.141247+00","2026-05-09 23:55:16.844999+00","AA","2026-04-24"
"99f86b47-caf8-43fb-8d0d-0aa288f5264e","9704264662","RU000A10DXE6","АлфФб ПК2","fix","to_maturity","SUR","TQCB","17.6678","1268","7.481755e+06","927.67","101.45","1","31","16.8","1e+07","4.27","2026-06-01",NULL,NULL,"2031-07-01","2026-05-06 22:53:56.141247+00","2026-05-09 23:55:16.844999+00","AAA","2026-02-12"
"9a401ed3-4497-40b7-8237-fd963744dc73","1650032058","RU000A10BU31","КАМАЗ БП15","fix","to_maturity","SUR","TQCB","15.684","358","2.942665e+06","1000","103.32","1","30","18","1.1e+07","12.33","2026-05-16",NULL,NULL,"2027-06-10","2026-05-06 22:53:56.141247+00","2026-05-09 23:55:16.844999+00","A+","2026-03-31"
"9a493ae5-fee7-4fd3-83e6-c30e1558f50f","1650032058","RU000A10EN29","КАМАЗ БП22","fix","to_maturity","SUR","TQCB","16.7908","582","4.924866e+06","1000","100.6","1","30","16","1e+06","7.89","2026-05-23",NULL,NULL,"2028-03-13","2026-05-06 22:53:56.141247+00","2026-05-09 23:55:16.844999+00","A+","2026-03-31"
"9a50be51-aa89-47fb-ae98-806d5b8a04fa","7702070139","RU000A104DG7","ВТБ Б1-296","fix","to_maturity","SUR","TQCB","17.6365","273","0","1000","88.53","1","182","0.01","201155","0","2026-08-11",NULL,NULL,"2027-02-09","2026-05-06 22:53:56.141247+00","2026-05-09 23:55:16.844999+00","AAA","2026-04-10"
"9a725ef1-b8b6-4b70-baf5-9fe3eff32ec7","6674223607","RU000A10BW39","ВОКСИС-03","fix","to_maturity","SUR","TQCB","22.667","719","1.429968e+06","1000","106.83","1","30","24","500000","11.84","2026-05-23",NULL,NULL,"2029-06-06","2026-05-06 22:53:56.141247+00","2026-05-09 23:55:16.844999+00","BBB+","2025-08-12"
"9a85ca6b-e86b-4532-9816-515a74997ce0","0274034308","RU000A10AC91","Башкорт24","fix","to_maturity","SUR","TQCB","14.4126","328","7.42947e+06","900","109.3","1","30","23.75","1.05e+07","0","2026-05-11",NULL,NULL,"2027-12-14","2026-05-06 22:53:56.141247+00","2026-05-09 23:55:16.844999+00","AA+","2026-03-05"
"9b00b0a9-1cd6-4ec7-8a79-ba72601633e3","9703149829","RU000A108TD1","ИнвОбл07","fix","to_maturity","SUR","TQCB","12.3976","507","0","1000","85","1","365","0.01","70000","0.06","2026-10-01",NULL,NULL,"2027-10-01","2026-05-06 22:53:56.141247+00","2026-05-09 23:55:16.844999+00","AA-","2026-04-15"
"9b09a3b7-c447-4f24-9a88-4bf5cff0a67e","7750004150","RU000A0JT6B2","ВЭБ.РФ 19","fix","other","SUR","TQCB","14.1002","146","17047","1000","100.29","1","182","14.9","1e+07","15.92","2026-10-01","2026-10-05",NULL,"2032-09-23","2026-05-06 22:53:56.141247+00","2026-05-09 23:55:16.844999+00","","2026-05-06"
"9b200679-bc8f-4bd9-a0a0-04b452ca34e0","5029169023","RU000A10CZB9","ЕвроТранс8","fix","to_maturity","SUR","TQCB","49.3751","690","7.415397e+06","1000","64.8","1","30","21","4.5e+06","5.75","2026-05-31",NULL,NULL,"2030-09-07","2026-05-06 22:53:56.141247+00","2026-05-09 23:55:16.844999+00","","2026-04-14"
"9b8a2677-3272-4db1-a117-17f287bacb09","2508064833","RU000A105KR6","ВСК 1P-03R","fix","to_maturity","SUR","TQCB","14.9799","510","93574","1000","95.65","1","182","11.25","1.5e+07","49.32","2026-06-02",NULL,NULL,"2027-11-30","2026-05-06 22:53:56.141247+00","2026-05-09 23:55:16.844999+00","AA-","2026-03-20"
"9bb65844-fd19-41af-b80a-00f912f267a4","7707083893","RU000A109LL9","СберИОС649","fix","to_maturity","SUR","TQCB","6.6702","1263","16000","1000","80","1","30","0.01","186262","0","2026-06-05",NULL,NULL,"2029-10-26","2026-05-06 22:53:56.141247+00","2026-05-09 23:55:16.844999+00","","2026-04-10"
"9be3fec4-c9cd-4b87-a36b-02b726cfb0ac","7826705374","RU000A10DUQ6","БалтЛизП22","fix","to_maturity","SUR","TQCB","19.0875","577","4.6632352e+07","1000","103.84","1","30","20","3.5e+06","8.22","2026-05-26",NULL,NULL,"2028-09-12","2026-05-06 22:53:56.141247+00","2026-05-09 23:55:16.844999+00","AA-","2026-01-28"
"9bf4d184-0f64-4b1c-97df-db94e682a110","7707049388","RU000A10ASS2","РостелP14R","fix","to_maturity","SUR","TQCB","14.9519","17","3.341326e+06","1000","100.37","1","30","21.65","1.8e+07","7.12","2026-05-29",NULL,NULL,"2026-05-29","2026-05-06 22:53:56.141247+00","2026-05-09 23:55:16.844999+00","AAA","2026-04-27"
"9bf54a84-7b02-4787-b2ec-0f9efdb36bd2","7722753969","RU000A10AXP8","ВсИнстр1Р4","fix","to_maturity","SUR","TQCB","15.8372","89","944407","1000","102.29","1","30","24","1e+06","17.75","2026-05-14",NULL,NULL,"2026-08-12","2026-05-06 22:53:56.141247+00","2026-05-09 23:55:16.844999+00","A","2026-01-29"
"9c0d175c-ae65-4018-8199-01c5a57f49db","9707052916","RU000A10EMM0","СовкВзск01","fix","to_maturity","SUR","TQCB","18.0704","1057","6.003614e+06","1000","99.98","1","127","17","1e+06","24.22","2026-07-25",NULL,NULL,"2030-04-25","2026-05-06 22:53:56.141247+00","2026-05-09 23:55:16.844999+00",NULL,NULL
"9c644c1a-5041-43f5-b295-6c9fdc5bea6b","0010038193","RU000A101RW0","Казахст08","fix","to_maturity","SUR","TQCB","13.4013","700","194308","1000","90.48","1","182","7.69","1e+07","29.5","2026-06-22",NULL,NULL,"2028-06-19","2026-05-06 22:53:56.141247+00","2026-05-09 23:55:16.844999+00",NULL,NULL
"9ce7b647-8bac-4fbd-ad8a-aa5a752a1249","7744001497","RU000A10DFL8","ГПБ004Р34","fix","to_maturity","SUR","TQCB","15.1434","961","690","1000","68.98","1","365","0.01","1.511802e+06","0.04","2026-12-29",NULL,NULL,"2028-12-28","2026-05-06 22:53:56.141247+00","2026-05-09 23:55:16.844999+00","AAA","2026-04-28"
"9e01dd94-ae6a-4ec9-927c-c33408416725","7727547261","RU000A10C8T4","СибурХ1Р07","fix","to_maturity","SUR","TQCB","14.0282","839","1.3873752e+07","1000","101.74","1","30","13.95","4e+07","4.97","2026-05-28",NULL,NULL,"2029-02-11","2026-05-06 22:53:56.141247+00","2026-05-09 23:55:16.844999+00","AAA","2026-02-24"
"9ea3651c-5768-4c65-8f4d-5f1e763e89f2","5503067018","RU000A10B0U0","АФБАНК1Р14","fix","to_maturity","SUR","TQCB","14.8659","266","1.423745e+06","1000","106.75","1","30","23","5e+06","6.93","2026-05-30",NULL,NULL,"2027-02-24","2026-05-06 22:53:56.141247+00","2026-05-09 23:55:16.844999+00","AA","2025-12-10"
"9eccb135-474c-45fc-add6-74913b820819","7805688897","RU000A107FG5","ТрансМ БО2","fix","to_maturity","SUR","TQCB","25.6964","416","1.337443e+06","1000","107.98","1","30","30","300000","1.64","2026-05-09",NULL,NULL,"2027-11-30","2026-05-06 22:53:56.141247+00","2026-05-09 23:55:16.844999+00","","2025-12-18"
"9edac689-9542-412c-805f-ddc34123ffe3","9703051608","RU000A10CT74","ФЕРА1Р1","fix","other","SUR","TQCB","21.322","16","403313","880","100.27","1","30","21","100000","10.13","2026-05-21","2026-09-23",NULL,"2028-09-07","2026-05-06 22:53:56.141247+00","2026-05-09 23:55:16.844999+00","BB+","2025-11-25"
"9f956abb-f384-4210-97cb-3f21847942e9","9704256936","RU000A10CKS5","АлфФб ПК1","fix","to_maturity","SUR","TQCB","17.2657","1284","7.629829e+06","674.33","99.88","1","31","16","1e+07","2.96","2026-06-01",NULL,NULL,"2031-07-01","2026-05-06 22:53:56.141247+00","2026-05-09 23:55:16.844999+00","AAA","2025-09-08"
"9fc881b3-587b-40e3-a305-d8bea434eef8","7708019121","RU000A10B4H9","ИПС БО-01","fix","to_maturity","SUR","TQCB","33.3407","527","34563","850","100.87","1","91","30.5","60000","36.93","2026-06-19",NULL,NULL,"2030-03-15","2026-05-06 22:53:56.141247+00","2026-05-09 23:55:16.844999+00",NULL,NULL
"9fd079d2-2f03-43b3-8be4-9009669c8623","7724490000","RU000A0JWTL6","ПочтаРосБ3","fix","to_maturity","SUR","TQCB","12.315","122","0","1000","101","1","182","15.25","5e+06","25.07","2026-09-10",NULL,NULL,"2026-09-10","2026-05-06 22:53:56.141247+00","2026-05-09 23:55:16.844999+00","AA","2026-04-20"
"9fd4e094-6317-4982-8588-bae9b70a2920","7801557131","RU000A10EQV2","БиоВит 1Р2","fix","to_maturity","SUR","TQCB","23.9479","771","1.207505e+06","1000","103.36","1","30","23.25","250000","5.73","2026-06-01",NULL,NULL,"2029-03-17","2026-05-06 22:53:56.141247+00","2026-05-09 23:55:16.844999+00","BB+","2025-12-10"
"a008804c-b81f-4030-8ca2-cebcbbc99ce9","7707083893","RU000A1047M6","СберИОС502","fix","to_maturity","SUR","TQCB","12.3181","227","0","1000","93.01","1","364","0.01","629284","0","2026-12-25",NULL,NULL,"2026-12-25","2026-05-06 22:53:56.141247+00","2026-05-09 23:55:16.844999+00","","2026-04-10"
"a0243711-5282-4592-bf31-6d1595444b20","7706107510","RU000A1008P1","Роснфт2P6","fix","to_maturity","SUR","TQCB","12.3625","918","9210","1000","93.2","1","91","9","1e+07","11.1","2026-06-26",NULL,NULL,"2029-03-23","2026-05-06 22:53:56.141247+00","2026-05-09 23:55:16.844999+00","AAA","2026-05-08"
"a08f97fa-bd1d-4fa0-b673-50353c2e12b5","5405162714","RU000A108UJ6","NSKATD-01","fix","to_maturity","SUR","TQCB","21.0362","46","540710","1000","99.9","1","93","19","500000","23.95","2026-06-27",NULL,NULL,"2026-06-27","2026-05-06 22:53:56.141247+00","2026-05-09 23:55:16.844999+00","A-","2025-05-22"
"a0978374-7592-4f70-855a-864cefa22d07","7708503727","RU000A10CDZ5","РЖД 1Р-45R","fix","to_maturity","SUR","TQCB","14.6123","932","1.564943e+07","1000","100.33","1","30","13.85","3e+07","0","2026-05-11",NULL,NULL,"2029-06-24","2026-05-06 22:53:56.141247+00","2026-05-09 23:55:16.844999+00","","2026-04-07"
"a09a9fc6-1ff9-4c8f-8f0d-204f09b9d03f","2607018122","RU000A101WR0","ОГК-2 2Р01","fix","to_maturity","SUR","TQCB","11.5937","57","998","1000","99.79","1","182","10.1","5e+06","34.31","2026-07-08",NULL,NULL,"2026-07-08","2026-05-06 22:53:56.141247+00","2026-05-09 23:55:16.844999+00","AA+","2026-02-18"
"a09f87c6-4f41-45ab-889e-ccdcef606d71","7725293660","RU000A108CE5","ЮДПАвтО Б1","fix","to_maturity","SUR","TQCB","26.5409","800","260686","1000","88.53","1","30","18.25","138858","12","2026-05-17",NULL,NULL,"2029-04-01","2026-05-06 22:53:56.141247+00","2026-05-09 23:55:16.844999+00","","2025-07-08"
"a1962cfa-f1c4-4e9c-9a2f-c851c6e300cc","7707083893","RU000A109A34","СберИОС644","fix","to_maturity","SUR","TQCB","3.8987","1234","0","1000","87.9","1","29","0.01","22486","0","2026-06-05",NULL,NULL,"2029-09-27","2026-05-06 22:53:56.141247+00","2026-05-09 23:55:16.844999+00","","2026-04-10"
"a20274e5-b046-47df-9913-b17ed46f03e1","7708503727","RU000A10ASY0","РЖД 1Р-34R","fix","to_maturity","SUR","TQCB","13.9373","649","0","1000","113","1","30","20.1","2e+07","6.06","2026-05-30",NULL,NULL,"2028-07-03","2026-05-06 22:53:56.141247+00","2026-05-09 23:55:16.844999+00","","2026-04-07"
"a21f10ba-c7a7-45d3-9fdd-c4596581b07c","1655096633","RU000A106GB6","ЛТрейд 1P9","fix","to_maturity","SUR","TQCB","26.0024","363","520167","1000","91.05","1","30","14","300000","8.44","2026-05-19",NULL,NULL,"2028-06-07","2026-05-06 22:53:56.141247+00","2026-05-09 23:55:16.844999+00","BBB-","2025-06-05"
"a2280ff2-e157-4b78-9a15-9d1b2c6a2e46","7801271157","RU000A10C8M9","ММЗ001P-03","fix","other","SUR","TQCB","23.8507","143","377362","1000","100.7","1","30","22.5","55000","8.01","2026-05-28","2027-07-27",NULL,"2028-07-16","2026-05-06 22:53:56.141247+00","2026-05-09 23:55:16.844999+00","","2025-05-23"
"a2840cd2-45f7-4e40-9b97-57adab280062","7702070139","RU000A10D699","ВТБ Б1-384","fix","to_maturity","SUR","TQCB","7.1145","198","0","1000","96.35","1","365","0.01","238384","0","2026-11-25",NULL,NULL,"2026-11-25","2026-05-06 22:53:56.141247+00","2026-05-09 23:55:16.844999+00","AAA","2026-04-10"
"a30b86a1-bb7d-458f-9e54-2253b5090d56","7707083893","RU000A106XR7","СберИОС588","fix","to_maturity","SUR","TQCB","8.1818","899","131448","1000","82.4","1","29","0.01","1.499975e+06","0","2026-06-05",NULL,NULL,"2028-10-27","2026-05-06 22:53:56.141247+00","2026-05-09 23:55:16.844999+00","","2026-04-10"
"a35a8859-5f90-4855-a367-36b42e856360","6445005149","RU000A107YT9","Рубеж 1P2","fix","to_maturity","SUR","TQCB","29.9631","774","3.835507e+06","1000","83.4","1","91","18.5","500000","31.42","2026-06-09",NULL,NULL,"2029-03-06","2026-05-06 22:53:56.141247+00","2026-05-09 23:55:16.844999+00","","2024-10-25"
"a39faa6a-482e-4446-bcd6-7f1f7897e70f","1660359180","RU000A106Z38","Джи-гр 2Р3","fix","to_maturity","SUR","TQCB","21.5003","93","250724","300","98.85","1","91","15.4","2e+06","5.19","2026-06-30",NULL,NULL,"2026-09-29","2026-05-06 22:53:56.141247+00","2026-05-09 23:55:16.844999+00","BBB+","2026-04-24"
"a3dfab28-6fa9-457e-9567-94afd88436f7","7707083893","RU000A108C09","СберИОС621","fix","to_maturity","SUR","TQCB","2.9772","1109","0","1000","91.5","1","30","0.01","913513","0","2026-06-04",NULL,NULL,"2029-05-25","2026-05-06 22:53:56.141247+00","2026-05-09 23:55:16.844999+00","","2026-04-10"
"a3f6e3f3-cc06-4ee6-9bd9-cad3c01261e1","7707083893","RU000A10BGB1","СберИОС706","fix","to_maturity","SUR","TQCB","4.7705","353","0","1000","95.6","1","735","0.01","149761","0","2027-04-30",NULL,NULL,"2027-04-30","2026-05-06 22:53:56.141247+00","2026-05-09 23:55:16.844999+00","","2026-04-10"
"a442591c-e405-4960-9484-33439b0df4b5","7707083893","RU000A10BXN1","СберИОС735","fix","to_maturity","SUR","TQCB","1.9284","825","0","1000","95.8","1","365","0.01","275667","0","2026-07-16",NULL,NULL,"2028-08-14","2026-05-06 22:53:56.141247+00","2026-05-09 23:55:16.844999+00","","2026-04-10"
"a44f5fea-ccf4-40f8-8938-bd4364545fb2","5000001451","RU000A102G35","МосОб35016","fix","to_maturity","SUR","TQCB","13.658","189","29139","300","96.38","1","91","5.95","3e+07","3.37","2026-06-02",NULL,NULL,"2027-11-30","2026-05-06 22:53:56.141247+00","2026-05-09 23:55:16.844999+00","AAA","2025-12-25"
"a505a23a-3311-4776-84f3-7e704be4df01","7728192413","RU000A10CTJ5","БЭЛТИ БОП8","fix","to_maturity","SUR","TQCB","25.6348","700","735045","1000","101.85","1","30","24","250000","11.84","2026-05-23",NULL,NULL,"2029-09-04","2026-05-06 22:53:56.141247+00","2026-05-09 23:55:16.844999+00","BB-","2025-08-29"
"a554ee2c-5bf8-4f06-a237-79986c0d6205","7708582197","RU000A108GM9","АЛЬЯНС 1P5","fix","to_maturity","SUR","TQCB","21.718","331","86073","1000","97.06","1","30","17","38163","13.04","2026-05-13",NULL,NULL,"2027-05-08","2026-05-06 22:53:56.141247+00","2026-05-09 23:55:16.844999+00","","2026-02-17"
"a56676fe-0797-4d0a-9c1b-32b079a27abd","7453326003","RU000A10CM06","АПРИ 2Р11","fix","to_maturity","SUR","TQCB","28.1286","631","8.042021e+06","1000","99.93","1","30","25","2.5e+06","10.27","2026-05-26",NULL,NULL,"2028-08-13","2026-05-06 22:53:56.141247+00","2026-05-09 23:55:16.844999+00","BBB-","2025-10-24"
"a6094459-2f08-430c-88e9-23eb584c3052","7710168360","SU26254RMFS1","ОФЗ 26254","fix","to_maturity","SUR","TQOB","14.6957","2392","1.8087425e+09","1000","92.749","1","182","13","1e+09","6.77","2026-10-21",NULL,NULL,"2040-10-03","2026-05-06 22:53:56.141247+00","2026-05-09 23:55:16.844999+00",NULL,NULL
"a65161f8-69ef-4e47-861e-572be3563d09","7744001497","RU000A107Q95","ГПБ004Р03","fix","to_maturity","SUR","TQCB","15.4731","293","0","1000","89.1","1","365","0.01","130646","0.02","2027-02-28",NULL,NULL,"2027-02-28","2026-05-06 22:53:56.141247+00","2026-05-09 23:55:16.844999+00","AAA","2026-04-28"
"a6b8b701-6b08-452a-b06b-1a7baa5b83f5","7708503727","RU000A100HY9","РЖД 1Р-16R","fix","to_maturity","SUR","TQCB","13.0859","45","580569","1000","99.41","1","182","7.9","3e+07","29.65","2026-06-25",NULL,NULL,"2026-06-25","2026-05-06 22:53:56.141247+00","2026-05-09 23:55:16.844999+00","","2026-04-07"
"a7640411-e464-470f-adf8-b18a1da5d5f0","7707083893","RU000A102VD0","СберИОС426","fix","to_maturity","SUR","TQCB","1.7601","695","0","1000","96.8","1","2563","0.01","834650","0","2028-04-05",NULL,NULL,"2028-04-05","2026-05-06 22:53:56.141247+00","2026-05-09 23:55:16.844999+00","","2026-04-10"
"a7d9580f-d797-4d43-91c7-0dc9e5e1f21c","6315802231","RU000A0ZZ9P8","СамарОбл14","fix","to_maturity","SUR","TQCB","13.8203","23","263419","150","99.63","1","91","7.45","8e+06","2.05","2026-06-04",NULL,NULL,"2026-06-04","2026-05-06 22:53:56.141247+00","2026-05-09 23:55:16.844999+00","AA","2026-02-02"
"a83061b5-f0b8-403a-adc3-b2bb6038517b","5406285846","RU000A0JWHW8","Новсиб 8об","fix","to_maturity","SUR","TQCB","6.1512","16","1100","100","100.1","1","38","8.2","3e+06","0.47","2026-05-28",NULL,NULL,"2026-05-28","2026-05-06 22:53:56.141247+00","2026-05-09 23:55:16.844999+00","A-","2025-12-29"
"a876e1df-1a28-45d9-8146-90d2c6cb0ce1","5321029508","RU000A10F108","Акрон Б2P3","fix","to_maturity","CNY","TQOY","8.1367","1030","4.589624e+06","1000","99.9999","1","30","7.85","1e+06","2.58","2026-05-30",NULL,NULL,"2029-10-11","2026-05-06 22:53:56.141247+00","2026-05-09 23:55:16.844999+00","AA","2026-04-29"
"a8a58506-f5c8-4c63-92d1-bc1ca572345d","7707083893","RU000A106QL4","СберИОС580","fix","to_maturity","SUR","TQCB","11.944","854","333345","1000","76.8","1","33","0.01","464403","0","2026-05-20",NULL,NULL,"2028-09-12","2026-05-06 22:53:56.141247+00","2026-05-09 23:55:16.844999+00","","2026-04-10"
"a93ee8fd-33d4-40a1-822f-035ccab31191","7708503727","RU000A0JUAH8","РЖД-30 обл","fix","to_maturity","SUR","TQCB","14.6968","732","9.6842536e+07","1000","103.65","1","182","15.98","1.5e+07","79.24","2026-05-12",NULL,NULL,"2028-11-07","2026-05-06 22:53:56.141247+00","2026-05-09 23:55:16.844999+00","","2026-04-07"
"a9c4e936-b591-4e09-a609-53ef99ca220e","7727290538","RU000A102K13","ИАДОМ Б1P4","fix","to_maturity","SUR","TQCB","13.2812","1094","224","259.82","86.36","1","92","7.9","1.9145571e+08","2.47","2026-06-28",NULL,NULL,"2051-06-28","2026-05-06 22:53:56.141247+00","2026-05-09 23:55:16.844999+00","","2025-07-30"
"a9eae7a7-3f69-4669-ae77-e25ddb6c0af1","7702070139","RU000A102879","ВТБСУБТ2-1","fix","to_maturity","SUR","TQCB","18.7608","1259","4.7924e+07","1e+07","95.85","1","182","16.66","7000","150624.66","2026-10-07",NULL,NULL,"2031-04-02","2026-05-06 22:53:56.141247+00","2026-05-09 23:55:16.844999+00","AAA","2026-04-10"
"aa31751f-ab91-4f05-8776-dd7a45f57278","9704267960","RU000A10EK48","СБСекр4АС","fix","to_maturity","SUR","TQCB","15.7487","368","2.2324356e+07","1000","100.79","1","57","15.5","2.27e+07","17.84","2026-05-26",NULL,NULL,"2035-03-26","2026-05-06 22:53:56.141247+00","2026-05-09 23:55:16.844999+00","AAA","2026-03-26"
"aa577dd2-f22f-4f06-93d7-bfbd7c95abd5","7202066550","RU000A1090A1","ТАЛК001P02","fix","to_maturity","SUR","TQCB","5.2452","202","5366","600","106.97","1","30","18.25","9526","0.28","2026-05-10",NULL,NULL,"2027-07-04","2026-05-06 22:53:56.141247+00","2026-05-09 23:55:16.844999+00","BBB","2025-12-29"
"aa7e4ddc-2b71-433f-b1b2-b14423aa1a9f","9704147373","RU000A10DF38","РКСЭталон7","fix","to_maturity","SUR","TQCB","15.4164","246","3.491395e+06","715.35","102.27","1","31","17.8","4.25e+07","2.09","2026-06-05",NULL,NULL,"2032-12-05","2026-05-06 22:53:56.141247+00","2026-05-09 23:55:16.844999+00","","2026-05-05"
"aaec7252-99cc-45bd-b6a4-f30785dfdde5","9701168311","RU000A10BFP3","МВ ФИН 1Р6","fix","to_maturity","SUR","TQCB","19.9977","297","4.279492e+06","1000","106.4","1","30","26","2e+06","17.81","2026-05-16",NULL,NULL,"2027-04-11","2026-05-06 22:53:56.141247+00","2026-05-09 23:55:16.844999+00","","2026-04-21"
"ab3c72b3-8b2c-49ba-af80-7e297f3c62d6","7702070139","RU000A10E3T3","ВТБ Б1-380","fix","to_maturity","SUR","TQCB","11.4022","65","70472","1000","100.53","1","91","14","388711","9.59","2026-07-16",NULL,NULL,"2026-07-16","2026-05-06 22:53:56.141247+00","2026-05-09 23:55:16.844999+00","AAA","2026-04-10"
"abc0a274-43dd-4704-9895-b083aabbf9fe","5612069520","RU000A1056T2","ЦР БО-02","fix","to_maturity","SUR","TQCB","29.138","94","38694","500","98.01","1","30","18","100000","3.45","2026-05-27",NULL,NULL,"2026-08-25","2026-05-06 22:53:56.141247+00","2026-05-09 23:55:16.844999+00","C","2026-02-27"
"abd5db4e-84ea-4fe1-abfc-233542fe2f64","7740000076","RU000A101FH6","МТС 1P-14","fix","to_maturity","SUR","TQCB","13.7251","266","1.622265e+06","1000","95.41","1","91","6.6","1.5e+07","15.91","2026-05-14",NULL,NULL,"2027-02-11","2026-05-06 22:53:56.141247+00","2026-05-09 23:55:16.844999+00","","2026-05-07"
"ac0c323d-64d2-473d-b3e0-95835f9dcb79","7707083893","RU000A109X03","СберИОС656","fix","to_maturity","SUR","TQCB","5.8351","1295","0","1000","81.8","1","30","0.01","206835","0","2026-06-04",NULL,NULL,"2029-11-27","2026-05-06 22:53:56.141247+00","2026-05-09 23:55:16.844999+00","","2026-04-10"
"ac18134f-912f-4838-9003-362dddd1ac60","2317084067","RU000A108RK0","РКС2Р4","fix","to_maturity","SUR","TQCB","29.2248","360","1.473224e+06","1000","93.93","1","91","20","500000","28.49","2026-06-19",NULL,NULL,"2027-06-18","2026-05-06 22:53:56.141247+00","2026-05-09 23:55:16.844999+00",NULL,NULL
"ac193595-013f-4515-a78b-fddcf1280aec","7707083893","RU000A103661","Сбер Sb27R","fix","to_maturity","SUR","TQCB","14.8786","34","1.792681e+06","1000","99.34","1","182","7.4","7e+06","29.8","2026-06-15",NULL,NULL,"2026-06-15","2026-05-06 22:53:56.141247+00","2026-05-09 23:55:16.844999+00","","2026-04-10"
"ac569359-846a-4245-ac25-fa2b3e96b717","5407977286","RU000A10CT09","ИнтелК Б01","fix","to_maturity","SUR","TQCB","26.1263","511","852594","900","102.19","1","30","25","500000","12.33","2026-05-21",NULL,NULL,"2028-09-07","2026-05-06 22:53:56.141247+00","2026-05-09 23:55:16.844999+00","B+","2025-07-03"
"ac6f4928-f289-4f18-b987-798f620755b2","7720261827","RU000A10EMU3","sГТЛК2P-12","fix","to_maturity","SUR","TQCB","17.0356","850","1.5318102e+08","1000","100.98","1","30","16.25","3e+07","8.46","2026-05-22",NULL,NULL,"2030-03-02","2026-05-06 22:53:56.141247+00","2026-05-09 23:55:16.844999+00","AA-","2026-03-23"
"ad8196cf-0724-4154-a321-e4182100d5df","7703104630","RU000A10DPW4","sСистем2P6","fix","to_maturity","SUR","TQCB","15.6272","629","4.151802e+06","1000","105.5","1","30","17.75","3.75e+06","3.89","2026-06-02",NULL,NULL,"2028-05-22","2026-05-06 22:53:56.141247+00","2026-05-09 23:55:16.844999+00","AA-","2026-02-27"
"ae39c9c4-257c-43a0-94c7-3364e5a7727b","7717151380","RU000A10EPQ4","Автодр5Р16","fix","other","SUR","TQCB","14.3031","297","1.975764e+06","1000","101.49","1","30","15.4","3.5e+06","6.33","2026-05-26","2027-03-25",NULL,"2028-11-11","2026-05-06 22:53:56.141247+00","2026-05-09 23:55:16.844999+00","AA+","2026-04-28"
"ae42a960-e268-4229-8f77-4dc3a031bcfd","5029169023","RU000A108D81","sЕвТрнс2P2","fix","to_maturity","SUR","TQCB","45.7667","880","505681","1000","53.91","1","30","15.5","800000","8.07","2026-05-22",NULL,NULL,"2031-03-27","2026-05-06 22:53:56.141247+00","2026-05-09 23:55:16.844999+00","","2026-04-14"
"af508239-9aea-4cab-8305-aabb1c6504f1","6167127020","RU000A106VN0","ТРДБ Б0-01","fix","to_maturity","SUR","TQCB","37.9823","105","162782","1000","95.92","1","30","18","100000","5.92","2026-05-29",NULL,NULL,"2026-08-27","2026-05-06 22:53:56.141247+00","2026-05-09 23:55:16.844999+00",NULL,NULL
"af51d132-7d86-464a-adce-b168412f5a64","9704269149","RU000A10ENP1","АлфФб ПК3","fix","to_maturity","SUR","TQCB","47.6105","888","4.594304e+07","1000","100.34","1","77","16.3","2e+07","11.61","2026-07-01",NULL,NULL,"2032-10-01","2026-05-06 22:53:56.141247+00","2026-05-09 23:55:16.844999+00","AAA","2026-04-09"
"af777098-1bc3-4471-94c6-801302308036","6414002211","RU000A108FE8","УрожайБО04","fix","to_maturity","SUR","TQCB","70.8007","436","1.541514e+06","1000","64","1","91","20","450000","48.22","2026-05-14",NULL,NULL,"2027-11-11","2026-05-06 22:53:56.141247+00","2026-05-09 23:55:16.844999+00","CCC","2026-05-04"
"afdaf815-6fc0-444b-af4d-788d005b4b9d","7707083893","RU000A10DBF9","СберИОС772","fix","to_maturity","SUR","TQCB","2.007","947","0","1000","95","1","364","0.01","152920","0","2026-11-13",NULL,NULL,"2028-12-14","2026-05-06 22:53:56.141247+00","2026-05-09 23:55:16.844999+00","","2026-04-10"
"b00355c1-9884-4d95-a56d-bcd45d12906c","7707083893","RU000A10DS90","СберИОС777","fix","to_maturity","SUR","TQCB","2.3171","990","0","1000","94","1","364","0.01","232327","0","2026-12-25",NULL,NULL,"2029-01-26","2026-05-06 22:53:56.141247+00","2026-05-09 23:55:16.844999+00","","2026-04-10"
"b040ac6d-c235-4a0e-ad1c-7c5ebb4e66cd","7724889891","RU000A10B8C1","ЛаймЗайм05","fix","to_maturity","SUR","TQCB","24.7306","444","449998","800","106.4","1","30","27.5","400000","7.23","2026-05-29",NULL,NULL,"2028-03-19","2026-05-06 22:53:56.141247+00","2026-05-09 23:55:16.844999+00","BB+","2025-11-19"
"b04a4d0b-cb83-493b-abc8-9055cc87a219","7801485085","RU000A10C9Z9","УПТК65 1P1","fix","to_maturity","SUR","TQCB","27.4015","974","5.883022e+06","1000","96.19","1","30","23","200000","5.67","2026-06-01",NULL,NULL,"2030-07-10","2026-05-06 22:53:56.141247+00","2026-05-09 23:55:16.844999+00","BB","2025-10-13"
"b09966f3-1d26-4a13-8e0f-2117b371d3a6","7702070139","RU000A103TY8","ВТБ Б1-243","fix","to_maturity","SUR","TQCB","11.906","409","0","1000","88.14","1","182","0.01","187561","0.04","2026-06-26",NULL,NULL,"2027-06-25","2026-05-06 22:53:56.141247+00","2026-05-09 23:55:16.844999+00","AAA","2026-04-10"
"b0dbbe49-c02f-4f2e-85ee-71907e1f5c1c","7814534043","RU000A107F07","Унител БО1","fix","to_maturity","SUR","TQCB","29.7486","208","313709","1000","93.57","1","91","15","150000","22.19","2026-06-17",NULL,NULL,"2026-12-16","2026-05-06 22:53:56.141247+00","2026-05-09 23:55:16.844999+00","","2025-09-16"
"b0f1de45-87d6-4119-9d07-972245303f2c","9703193909","RU000A10AST0","ССекьюр_А","fix","other","SUR","TQCB","17.1924","307","2.084076e+06","892","105.98","1","30","23","8e+06","8.99","2026-05-25",NULL,"2028-01-25","2030-12-31","2026-05-06 22:53:56.141247+00","2026-05-09 23:55:16.844999+00","AAA","2026-02-17"
"b1313eb9-b1bc-4006-bbfd-f708d3af0d0a","9718236471","RU000A106A86","iКарРус1P2","fix","to_maturity","SUR","TQCB","31.2493","10","1.5074938e+07","1000","99.54","1","91","12.7","4.107847e+06","27.84","2026-05-22",NULL,NULL,"2026-05-22","2026-05-06 22:53:56.141247+00","2026-05-09 23:55:16.844999+00","BBB+","2026-05-05"
"b138aa2d-e1a2-44ae-9b64-e5abd6ad0e4b","2723115222","RU000A10BGU1","ПКБ 1Р-07","fix","to_maturity","SUR","TQCB","22.5944","496","4.496536e+06","1000","105.48","1","30","24.5","1e+06","14.1","2026-05-20",NULL,NULL,"2028-04-09","2026-05-06 22:53:56.141247+00","2026-05-09 23:55:16.844999+00","A-","2026-04-06"
"b1bc6831-082a-441b-93b7-20d583ad149f","7453326003","RU000A107FZ5","АПРИ 2Р4","fix","to_maturity","SUR","TQCB","28.0776","385","914017","1000","98.4","1","91","24","250000","34.19","2026-06-19",NULL,NULL,"2027-12-17","2026-05-06 22:53:56.141247+00","2026-05-09 23:55:16.844999+00","BBB-","2025-10-24"
"b224c717-fb0b-4110-a895-d359c5b700c8","7710168360","RU000A10A8E8","РФ ЗО 30 Д","fix","to_maturity","SUR","TQCB","45.9206","591","2.20505e+06","0.04","106.8219","1000","183","7.5","7.92915e+09","0.025498","2026-09-30",NULL,NULL,"2030-03-31","2026-05-06 22:53:56.141247+00","2026-05-09 23:55:16.844999+00",NULL,NULL
"b2673a94-8134-4090-acaa-a657c2b279b3","7707083893","RU000A102W50","СберИОС430","fix","to_maturity","SUR","TQCB","2.3647","730","0","1000","95.5","1","2567","0.01","766098","0","2028-05-10",NULL,NULL,"2028-05-10","2026-05-06 22:53:56.141247+00","2026-05-09 23:55:16.844999+00","","2026-04-10"
"b2b85881-efcf-4a68-8834-0bed5fde514f","7702824562","RU000A106NT4","ПИМ БО-02","fix","to_maturity","SUR","TQCB","19.8959","79","338882","250","99.14","1","91","14.5","175000","1.09","2026-07-30",NULL,NULL,"2026-07-30","2026-05-06 22:53:56.141247+00","2026-05-09 23:55:16.844999+00","BBB-","2025-06-18"
"b2c36ef2-0b0c-4301-8b0f-16e00c2ee8eb","3662263913","RU000A10EXS4","Агроклуб 1","fix","to_maturity","SUR","TQCB","28.0777","755","1.188649e+06","1000","100","1","30","25","200000","12.33","2026-05-23",NULL,NULL,"2029-04-07","2026-05-06 22:53:56.141247+00","2026-05-09 23:55:16.844999+00","B+","2026-04-13"
"b311151d-ee61-4bfa-97aa-b32a6fd93ea4","5503067018","RU000A10C6P6","АФБАНК1Р15","fix","to_maturity","SUR","TQCB","15.4828","665","2.73048e+06","1000","104.2","1","30","16.75","1e+07","9.18","2026-05-21",NULL,NULL,"2028-07-09","2026-05-06 22:53:56.141247+00","2026-05-09 23:55:16.844999+00","AA","2025-12-10"
"b331e994-d149-460d-9514-e1448e4d0c93","1660359180","RU000A10B1Q6","Джи-гр 2P6","fix","to_maturity","SUR","TQCB","18.274","268","5.596537e+06","1000","105.85","1","30","24.75","1.5e+06","4.75","2026-06-03",NULL,NULL,"2027-02-28","2026-05-06 22:53:56.141247+00","2026-05-09 23:55:16.844999+00","BBB+","2026-04-24"
"b34bb98a-ccfe-45a8-954b-214054d7817f","7708813750","RU000A103PC2","АВТОБФ БП3","fix","to_maturity","SUR","TQCB","15.4973","119","1969","1000","98.43","1","182","10","3e+06","16.99","2026-09-08",NULL,NULL,"2026-09-08","2026-05-06 22:53:56.141247+00","2026-05-09 23:55:16.844999+00","A+","2025-09-25"
"b34e2a23-4228-4aee-a293-6342df869a32","2317084067","RU000A10C758","РКС2Р6","fix","to_maturity","SUR","TQCB","28.5237","612","2.05127e+06","1000","99.41","1","30","25","700000","10.96","2026-05-25",NULL,NULL,"2028-07-13","2026-05-06 22:53:56.141247+00","2026-05-09 23:55:16.844999+00",NULL,NULL
"b37ed8fd-5882-421f-9927-9d98a26d6c8e","7730189810","RU000A10B2D2","Патриот1Р1","fix","to_maturity","SUR","TQCB","23.3902","531","787744","1000","108.6","1","30","27","300000","2.96","2026-06-06",NULL,NULL,"2028-02-26","2026-05-06 22:53:56.141247+00","2026-05-09 23:55:16.844999+00","BBB","2025-11-26"
"b3c7059d-ac20-43e3-8c61-96371b60d157","7702070139","RU000A109KL1","ВТБ Б1-359","fix","to_maturity","SUR","TQCB","16.2716","448","2.470121e+06","1000","99.79","1","30","15","2.052377e+06","9.04","2026-05-19",NULL,NULL,"2027-09-20","2026-05-06 22:53:56.141247+00","2026-05-09 23:55:16.844999+00","AAA","2026-04-10"
"b3fcdf44-fed7-42dc-be79-555c2c204faf","7714216826","RU000A10B3S8","Аэрфью2Р04","fix","to_maturity","SUR","TQCB","18.1826","282","1.542395e+06","1000","105.97","1","91","24.75","1.6e+06","35.26","2026-06-19",NULL,NULL,"2027-03-19","2026-05-06 22:53:56.141247+00","2026-05-09 23:55:16.844999+00","A","2025-11-14"
"b4413d72-e409-425e-a4e7-6d04074c4bd9","7453136570","RU000A102FV5","Челяб35001","fix","to_maturity","SUR","TQCB","13.7796","316","1128","400","93.99","1","91","6","7e+06","4.54","2026-06-02",NULL,NULL,"2027-11-30","2026-05-06 22:53:56.141247+00","2026-05-09 23:55:16.844999+00","AA","2026-02-17"
"b449fffe-d366-4f69-922e-bfa5b625e4d0","4012004991","RU000A10AHU1","ОилРес1P1","fix","to_maturity","SUR","TQCB","36.3453","776","2.7519072e+07","1000","103.39","1","30","33","2.5e+06","17.18","2026-05-22",NULL,NULL,"2029-12-02","2026-05-06 22:53:56.141247+00","2026-05-09 23:55:16.844999+00","BBB-","2026-05-08"
"b4c334bd-833e-45da-b45a-866ac117b492","5607019523","RU000A10D2Y6","УралСт1Р06","fix","to_maturity","SUR","TQCB","24.9623","575","9.438959e+06","1000","96.96","1","30","20.5","2.388018e+06","0","2026-05-11",NULL,NULL,"2028-03-31","2026-05-06 22:53:56.141247+00","2026-05-09 23:55:16.844999+00","","2026-04-28"
"b4e01e78-3a8d-4b8a-9381-1b332b751133","7727290538","RU000A10EQG3","ИАДОМ 1P62","fix","to_maturity","SUR","TQCB","18.1661","1792","3008","1000","100.19","1","58","16.85","2.6237442e+07","18.93","2026-05-28",NULL,NULL,"2056-12-28","2026-05-06 22:53:56.141247+00","2026-05-09 23:55:16.844999+00","","2025-07-30"
"b5e8a863-f66a-400d-8b61-cf2b9c5056a5","7206033362","RU000A107A93","СНХТ БО-03","fix","other","SUR","TQCB","35.5253","4","4.270857e+06","1000","97.85","1","30","25","223407","15.75","2026-05-18","2026-08-25",NULL,"2028-11-03","2026-05-06 22:53:56.141247+00","2026-05-09 23:55:16.844999+00","B","2025-11-20"
"b5f55852-8419-43f5-8d86-7a75d7bb03f1","7707083893","RU000A10EFY9","СберИОС784","fix","to_maturity","SUR","TQCB","6.2198","678","0","1000","89.4","1","732","0.01","83099","0","2028-03-20",NULL,NULL,"2028-03-20","2026-05-06 22:53:56.141247+00","2026-05-09 23:55:16.844999+00","","2026-04-10"
"b5f58447-e2ae-4a00-b30c-7453a4aebec8","9731098069","RU000A10DJ18","БорецК1Р03","fix","to_maturity","SUR","TQCB","16.8776","617","374097","1000","103.93","1","30","18","1e+06","8.88","2026-05-23",NULL,NULL,"2028-05-12","2026-05-06 22:53:56.141247+00","2026-05-09 23:55:16.844999+00","","2026-03-26"
"b6294a73-cb17-45d5-bd38-2f3052dd3f60","1435133520","RU000A100PB0","ЖКХРСЯ БО1","fix","to_maturity","SUR","TQCB","27.8909","77","6.142117e+06","1000","99.5","1","91","23","3e+06","8.19","2026-07-28",NULL,NULL,"2026-07-28","2026-05-06 22:53:56.141247+00","2026-05-09 23:55:16.844999+00","C","2026-02-03"
"b6382ae4-77a4-4b61-9b38-95e338c526b3","5203000478","RU000A107761","ПушкПЗ1Р01","fix","to_maturity","SUR","TQRD","51.828","394","507005","1000","79.08","1","91","18","200000","0","2026-05-12",NULL,NULL,"2028-11-07","2026-05-06 22:53:56.141247+00","2026-05-09 23:55:16.844999+00","D","2026-02-26"
"b6b396a9-5737-456d-b6dd-71860a820c12","7453326003","RU000A10A1P9","АПРИ 2Р5","fix","other","SUR","TQCB","27.6495","27","547994","1000","98.39","1","91","24","142093","59.18","2026-05-12","2027-02-24",NULL,"2028-11-07","2026-05-06 22:53:56.141247+00","2026-05-09 23:55:16.844999+00","BBB-","2025-10-24"
"b6c7ceef-ce01-4d5e-8067-7aa52b215194","7727290538","RU000A102GD1","ИАДОМ Б1P3","fix","to_maturity","SUR","TQCB","12.6897","1041","2090","227.93","83.52","1","92","6","1.6540117e+07","1.65","2026-06-28",NULL,NULL,"2049-12-28","2026-05-06 22:53:56.141247+00","2026-05-09 23:55:16.844999+00","","2025-07-30"
"b75189f3-e5e7-448a-bc5a-ea556e81f567","7706664260","RU000A103AT8","sАтомэнп01","fix","to_maturity","SUR","TQCB","14.7298","39","651116","1000","99.29","1","182","7.5","1e+07","29.38","2026-06-19",NULL,NULL,"2026-06-19","2026-05-06 22:53:56.141247+00","2026-05-09 23:55:16.844999+00","AAA","2026-03-13"
"b76ab84d-0c97-4db8-aec3-027611ac50e0","2310197022","RU000A10D3T4","СЗА БО-04","fix","to_maturity","SUR","TQCB","28.5849","654","298533","1000","98.4","1","30","24.5","100000","18.79","2026-05-13",NULL,NULL,"2028-09-29","2026-05-06 22:53:56.141247+00","2026-05-09 23:55:16.844999+00","BB-","2025-11-18"
"b7e42add-51fd-479a-b776-139a2c759903","7801271157","RU000A10B255","ММЗ001P-02","fix","to_maturity","SUR","TQCB","23.0211","443","271372","910","107.44","1","30","27","85000","3.37","2026-06-05",NULL,NULL,"2029-02-19","2026-05-06 22:53:56.141247+00","2026-05-09 23:55:16.844999+00","","2025-05-23"
"b7e9e3a2-3a67-420a-8f4f-339f63caaf57","7714431630","RU000A103QK3","МэйлБ1Р1","fix","to_maturity","SUR","TQCB","15.2522","126","1.220989e+06","1000","97.74","1","182","7.9","1.5e+07","11.9","2026-09-15",NULL,NULL,"2026-09-15","2026-05-06 22:53:56.141247+00","2026-05-09 23:55:16.844999+00","AA","2026-04-22"
"b8a766bd-8dde-4005-891f-0e10af1bc0b4","5406697416","RU000A10DPT0","Реиннол1P4","fix","to_maturity","SUR","TQCB","33.8943","726","2.124579e+06","1000","88.18","1","91","24","250000","44.05","2026-06-04",NULL,NULL,"2030-11-28","2026-05-06 22:53:56.141247+00","2026-05-09 23:55:16.844999+00","BB-","2025-10-02"
"b8aa2e94-ce30-4968-b565-bb0ad1228fbb","7713076301","RU000A105W81","ВымпелК1Р5","fix","to_maturity","SUR","TQCB","13.9169","267","102998","1000","97.2","1","91","9.35","7.210829e+06","21.52","2026-05-18",NULL,NULL,"2027-02-15","2026-05-06 22:53:56.141247+00","2026-05-09 23:55:16.844999+00","AA","2026-01-22"
"b8c07a30-afa1-4d41-8e3f-b1ecf607db6c","7724331419","RU000A10CSR0","ГЛАВСНАБ01","fix","to_maturity","SUR","TQCB","79.3991","567","3.015184e+06","1000","54.85","1","30","23.5","200000","13.52","2026-05-20",NULL,NULL,"2028-09-06","2026-05-06 22:53:56.141247+00","2026-05-09 23:55:16.844999+00","D","2026-04-28"
"b8ce5bf7-fe49-44c6-861d-afffab79b07f","5406805083","RU000A10ERS6","Бустер Б03","fix","to_maturity","SUR","TQCB","24.4991","661","1.323657e+06","1000","102.5","1","30","23.5","300000","2.58","2026-06-06",NULL,NULL,"2029-03-22","2026-05-06 22:53:56.141247+00","2026-05-09 23:55:16.844999+00",NULL,NULL
"b95a0ba2-9417-45dd-847b-2f9e3242f048","7702070139","RU000A1043P8","ВТБ Б1-274","fix","to_maturity","SUR","TQCB","11.8244","666","815","1000","81.54","1","91","0.01","30528","0.02","2026-06-10",NULL,NULL,"2028-03-08","2026-05-06 22:53:56.141247+00","2026-05-09 23:55:16.844999+00","AAA","2026-04-10"
"b981650a-3514-4b4c-9863-64074cc9d3b7","7727290538","RU000A100ZB9","ИА ДОМ10P2","fix","to_maturity","SUR","TQCB","13.3005","996","1303","159.93","90.48","1","30","0","9.56528e+07","0","2026-05-28",NULL,NULL,"2049-09-28","2026-05-06 22:53:56.141247+00","2026-05-09 23:55:16.844999+00","","2025-07-30"
"b9e008df-3a09-42bf-82cc-5278036a538f","7707083893","RU000A104AF5","СберИОС506","fix","to_maturity","SUR","TQCB","10.543","248","0","1000","93.4","1","364","0.01","390602","0","2027-01-15",NULL,NULL,"2027-01-15","2026-05-06 22:53:56.141247+00","2026-05-09 23:55:16.844999+00","","2026-04-10"
"b9f6c65a-a138-47e6-b426-9de11d55e6de","1655201119","RU000A108BX7","ТатнхимP02","fix","to_maturity","SUR","TQCB","21.4227","786","814653","1000","101.64","1","60","20.5","300000","14.6","2026-06-14",NULL,NULL,"2029-03-30","2026-05-06 22:53:56.141247+00","2026-05-09 23:55:16.844999+00","BB+","2025-08-26"
"ba19c03e-c305-4dd2-9c00-8b1d883a1b6c","7720261827","RU000A10EAM5","ГТЛК 1P-22","fix","to_maturity","SUR","TQCB","8.2998","994","1.5908716e+07","100","104.1259","1","30","9.5","1e+06","44.77254","2026-05-18",NULL,NULL,"2029-08-30","2026-05-06 22:53:56.141247+00","2026-05-09 23:55:16.844999+00","AA-","2026-03-23"
"badbf6c2-cf68-40de-984d-1c017ee59941","7727290538","RU000A103N43","ИАДОМ Б1P9","fix","to_maturity","SUR","TQCB","13.7523","1000","2886","419.84","85.81","1","89","7.65","9.749207e+06","6.34","2026-05-28",NULL,NULL,"2031-08-28","2026-05-06 22:53:56.141247+00","2026-05-09 23:55:16.844999+00","","2025-07-30"
"badd7a95-3f95-4feb-90c1-3a41f49ab1e7","7841019595","RU000A106RB3","АСВ 1Р01","fix","to_maturity","SUR","TQCB","28.0791","91","1.132748e+06","1000","97.91","1","91","17","200000","40.52","2026-05-15",NULL,NULL,"2026-08-14","2026-05-06 22:53:56.141247+00","2026-05-09 23:55:16.844999+00","BB+","2026-05-07"
"baea3eba-d8e0-444d-bfe1-7106615a3791","6164218952","RU000A10EB07","МСБЛиз3P07","fix","to_maturity","SUR","TQCB","22.9448","534","2.669722e+06","1000","100.24","1","30","21","400000","12.66","2026-05-19",NULL,NULL,"2029-02-02","2026-05-06 22:53:56.141247+00","2026-05-09 23:55:16.844999+00","","2025-07-04"
"bb4b4859-4e9c-45f8-b935-0c0b8e5f3c3a","9705140370","RU000A101UW4","sСоц.раз02","fix","to_maturity","SUR","TQCB","18.8434","144","152","153.12","99.47","1","91","16.31","1.79853e+06","2.26","2026-07-08",NULL,NULL,"2027-01-08","2026-05-06 22:53:56.141247+00","2026-05-09 23:55:16.844999+00","A","2026-02-09"
"bc38b963-50fa-4097-b14c-a02005a28f33","7707083893","RU000A103ZJ6","СберИОС486","fix","to_maturity","SUR","TQCB","12.9307","933","73310","1000","73.31","1","2562","0.01","1.612179e+06","0","2028-11-30",NULL,NULL,"2028-11-30","2026-05-06 22:53:56.141247+00","2026-05-09 23:55:16.844999+00","","2026-04-10"
"bc5b06f5-6a67-41b6-8233-c89087b4a852","7702070139","RU000A1043R4","ВТБ Б1-271","fix","to_maturity","SUR","TQCB","7.7678","293","564960","1000","94.16","1","91","0.01","177657","0","2026-06-01",NULL,NULL,"2027-03-01","2026-05-06 22:53:56.141247+00","2026-05-09 23:55:16.844999+00","AAA","2026-04-10"
"bcba6730-6d13-445c-a0d9-1b33f1134aa1","7730233723","RU000A108L65","АйДиКоле07","fix","to_maturity","SUR","TQCB","21.1894","195","1.372837e+06","1000","99.8","1","30","19","499510","8.33","2026-05-25",NULL,NULL,"2027-05-20","2026-05-06 22:53:56.141247+00","2026-05-09 23:55:16.844999+00","BBB-","2025-08-01"
"bce393ea-834f-40b9-9449-7eb8f2ec5489","7707083893","RU000A107W97","СберИОС610","fix","to_maturity","SUR","TQCB","10.2473","1057","0","1000","75.4","1","32","0.01","620247","0","2026-05-12",NULL,NULL,"2029-04-03","2026-05-06 22:53:56.141247+00","2026-05-09 23:55:16.844999+00","","2026-04-10"
"bd10bebb-9468-40eb-8138-c0135376cb1a","5406634649","RU000A1043E2","Новосиб 22","fix","to_maturity","SUR","TQCB","13.9611","518","59727","800","94.19","1","91","9.03","1e+07","4.55","2026-07-18",NULL,NULL,"2028-11-14","2026-05-06 22:53:56.141247+00","2026-05-09 23:55:16.844999+00","AA","2025-12-12"
"bdb6b99a-aef3-402f-933a-ee8223b51337","7736328675","RU000A10BYZ3","Медскан1Р1","fix","to_maturity","SUR","TQCB","16.4211","443","1.684566e+06","1000","103.93","1","30","18.5","3e+06","5.58","2026-05-30",NULL,NULL,"2027-09-22","2026-05-06 22:53:56.141247+00","2026-05-09 23:55:16.844999+00","A","2026-05-08"
"bea5add8-06dc-4f94-9df4-81470e5d4e24","0010038193","RU000A101RT6","Казахст05","fix","to_maturity","SUR","TQCB","13.601","42","526330","1000","99.35","1","182","7.48","1e+07","28.69","2026-06-22",NULL,NULL,"2026-06-22","2026-05-06 22:53:56.141247+00","2026-05-09 23:55:16.844999+00",NULL,NULL
"beaf7305-be94-4c06-9586-c3996b3e0d2d","7604002902","RU000A101WD0","ЯрОбл35018","fix","to_maturity","SUR","TQCB","7.3184","13","143519","200","99.96","1","91","6","4e+06","2.56","2026-05-24",NULL,NULL,"2026-05-24","2026-05-06 22:53:56.141247+00","2026-05-09 23:55:16.844999+00","A","2025-11-18"
"beafc607-a031-40b0-8ebb-b2263a0e623e","7705303688","RU000A107720","МКЛизинг1","fix","to_maturity","SUR","TQCB","28.6954","96","110766","334","97.96","1","31","17.65","350000","1.62","2026-06-01",NULL,NULL,"2026-11-10","2026-05-06 22:53:56.141247+00","2026-05-09 23:55:16.844999+00","BB","2025-10-02"
"bee6ed11-f0e1-4798-9da7-d0e3a2f0fb89","7819039902","RU000A10EFW3","ЛАЗСИСТ-02","fix","to_maturity","SUR","TQCB","19.1414","784","917688","1000","106.77","1","30","20.75","200000","3.98","2026-06-03",NULL,NULL,"2029-02-17","2026-05-06 22:53:56.141247+00","2026-05-09 23:55:16.844999+00","BBB","2025-08-28"
"bef0c3e3-c30e-407c-b82c-c9964b6c7fce","7202066550","RU000A10CUF1","ТАЛК002P03","fix","other","SUR","TQCB","21.8947","5","103527","1000","99.76","1","30","20","200000","7.67","2026-05-27","2026-09-29",NULL,"2029-09-08","2026-05-06 22:53:56.141247+00","2026-05-09 23:55:16.844999+00","BBB","2025-12-29"
"bf0bcf6e-0ba3-4466-8d88-013930661168","7707083893","RU000A10BW05","СберИОС732","fix","to_maturity","SUR","TQCB","3.9727","1549","0","1000","84.8","1","31","0.01","78977","0","2026-05-15",NULL,NULL,"2030-08-08","2026-05-06 22:53:56.141247+00","2026-05-09 23:55:16.844999+00","","2026-04-10"
"bf43b5c7-fb74-401c-ac72-f2b4afadc837","9717068640","RU000A10E6D0","iВУШ 1P5","fix","to_maturity","SUR","TQCB","24.3478","517","3.373992e+06","1000","100.01","1","30","22","1e+06","7.23","2026-05-29",NULL,NULL,"2028-01-19","2026-05-06 22:53:56.141247+00","2026-05-09 23:55:16.844999+00","BBB+","2026-04-01"
"bfd0ba3d-6a36-46ef-82e8-743b6db94ee6","5401995271","RU000A1094U1","Байсэл 1Р1","fix","other","SUR","TQCB","25.6759","4","116764","1000","99.77","1","91","24.5","200000","7.38","2026-07-30","2026-08-06",NULL,"2027-07-29","2026-05-06 22:53:56.141247+00","2026-05-09 23:55:16.844999+00","BB-","2025-09-18"
"bff76d8f-75c2-492c-8aa7-9976e06b8ffc","7707083893","RU000A1032L0","СберИОС440","fix","to_maturity","SUR","TQCB","3.3465","752","0","1000","93.5","1","2562","0.01","220858","0","2028-06-02",NULL,NULL,"2028-06-02","2026-05-06 22:53:56.141247+00","2026-05-09 23:55:16.844999+00","","2026-04-10"
"c02be6ff-77a2-4c06-91c5-de25a95c5276","7707083893","RU000A103Y57","СберИОС485","fix","to_maturity","SUR","TQCB","17.5495","186","0","1000","92.1","1","364","0.01","315384","0","2026-11-13",NULL,NULL,"2026-11-13","2026-05-06 22:53:56.141247+00","2026-05-09 23:55:16.844999+00","","2026-04-10"
"c03c6324-8fbe-4f9b-a0ab-d35c9acf2842","7813379412","RU000A10EQD0","Роделен2P5","fix","to_maturity","SUR","TQCB","24.265","862","5.744705e+06","1000","100.18","1","30","22","500000","6.63","2026-05-30",NULL,NULL,"2031-03-05","2026-05-06 22:53:56.141247+00","2026-05-09 23:55:16.844999+00","BBB","2025-10-08"
"c08aa6c6-db37-4d7d-9f44-fde2cd6ff2ae","2508064833","RU000A104362","ВСК 1P-02R","fix","to_maturity","SUR","TQCB","14.8312","181","31291","1000","97.68","1","182","9.55","7.5e+06","45.53","2026-05-19",NULL,NULL,"2026-11-17","2026-05-06 22:53:56.141247+00","2026-05-09 23:55:16.844999+00","AA-","2026-03-20"
"c08d58b5-89e3-413e-b9e4-3dd89a6201dd","4205119220","RU000A10DCF7","Новотр 2Р1","fix","to_maturity","SUR","TQCB","15.5596","741","6.373637e+06","1000","102.96","1","30","16","8.5e+06","4.82","2026-05-30",NULL,NULL,"2028-10-16","2026-05-06 22:53:56.141247+00","2026-05-09 23:55:16.844999+00","AA-","2026-05-08"
"c0d878b1-6af1-421a-a953-dac8e1dca31e","9729387137","RU000A10ATR2","ГЛОРАКС1Р3","fix","to_maturity","SUR","TQCB","17.0682","239","3.010852e+06","1000","108.15","1","30","28","1.4e+06","6.9","2026-06-01",NULL,NULL,"2027-01-27","2026-05-06 22:53:56.141247+00","2026-05-09 23:55:16.844999+00","BBB+","2026-04-10"
"c1109848-6681-4072-b3b9-2381cb9727f8","7017004461","RU000A10A6J1","ТомскАдм 9","fix","to_maturity","SUR","TQCB","15.0045","146","4.823653e+06","600","104.8","1","31","26","1.2e+06","0.85","2026-05-09",NULL,NULL,"2026-12-12","2026-05-06 22:53:56.141247+00","2026-05-09 23:55:16.844999+00","BBB+","2026-03-05"
"c1151e58-c863-434f-8467-6af7335da398","7707083893","RU000A107DC9","СберИОС599","fix","to_maturity","SUR","TQCB","6.3207","976","145179","1000","84.9","1","31","0.01","624306","0","2026-05-15",NULL,NULL,"2029-01-12","2026-05-06 22:53:56.141247+00","2026-05-09 23:55:16.844999+00","","2026-04-10"
"c19e560c-d943-435a-a2d8-9afe75c77b41","6659083401","RU000A1074N8","ПрактЛК1Р2","fix","to_maturity","SUR","TQCB","16.8723","94","86440","220","99.99","1","31","15.7","3e+06","2.84","2026-05-12",NULL,NULL,"2026-11-14","2026-05-06 22:53:56.141247+00","2026-05-09 23:55:16.844999+00","","2026-05-08"
"c19f798e-5d48-4825-a419-06729217d3d4","6685151087","RU000A10C8F3","Брус 2Р04","fix","to_maturity","SUR","TQCB","23.2166","645","1.6290399e+07","1000","100.77","1","30","21.5","7.5e+06","3.53","2026-06-04",NULL,NULL,"2028-07-23","2026-05-06 22:53:56.141247+00","2026-05-09 23:55:16.844999+00","A-","2026-03-30"
"c1db9245-d03c-4671-b835-d9b8984dbdd6","7744001497","RU000A108CG0","ГПБ004Р06","fix","to_maturity","SUR","TQCB","9.3873","384","0","1000","90.98","1","365","0.01","178105","0.09","2026-05-31",NULL,NULL,"2027-05-31","2026-05-06 22:53:56.141247+00","2026-05-09 23:55:16.844999+00","AAA","2026-04-28"
"c229da41-565d-4e5d-a32f-3e8a317b0210","7707083893","RU000A10C6Q4","СберИОС749","fix","to_maturity","SUR","TQCB","3.8518","860","0","1000","91.5","1","365","0.01","996860","0","2026-08-18",NULL,NULL,"2028-09-18","2026-05-06 22:53:56.141247+00","2026-05-09 23:55:16.844999+00","","2026-04-10"
"c2330107-ba1a-4e7b-9eab-1b0572598217","7707083893","RU000A10B1S2","СберИОС692","fix","to_maturity","SUR","TQCB","3.5158","1427","0","1000","87.4","1","29","0.01","156224","0","2026-05-15",NULL,NULL,"2030-04-08","2026-05-06 22:53:56.141247+00","2026-05-09 23:55:16.844999+00","","2026-04-10"
"c23c351d-1787-47ae-94f8-2c0fb44552d2","0273086494","RU000A10CST6","СКСЛомбБ02","fix","to_maturity","SUR","TQCB","27.8138","634","704629","1000","103.87","1","30","27","250000","15.53","2026-05-20",NULL,NULL,"2028-09-06","2026-05-06 22:53:56.141247+00","2026-05-09 23:55:16.844999+00",NULL,NULL
"c2731599-0edf-4129-895d-a03bdbc1fcbd","9729293827","RU000A10AMY3","ЛКХ-01","fix","to_maturity","SUR","TQCB","30.8601","480","429961","1000","105","1","30","31","50000","0","2026-05-11",NULL,NULL,"2028-01-01","2026-05-06 22:53:56.141247+00","2026-05-09 23:55:16.844999+00","B","2026-02-16"
"c293c8d2-22d2-4f12-ad24-3ee70c873a62","7705619586","RU000A10EST2","ЭталонФин5","fix","to_maturity","SUR","TQCB","22.0254","762","7.603384e+07","1000","99.86","1","30","20","4.5e+06","0.55","2026-05-10",NULL,NULL,"2029-03-25","2026-05-06 22:53:56.141247+00","2026-05-09 23:55:16.844999+00","BBB+","2026-04-17"
"c3375d9e-6383-44ab-9b1d-ca92b7350df5","5401995271","RU000A10DEE6","Байсэл 1Р4","fix","other","SUR","TQCB","22.8937","29","611444","1000","101.98","1","91","25.25","100000","60.18","2026-05-15","2027-03-01",NULL,"2029-08-10","2026-05-06 22:53:56.141247+00","2026-05-09 23:55:16.844999+00","BB-","2025-09-18"
"c35f31cc-3c57-4fe2-bad5-18504cd7a2f1","5504036333","RU000A1017J5","Газпнф3P2R","fix","to_maturity","SUR","TQCB","14.2926","1129","1.955469e+06","1000","82","1","91","7.15","2e+07","11.56","2026-06-12",NULL,NULL,"2029-12-07","2026-05-06 22:53:56.141247+00","2026-05-09 23:55:16.844999+00","AAA","2026-05-07"
"c396785f-37fd-4d96-9305-6364f2b0954a","2721084628","RU000A10BTT6","УЛК1Р01","fix","to_maturity","SUR","TQCB","21.2406","345","1.739476e+06","1000","104.92","1","30","24.5","1e+06","17.45","2026-05-15",NULL,NULL,"2027-06-09","2026-05-06 22:53:56.141247+00","2026-05-09 23:55:16.844999+00","BBB","2026-01-29"
"c3aa1a3c-293b-4eaa-858f-600954262abf","7000000885","RU000A10DZN2","ТомОб35078","fix","to_maturity","SUR","TQCB","14.2573","1407","259047","1000","106","1","90","15.1","5e+06","20.68","2026-06-20",NULL,NULL,"2032-10-06","2026-05-06 22:53:56.141247+00","2026-05-09 23:55:16.844999+00","BBB","2026-04-30"
"c3e40afb-96b8-4be1-9e2b-8e586c83acd8","9703024202","RU000A10DY50","Сегежа3P8R","fix","to_maturity","SUR","TQCB","27.6097","597","4.622037e+06","1000","98.99","1","30","24","669658","12.49","2026-05-22",NULL,NULL,"2028-06-10","2026-05-06 22:53:56.141247+00","2026-05-09 23:55:16.844999+00","BB-","2025-09-03"
"c4ac35ed-6280-44d6-9122-05b723b30307","2317084067","RU000A106DV1","РКС2Р3","fix","to_maturity","SUR","TQCB","30.1756","35","1.399494e+06","1000","98.87","1","91","15.25","950000","23.4","2026-06-15",NULL,NULL,"2026-06-15","2026-05-06 22:53:56.141247+00","2026-05-09 23:55:16.844999+00",NULL,NULL
"c4d01221-a810-41e1-a590-0a9d0a7993c5","4401116480","RU000A103760","СовкомБ04","fix","to_maturity","SUR","TQCB","15.6765","20","947789","1000","99.61","1","91","8","2.650472e+06","15.34","2026-06-01",NULL,NULL,"2026-06-01","2026-05-06 22:53:56.141247+00","2026-05-09 23:55:16.844999+00","AA","2026-04-17"
"c5615a03-a9ce-48bd-accd-c53cc1d3fc49","5904000395","RU000A100TB2","ПНППК 1P01","fix","to_maturity","SUR","TQCB","15.2817","919","4364","1000","109.11","1","91","18","250000","34.03","2026-06-02",NULL,NULL,"2029-08-28","2026-05-06 22:53:56.141247+00","2026-05-09 23:55:16.844999+00",NULL,NULL
"c59ed1a8-5d29-4122-ab0a-efcca7a52ebf","7713076301","RU000A105XE7","ВымпелК1Р2","fix","to_maturity","SUR","TQCB","14.899","763","23531","1000","90.48","1","91","9.3","1.4672878e+07","13.5","2026-06-18",NULL,NULL,"2028-09-14","2026-05-06 22:53:56.141247+00","2026-05-09 23:55:16.844999+00","AA","2026-01-22"
"c5b463e7-86cd-4302-86b5-3500b3f80528","7707600245","RU000A10ATC4","МГКЛ-1P7","fix","to_maturity","SUR","TQCB","27.4338","854","3.135925e+06","1000","113.28","1","30","30","1e+06","7.4","2026-06-01",NULL,NULL,"2030-01-11","2026-05-06 22:53:56.141247+00","2026-05-09 23:55:16.844999+00","BB","2025-11-21"
"c5f7cf57-2c50-48b0-bf65-f02120f86643","7702000406","RU000A1035Y6","БМБанкП08","fix","to_maturity","SUR","TQCB","16.1745","23","0","1000","99.02","1","182","0.01","1e+07","0.04","2026-06-04",NULL,NULL,"2026-06-04","2026-05-06 22:53:56.141247+00","2026-05-09 23:55:16.844999+00","AA+","2025-12-26"
"c64c09a0-a6c6-4154-98e5-dd7a53af25f8","4100006268","RU000A1083X8","АГТК БО-04","fix","to_maturity","SUR","TQCB","19.297","763","196708","1000","99.9","1","91","18","75000","22.68","2026-06-25",NULL,NULL,"2029-03-22","2026-05-06 22:53:56.141247+00","2026-05-09 23:55:16.844999+00","BB","2025-07-21"
"c6680dd2-13c6-4f00-819e-280e4c2979d3","7708503727","RU000A0JSGV0","РЖД-32 обл","fix","other","SUR","TQCB","14.2129","57","9.221213e+06","1000","99.24","1","182","9.8","1e+07","34.64","2026-07-03","2026-07-08",NULL,"2032-06-25","2026-05-06 22:53:56.141247+00","2026-05-09 23:55:16.844999+00","","2026-04-07"
"c6a17e88-69c4-4979-80f6-704cc97bfbd7","9703184573","RU000A10AAQ4","СФО СФ1 01","fix","to_maturity","SUR","TQCB","16.2321","122","2.3673196e+07","500.59","103.3","1","30","25","7.7e+06","4.8","2026-05-27",NULL,NULL,"2028-12-27","2026-05-06 22:53:56.141247+00","2026-05-09 23:55:16.844999+00","AAA","2025-12-02"
"c6c750fd-6d25-4057-84cf-c4167ee980ab","4025447648","RU000A10DSU2","КЛВЗ 1P04","fix","to_maturity","SUR","TQCB","19.7992","638","1.512054e+06","1000","108.91","1","91","23.5","250000","36.05","2026-06-15",NULL,NULL,"2028-12-11","2026-05-06 22:53:56.141247+00","2026-05-09 23:55:16.844999+00","BB-","2025-10-20"
"c6e2b7d8-a1fd-44a7-898c-d4a9af819b0c","7702070139","RU000A103TX0","ВТБ Б1-242","fix","to_maturity","SUR","TQCB","16.0017","377","0","1000","85.76","1","182","0.01","322035","0.05","2026-05-25",NULL,NULL,"2027-05-24","2026-05-06 22:53:56.141247+00","2026-05-09 23:55:16.844999+00","AAA","2026-04-10"
"c6f06865-6740-4edd-ab2d-ca6dca36e241","7801485085","RU000A10ERD8","УПТК65 1P2","fix","to_maturity","SUR","TQCB","28.388","924","3.443859e+06","1000","92.11","1","30","22","300000","4.82","2026-06-02",NULL,NULL,"2031-03-08","2026-05-06 22:53:56.141247+00","2026-05-09 23:55:16.844999+00","BB","2025-10-13"
"c73f5297-82b8-42f2-9c7a-a5a7720de6b2","7707083893","RU000A107UR1","СберИОС609","fix","to_maturity","SUR","TQCB","8.0103","1046","0","1000","80.2","1","28","0.01","366355","0","2026-06-01",NULL,NULL,"2029-03-23","2026-05-06 22:53:56.141247+00","2026-05-09 23:55:16.844999+00","","2026-04-10"
"c763c9c8-037e-4c41-8e55-e57400a84b45","9704268000","RU000A10EWA4","РКСОлимпA4","fix","to_maturity","SUR","TQCB","32.3022","1180","5.7603496e+07","1000","100.22","1","57","15.5","6e+06","1.7","2026-07-03",NULL,NULL,"2034-01-03","2026-05-09 22:15:17.540546+00","2026-05-09 23:55:16.844999+00","AAA","2026-05-06"
"c80bc4d1-c07f-411a-9a9f-70fa93101e93","9705101614","RU000A100DG5","ЕвропланБ6","fix","other","SUR","TQCB","7.2935","18","62815","400","107.64","1","182","22.5","3e+06","42.9","2026-05-19","2026-11-20",NULL,"2029-05-15","2026-05-06 22:53:56.141247+00","2026-05-09 23:55:16.844999+00","AA","2026-04-22"
"c8240641-d848-435b-8df4-8d28caf5d5f2","7707049388","RU000A10ETL7","РостелP25R","fix","to_maturity","SUR","TQCB","14.3218","608","9.851175e+06","1000","100.32","1","30","13.65","1.5e+07","10.1","2026-05-14",NULL,NULL,"2028-04-03","2026-05-06 22:53:56.141247+00","2026-05-09 23:55:16.844999+00","AAA","2026-04-27"
"c83f123e-3142-4a9b-bd67-9ff9cb5bd916","7701045732","RU000A0JWN89","МОСТРЕСТ 8","fix","to_maturity","SUR","TQCB","16.2245","78","83078","1000","96.8","1","182","0.01","5e+06","0.03","2026-07-29",NULL,NULL,"2026-07-29","2026-05-06 22:53:56.141247+00","2026-05-09 23:55:16.844999+00","","2022-12-09"
"c84e097d-698e-4d3a-b18c-9ab27d990d73","6672241304","RU000A103G00","sСТМ 1P2","fix","to_maturity","SUR","TQCB","18.2636","71","1.7752746e+07","1000","98.32","1","182","8.7","1e+07","26.22","2026-07-22",NULL,NULL,"2026-07-22","2026-05-06 22:53:56.141247+00","2026-05-09 23:55:16.844999+00","A","2026-02-03"
"c8b0cf0d-ec33-4240-ba8f-b9e50c365bf9","5029169023","RU000A10E4X3","ЕвроТранс9","fix","to_maturity","SUR","TQCB","48.9547","735","5.336072e+06","1000","61.94","1","30","20","2.5e+06","10.41","2026-05-22",NULL,NULL,"2030-12-27","2026-05-06 22:53:56.141247+00","2026-05-09 23:55:16.844999+00","","2026-04-14"
"c8b998db-e87a-4334-8464-fdc685dfa99c","7702070139","RU000A104DK9","ВТБ Б1-299","fix","to_maturity","SUR","TQCB","6.6939","282","0","1000","95.11","1","182","0.01","1.002136e+06","0","2026-08-20",NULL,NULL,"2027-02-18","2026-05-06 22:53:56.141247+00","2026-05-09 23:55:16.844999+00","AAA","2026-04-10"
"c8e36ae6-4950-4ce1-8b46-174580f203dc","9717054493","RU000A106Q47","Фордевинд3","fix","to_maturity","SUR","TQCB","24.6683","172","1.596437e+06","1000","97.11","1","30","16","500000","6.58","2026-05-26",NULL,NULL,"2027-01-21","2026-05-06 22:53:56.141247+00","2026-05-09 23:55:16.844999+00","BB+","2025-10-24"
"c92a2538-1451-46f8-8608-8f7487f84f07","7707837251","RU000A107EP9","СмартФ1Р02","fix","to_maturity","SUR","TQCB","25.9362","205","230362","1000","97.4","1","91","19","200000","28.63","2026-06-16",NULL,NULL,"2026-12-15","2026-05-06 22:53:56.141247+00","2026-05-09 23:55:16.844999+00","BBB-","2025-09-24"
"c94ee31a-cc6d-4c1d-9258-92d9832f8a64","3808175078","RU000A104A39","sКапиталР1","fix","to_maturity","SUR","TQCB","15.5409","204","747522","1000","97.41","1","182","10.25","5e+06","42.12","2026-06-12",NULL,NULL,"2026-12-11","2026-05-06 22:53:56.141247+00","2026-05-09 23:55:16.844999+00","AA-","2025-09-29"
"c9d3da2a-5f06-48f3-af49-0ab950ab10f7","7707083893","RU000A10AYH3","СберИОС683","fix","to_maturity","SUR","TQCB","6.9438","1423","0","1000","77","1","31","0.01","370767","0","2026-05-14",NULL,NULL,"2030-04-04","2026-05-06 22:53:56.141247+00","2026-05-09 23:55:16.844999+00","","2026-04-10"
"c9d3ed2a-52d0-40e3-9fa6-4062e0f9261b","5321029508","RU000A108JH3","Акрон Б1P4","fix","to_maturity","CNY","TQOY","6.1785","11","16529","500","100.05","1","91","7.75","1.5e+06","8.6","2026-05-22",NULL,NULL,"2026-05-22","2026-05-06 22:53:56.141247+00","2026-05-09 23:55:16.844999+00","AA","2026-04-29"
"c9e0324d-631e-434a-bf74-d6cdf2ca0fcb","9715453911","RU000A10CH37","Денум 1Р2","fix","to_maturity","SUR","TQCB","26.3861","628","938000","1000","101.48","1","30","24.5","200000","15.44","2026-05-18",NULL,NULL,"2028-08-05","2026-05-06 22:53:56.141247+00","2026-05-09 23:55:16.844999+00",NULL,NULL
"ca1b774a-8009-40b2-ba71-f5e3830382d9","9731098069","RU000A10EK71","БорецК1Р05","fix","to_maturity","SUR","TQCB","17.33","803","600686","1000","105.43","1","30","18.5","2.5e+06","13.18","2026-05-15",NULL,NULL,"2029-02-28","2026-05-06 22:53:56.141247+00","2026-05-09 23:55:16.844999+00","","2026-03-26"
"caa47222-8254-42ab-a350-71ba21df2400","3900014756","RU000A10DCE0","МКАОВокс01","fix","to_maturity","SUR","TQCB","21.5104","458","1.184091e+06","1000","101.7","1","30","21","300000","6.33","2026-05-30",NULL,NULL,"2027-10-22","2026-05-06 22:53:56.141247+00","2026-05-09 23:55:16.844999+00",NULL,NULL
"cacae45c-7f55-4a55-bad6-a37c5e74a6d4","7744001497","RU000A10D2V2","ГПБ004Р31","fix","to_maturity","SUR","TQCB","5.6057","902","0","1000","87.4","1","365","0.01","116519","0.05","2026-10-31",NULL,NULL,"2028-10-30","2026-05-06 22:53:56.141247+00","2026-05-09 23:55:16.844999+00","AAA","2026-04-28"
"cb153933-cb2b-4e57-a4a5-029bce3e631b","7710918800","RU000A1068S9","ЛайфСтр П2","fix","to_maturity","SUR","TQCB","18.5929","521","564890","1000","94.56","1","91","13.5","500000","32.55","2026-05-14",NULL,NULL,"2028-05-11","2026-05-06 22:53:56.141247+00","2026-05-09 23:55:16.844999+00","BBB+","2025-09-19"
"cb599d08-9fa7-43dc-a7c8-2958794b66d1","1652009537","RU000A10AYF7","НовТех1Р4","fix","to_maturity","SUR","TQCB","18.2062","255","1.972257e+06","1000","105.11","1","91","24.25","1.1e+06","53.15","2026-05-22",NULL,NULL,"2027-02-19","2026-05-06 22:53:56.141247+00","2026-05-09 23:55:16.844999+00","A","2025-12-05"
"cb6e5f7f-81fc-4214-8557-440b5281dbe3","4025447648","RU000A10AZG2","КЛВЗ 1P02","fix","to_maturity","SUR","TQCB","19.7446","425","1.22414e+06","1000","111.95","1","30","28","350000","13.81","2026-05-23",NULL,NULL,"2028-02-12","2026-05-06 22:53:56.141247+00","2026-05-09 23:55:16.844999+00","BB-","2025-10-20"
"cbed9d2c-b00b-41e2-b77d-3c8bd8a211cd","7725114488","RU000A103N84","РСХБ 2Р14","fix","other","SUR","TQCB","13.9559","115","543763","1000","99.92","1","182","13.4","1.5e+07","24.6","2026-09-03",NULL,NULL,"2026-09-03","2026-05-06 22:53:56.141247+00","2026-05-09 23:55:16.844999+00","AA","2026-03-31"
"cbf8d119-cf37-45ab-b05a-14fa3f7a30ca","7709756135","RU000A0JRU20","СЗКК 03","fix","to_maturity","SUR","TQCB","17.0925","920","0","567","83.01","1","182","8.91","5e+06","5.26","2026-10-02",NULL,NULL,"2031-09-26","2026-05-06 22:53:56.141247+00","2026-05-09 23:55:16.844999+00",NULL,NULL
"cc11ea61-af7b-4348-b8ec-73a5d91c2f19","6455041925","RU000A10ERA4","ЭконЛиз2Р2","fix","to_maturity","SUR","TQCB","23.3999","785","351921","1000","102.94","1","91","23","100000","23.95","2026-07-03",NULL,NULL,"2029-03-30","2026-05-06 22:53:56.141247+00","2026-05-09 23:55:16.844999+00","BBB-","2025-07-22"
"cc289cd2-cb07-4ff6-9fbf-8703e30ec739","7724889891","RU000A106CJ8","ЛаймЗайм03","fix","to_maturity","SUR","TQCB","26.565","12","776035","500","99.76","1","30","16.5","800000","4.07","2026-05-23",NULL,NULL,"2026-05-23","2026-05-06 22:53:56.141247+00","2026-05-09 23:55:16.844999+00","BB+","2025-11-19"
"cc6cfc35-f0be-403f-8790-5df9bc1eaa60","1655201119","RU000A103UL3","ТатнхимP01","fix","to_maturity","SUR","TQCB","17.8792","93","147023","1000","101.23","1","60","21.5","300000","31.22","2026-05-18",NULL,NULL,"2026-09-15","2026-05-06 22:53:56.141247+00","2026-05-09 23:55:16.844999+00","BB+","2025-08-26"
"cc8dd880-469f-4996-af78-3b1d13f6f6be","2308040000","RU000A1011B5","КраснодКр3","fix","to_maturity","SUR","TQCB","13.7056","183","12783","400","97.05","1","91","6.95","1e+07","0.3","2026-08-06",NULL,NULL,"2026-11-12","2026-05-06 22:53:56.141247+00","2026-05-09 23:55:16.844999+00","AA-","2026-02-17"
"ccaaa73e-3fa0-4dd9-991f-77561008b3f8","9703206788","RU000A10DBM5","ТБ-5_01","fix","to_maturity","SUR","TQCB","17.0015","659","5.421647e+06","1000","103.1","1","30","17.3","1.2e+07","8.06","2026-05-24",NULL,NULL,"2030-06-24","2026-05-06 22:53:56.141247+00","2026-05-09 23:55:16.844999+00","AAA","2025-11-12"
"ccd3a6b5-f42b-4c4e-be7d-baa70f2e6855","7702070139","RU000A103XT0","ВТБ Б1-255","fix","to_maturity","SUR","TQCB","1.5192","244","0","1000","99","1","182","0.01","81998","0.04","2026-06-24",NULL,NULL,"2027-01-11","2026-05-06 22:53:56.141247+00","2026-05-09 23:55:16.844999+00","AAA","2026-04-10"
"cd675dbf-09bc-47a7-8a0b-f64f76d860c6","7702070139","RU000A10DME9","ВТБ Б1-387","fix","to_maturity","SUR","TQCB","10.9602","219","0","1000","93.96","1","365","0.01","420783","0","2026-12-16",NULL,NULL,"2026-12-16","2026-05-06 22:53:56.141247+00","2026-05-09 23:55:16.844999+00","AAA","2026-04-10"
"cd95c8f5-db2f-4b64-a77c-d02bfadff949","4705081944","RU000A102952","ВИС Ф БП01","fix","to_maturity","SUR","TQCB","16.7331","485","196348","1000","92.76","1","91","10","2.5e+06","7.4","2026-07-14",NULL,NULL,"2027-10-12","2026-05-06 22:53:56.141247+00","2026-05-09 23:55:16.844999+00","","2026-04-01"
"cdb876c8-d3f1-489e-82bf-8c04840ba7e5","8905055032","RU000A109NM3","РСТ-01","fix","to_maturity","SUR","TQCB","22.5137","423","868043","1000","103.54","1","30","23.5","237434","11.59","2026-05-23",NULL,NULL,"2027-09-15","2026-05-06 22:53:56.141247+00","2026-05-09 23:55:16.844999+00","BBB-","2025-09-16"
"cdea0e4a-da37-433b-ba62-818daf40eb2c","7708503727","RU000A1008D7","РЖД 1Р-14R","fix","to_maturity","SUR","TQCB","14.274","969","2.350372e+06","1000","88.82","1","182","9.1","1.1e+07","0.75","2026-11-06",NULL,NULL,"2029-05-04","2026-05-06 22:53:56.141247+00","2026-05-09 23:55:16.844999+00","","2026-04-07"
"cdf9e0a5-1922-4ffa-abd0-f716fd4f2acb","7736216869","RU000A10ER66","ФосАгро2П6","fix","to_maturity","SUR","TQCB","13.9314","886","1.0392196e+07","1000","101.54","1","30","13.75","7e+07","3.39","2026-06-01",NULL,NULL,"2029-04-16","2026-05-06 22:53:56.141247+00","2026-05-09 23:55:16.844999+00","","2026-04-22"
"ce45b31c-2c3f-49d5-8e9b-654434bc5ec2","7802131219","RU000A10B4A4","ИнтЛиз1Р11","fix","to_maturity","SUR","TQCB","18.6344","427","2.85898e+06","946","108.12","1","30","24","4.5e+06","16.79","2026-05-14",NULL,NULL,"2029-02-27","2026-05-06 22:53:56.141247+00","2026-05-09 23:55:16.844999+00","A","2026-04-01"
"ceb3979e-39b4-49d5-93bf-42225da92757","7707600245","RU000A106MV2","МГКЛ 1P4","fix","to_maturity","SUR","TQCB","27.0795","549","526007","1000","88.15","1","91","16","300000","5.7","2026-07-28",NULL,NULL,"2028-01-25","2026-05-06 22:53:56.141247+00","2026-05-09 23:55:16.844999+00","BB","2025-11-21"
"cecb0b8c-9405-419a-9c37-edf6951575ad","7453326003","RU000A106WZ2","АПРИ 2Р3","fix","other","SUR","TQCB","28.6486","8","1.550342e+06","1000","98.43","1","91","24","750000","36.16","2026-06-16","2026-09-29",NULL,"2027-09-14","2026-05-06 22:53:56.141247+00","2026-05-09 23:55:16.844999+00","BBB-","2025-10-24"
"cf34ef67-f712-400f-90de-622b06e8c3ee","7706664260","RU000A10DPS2","Атомэнпр09","fix","to_maturity","SUR","TQCB","14.5005","1301","2.1632214e+08","1000","104.77","1","91","15.1","2.5e+07","27.72","2026-06-04",NULL,NULL,"2031-05-29","2026-05-06 22:53:56.141247+00","2026-05-09 23:55:16.844999+00","AAA","2026-03-13"
"cf50ec70-a24f-4044-a192-bf9e7bf4fd0f","9703149829","RU000A107Q20","ИнвОбл03","fix","to_maturity","SUR","TQCB","13.4496","1032","0","1000","69.99","1","365","0.01","100000","0.02","2027-03-09",NULL,NULL,"2029-03-09","2026-05-06 22:53:56.141247+00","2026-05-09 23:55:16.844999+00","AA-","2026-04-15"
"cf94a133-9b5d-4826-8ea4-04d5b67f8479","7204090319","RU000A10E6J7","Страна2Р2","fix","to_maturity","SUR","TQCB","25.7489","381","3.520654e+06","1000","102.2","1","30","25.25","1e+06","7.61","2026-05-30",NULL,NULL,"2027-07-24","2026-05-06 22:53:56.141247+00","2026-05-09 23:55:16.844999+00","BBB-","2025-11-21"
"cfb48f40-dc73-47ee-bc59-beb2c4700a34","7801182235","RU000A104B04","Петснаб1Р1","fix","to_maturity","SUR","TQCB","14.2106","107","825","165","99.97","1","30","13.25","8014","0.66","2026-05-30",NULL,NULL,"2026-11-26","2026-05-06 22:53:56.141247+00","2026-05-09 23:55:16.844999+00","BB-","2025-07-01"
"cfc24d5f-4f5b-4b98-b6a4-7e1b81daff5a","7723609647","RU000A10BBG1","ТЕХЛиз 1P7","fix","to_maturity","SUR","TQCB","28.3438","436","4.091439e+06","1000","102.1","1","30","27","700000","3.7","2026-06-05",NULL,NULL,"2030-03-16","2026-05-06 22:53:56.141247+00","2026-05-09 23:55:16.844999+00","BB+","2025-11-21"
"cfd0d546-536c-47c8-92ef-330326a43753","2723115222","RU000A108CC9","ПКБ 1Р-04","fix","to_maturity","SUR","TQCB","17.1644","202","1.016519e+06","668","100.44","1","91","17","2e+06","5.29","2026-07-24",NULL,NULL,"2027-04-23","2026-05-06 22:53:56.141247+00","2026-05-09 23:55:16.844999+00","A-","2026-04-06"
"d028a8df-ec2d-4db5-bd00-f37c560ab5df","9704147373","RU000A10BQK1","РКСЭталон5","fix","to_maturity","SUR","TQCB","8.0677","229","55582","519.5","108.9","1","31","21.7","1.25e+07","2.78","2026-06-02",NULL,NULL,"2032-12-02","2026-05-06 22:53:56.141247+00","2026-05-09 23:55:16.844999+00","","2026-05-05"
"d056a04d-2f87-4548-b780-bb42d943447b","7729523682","RU000A10D3G1","ГТЕК БО-01","fix","to_maturity","SUR","TQCB","16.3793","689","954573","1000","113.41","1","30","22","500000","16.88","2026-05-13",NULL,NULL,"2028-09-29","2026-05-06 22:53:56.141247+00","2026-05-09 23:55:16.844999+00","BBB","2025-09-30"
"d086440e-08e4-4106-b7fc-2ce27aaafffb","0010038193","RU000A101S16","Казахст13","fix","to_maturity","SUR","TQCB","14.7989","1463","62445","1000","77.45","1","182","7.92","1e+07","30.38","2026-06-22",NULL,NULL,"2031-06-16","2026-05-06 22:53:56.141247+00","2026-05-09 23:55:16.844999+00",NULL,NULL
"d10433a9-7b2d-4b3c-b729-9746e8695a19","7708503727","RU000A107PU5","РЖД 1Р-30R","fix","to_maturity","SUR","TQCB","8.2948","1363","1170","1000","117","1","91","12.4","3e+07","4.08","2026-07-29",NULL,NULL,"2031-02-03","2026-05-06 22:53:56.141247+00","2026-05-09 23:55:16.844999+00","","2026-04-07"
"d1b52669-223c-44d4-aefd-d5f46a62c14e","7750004150","RU000A0JS4Z7","ВЭБ.РФ 21","fix","other","SUR","TQCB","11.7084","427","73134","1000","108.95","1","182","19.15","1.5e+07","39.87","2026-08-25","2027-08-26",NULL,"2032-02-17","2026-05-06 22:53:56.141247+00","2026-05-09 23:55:16.844999+00","","2026-05-06"
"d1c24cf3-09ab-473b-aafd-dc8935b38a6b","7703550709","RU000A10CLZ8","Л-Старт 01","fix","to_maturity","SUR","TQCB","33.8689","701","1.675196e+06","1000","99.47","1","91","30","500000","60","2026-05-29",NULL,NULL,"2029-08-24","2026-05-06 22:53:56.141247+00","2026-05-09 23:55:16.844999+00","","2025-11-12"
"d1c425e9-a574-44ff-9472-363208a0dbaf","7453326003","RU000A10DZH4","АПРИ 2Р12","fix","to_maturity","SUR","TQCB","28.1026","718","2.102487e+06","1000","99.96","1","30","25","600000","10.96","2026-05-25",NULL,NULL,"2029-06-08","2026-05-06 22:53:56.141247+00","2026-05-09 23:55:16.844999+00","BBB-","2025-10-24"
"d1dcbe56-994a-4ac9-855d-5ecf0b6ae02e","4622004142","RU000A10EXG9","ПРГРС 1Р1","fix","to_maturity","SUR","TQCB","27.1341","1039","1.282932e+06","1000","102.15","1","30","25","250000","13.01","2026-05-22",NULL,NULL,"2031-03-27","2026-05-06 22:53:56.141247+00","2026-05-09 23:55:16.844999+00","BB-","2026-04-16"
"d21a2178-ac74-4d93-a2ad-3e8a04dd1a6e","7709673048","RU000A10EPT8","ДрктЛиз2Р6","fix","to_maturity","SUR","TQCB","27.2326","620","1.244039e+06","983.3","100.29","1","30","24.5","200000","9.9","2026-05-26",NULL,NULL,"2031-03-01","2026-05-06 22:53:56.141247+00","2026-05-09 23:55:16.844999+00","BB","2025-10-21"
"d2c99fc5-ce3f-498e-b5a5-205a7bdb2588","5407496776","RU000A107EW5","Джой 1P1","fix","to_maturity","SUR","TQCB","25.2206","198","832171","1000","96.99","1","30","17","250000","1.4","2026-06-07",NULL,NULL,"2026-12-04","2026-05-06 22:53:56.141247+00","2026-05-09 23:55:16.844999+00","BB-","2025-06-24"
"d334df1c-0751-4544-adb1-c8d8e311cb7b","7730233723","RU000A10F0W2","АйДиКол1P8","fix","to_maturity","SUR","TQCB","22.3701","851","2.2511592e+07","1000","99.74","1","30","20.25","1.3e+06","6.66","2026-05-29",NULL,NULL,"2030-04-08","2026-05-06 22:53:56.141247+00","2026-05-09 23:55:16.844999+00","BBB-","2025-08-01"
"d33d9a83-b05f-4bd9-9a40-5fb9aab3a363","7709780434","RU000A106946","СовкмЛ П06","fix","to_maturity","SUR","TQCB","1.6416","6","19994","250","100.16","1","91","10","1.343331e+06","5.75","2026-05-18",NULL,NULL,"2026-05-18","2026-05-06 22:53:56.141247+00","2026-05-09 23:55:16.844999+00","AA-","2026-03-27"
"d3745d63-060d-4a0c-a7eb-2ae7dd3a400d","7710168360","SU26252RMFS5","ОФЗ 26252","fix","to_maturity","SUR","TQOB","14.5285","1795","1.2570811e+09","1000","93.039","1","182","12.5","1e+09","6.51","2026-10-21",NULL,NULL,"2033-10-12","2026-05-06 22:53:56.141247+00","2026-05-09 23:55:16.844999+00",NULL,NULL
"d387ddae-ede4-488b-a105-338141d38cc3","1435032049","RU000A1070L0","ЯТЭК 1P-3","fix","to_maturity","SUR","TQCB","15.2522","147","269382","1000","100.34","1","91","15.35","6e+06","13.04","2026-07-10",NULL,NULL,"2026-10-09","2026-05-06 22:53:56.141247+00","2026-05-09 23:55:16.844999+00","A-","2026-04-16"
"d3bfb3a2-fc1e-451e-9a41-9ee60d9a80ca","7703550709","RU000A10E6G3","Л-Старт1Р1","fix","to_maturity","SUR","TQCB","32.1337","818","1.639979e+06","1000","101.52","1","30","32","175000","9.64","2026-05-30",NULL,NULL,"2030-01-09","2026-05-06 22:53:56.141247+00","2026-05-09 23:55:16.844999+00","","2025-11-12"
"d3cd8297-842a-4554-825d-cc0fa1e12c30","7728168971","RU000A107TH4","АЛЬФАБ2Р26","fix","to_maturity","SUR","TQCB","14.3732","264","307483","1000","100.1","1","91","13.8","1.1e+07","31","2026-05-20",NULL,NULL,"2027-02-17","2026-05-06 22:53:56.141247+00","2026-05-09 23:55:16.844999+00","A+","2026-05-05"
"d3e1c55f-4b87-42a5-9c25-9ba53fbe3624","7719857936","RU000A1097X8","БИАНКА-01","fix","to_maturity","SUR","TQCB","28.4357","389","544310","1000","97.62","1","30","23","200000","3.78","2026-06-04",NULL,NULL,"2027-07-29","2026-05-06 22:53:56.141247+00","2026-05-09 23:55:16.844999+00","BB","2025-07-10"
"d4724273-d99e-436d-82e2-8e6e353c017e","7707083893","RU000A10B4M9","СберИОС694","fix","to_maturity","SUR","TQCB","6.4028","1456","0","1000","78.1","1","31","0.01","577519","0","2026-05-15",NULL,NULL,"2030-05-07","2026-05-06 22:53:56.141247+00","2026-05-09 23:55:16.844999+00","","2026-04-10"
"d49917ef-520d-4d13-9ad1-c9795dcd8e2d","0261012138","RU000A10EYT0","Идель 1Р1","fix","to_maturity","SUR","TQCB","30.5572","999","1.841206e+06","1000","100.1","1","30","27","250000","9.62","2026-05-28",NULL,NULL,"2031-04-02","2026-05-06 22:53:56.141247+00","2026-05-09 23:55:16.844999+00","B+","2026-04-22"
"d501e32b-8bfb-47a8-bb59-6cfa0be27048","1651000010","RU000A0ZZZ17","НКНХ 1Р-01","fix","other","SUR","TQCB","13.943","766","72186","1000","104.65","1","182","15.7","1.5e+07","64.95","2026-06-11",NULL,NULL,"2028-12-07","2026-05-06 22:53:56.141247+00","2026-05-09 23:55:16.844999+00","AAA","2026-04-30"
"d526dd9f-70a7-43be-8a69-f16e454c95c9","7725114488","RU000A106CA7","РСХБ2Р16","fix","to_maturity","SUR","TQCB","9.8308","23","39941","1000","99.95","1","91","8.75","1.225827e+06","16.3","2026-06-03",NULL,NULL,"2026-06-03","2026-05-06 22:53:56.141247+00","2026-05-09 23:55:16.844999+00","AA","2026-03-31"
"d5824080-597b-4699-b93b-e1da9219af28","7707083893","RU000A108413","СберИОС615","fix","to_maturity","SUR","TQCB","4.608","1084","613064","1000","87.5","1","28","0.01","898986","0","2026-06-05",NULL,NULL,"2029-04-30","2026-05-06 22:53:56.141247+00","2026-05-09 23:55:16.844999+00","","2026-04-10"
"d59cb547-cbe4-4aac-aa3b-055be400981c","7728168971","RU000A10CHS1","АЛЬФАБ1Р29","fix","to_maturity","SUR","TQCB","7.7403","1762","0","1000","69.8","1","360","0.01","492376","0.02","2027-02-13",NULL,NULL,"2031-03-09","2026-05-06 22:53:56.141247+00","2026-05-09 23:55:16.844999+00","A+","2026-05-05"
"d5ad76f5-e671-421b-83db-79708e9f73b5","7727290538","RU000A101JD7","ИА ДОМ 5P1","fix","to_maturity","SUR","TQCB","12.9572","1152","343","207.43","82.66","1","91","6.5","7.207044e+06","0.48","2026-07-28",NULL,NULL,"2045-04-28","2026-05-06 22:53:56.141247+00","2026-05-09 23:55:16.844999+00","","2025-07-30"
"d5e921f7-8833-4ed9-a47c-41c47587bd92","7707083893","RU000A10AZU3","СберИОС689","fix","to_maturity","SUR","TQCB","14.6717","316","0","1000","88.8","1","30","0.01","100754","0","2026-06-03",NULL,NULL,"2027-03-24","2026-05-06 22:53:56.141247+00","2026-05-09 23:55:16.844999+00","","2026-04-10"
"d5f974e0-0dd9-4f50-a500-f2d8971802f7","7606041801","RU000A109RF8","ТЛК 1Р1","fix","other","SUR","TQCB","25.4514","27","283266","945","99.75","1","30","23","36847","5.95","2026-05-31","2026-10-05",NULL,"2027-09-23","2026-05-06 22:53:56.141247+00","2026-05-09 23:55:16.844999+00","BB-","2025-06-03"
"d6788b72-1994-44aa-b175-5512d5416289","7453326003","RU000A10E5C4","АПРИ 2Р13","fix","to_maturity","SUR","TQCB","28.2733","733","1.2083684e+07","1000","98.7","1","30","24.5","2.7e+06","12.08","2026-05-23",NULL,NULL,"2029-07-06","2026-05-06 22:53:56.141247+00","2026-05-09 23:55:16.844999+00","BBB-","2025-10-24"
"d6e9a5d3-d176-4094-8b2c-7b26d3170000","7727290538","RU000A109NJ9","ИАДОМ 1P48","fix","to_maturity","SUR","TQCB","13.4625","1275","1359","773.4","85.73","1","30","8.5","9.9999576e+07","2.34","2026-05-28",NULL,NULL,"2054-11-28","2026-05-06 22:53:56.141247+00","2026-05-09 23:55:16.844999+00","","2025-07-30"
"d77ab84d-dffa-4edc-9d30-722c68767441","5405203569","RU000A106UA9","СМАК БП02","fix","to_maturity","SUR","TQCB","25.2224","296","14009","1000","93.39","1","30","15","60000","6.99","2026-05-24",NULL,NULL,"2027-08-17","2026-05-06 22:53:56.141247+00","2026-05-09 23:55:16.844999+00","","2025-11-24"
"d8417d97-5454-48ff-b026-405944e4ec77","7710168360","XS0114288789","RUS-30","fix","to_maturity","SUR","TQCB","41.6789","585","25416","0.04","106.371","1000","180","7.5","8.823874e+09","0.025495","2026-09-30",NULL,NULL,"2030-03-31","2026-05-06 22:53:56.141247+00","2026-05-09 23:55:16.844999+00",NULL,NULL
"d8471cee-4cb6-4daa-a2d2-8ebafb0b0253","7708503727","RU000A107936","РЖД 1Р-29R","fix","to_maturity","SUR","TQCB","11.7528","1259","5225","1000","104.49","1","91","12.55","4.5e+07","27.51","2026-05-22",NULL,NULL,"2030-11-15","2026-05-06 22:53:56.141247+00","2026-05-09 23:55:16.844999+00","","2026-04-07"
"d8e361bd-f522-492d-a09e-70df31796f58","2634807221","RU000A106P63","ФЭСАгро1Р1","fix","to_maturity","SUR","TQCB","18.0133","86","1.560968e+06","500","99.33","1","91","14","1e+06","0.77","2026-08-06",NULL,NULL,"2026-08-06","2026-05-06 22:53:56.141247+00","2026-05-09 23:55:16.844999+00","BBB-","2026-02-27"
"d9428171-e0ae-482a-955d-f5c6053016db","7709938216","RU000A10A4C1","ЭНИКА 1Р05","fix","to_maturity","SUR","TQCB","29.4405","500","1.208557e+06","850","102.64","1","30","28","300000","16.95","2026-05-15",NULL,NULL,"2029-10-26","2026-05-06 22:53:56.141247+00","2026-05-09 23:55:16.844999+00","BBB","2025-08-12"
"d97df42c-f2d9-43b9-bc7f-b482744db4a4","5407977286","RU000A10EV60","ИнтелК Б02","fix","to_maturity","SUR","TQCB","25.2115","786","2.110436e+06","1000","101.2","1","30","23.25","1e+06","16.56","2026-05-15",NULL,NULL,"2031-03-20","2026-05-06 22:53:56.141247+00","2026-05-09 23:55:16.844999+00","B+","2025-07-03"
"d992ab2a-0c4d-489f-b3d1-d9d3c70318be","5407068298","RU000A102TK9","ЮСК02К","fix","to_maturity","SUR","TQCB","13.3987","487","0","5500","95","1","30","8.8","9000","5.3","2026-06-06",NULL,NULL,"2029-01-21","2026-05-06 22:53:56.141247+00","2026-05-09 23:55:16.844999+00",NULL,NULL
"d99fa54e-a32a-4f40-b3b2-28df8496a674","9704243038","RU000A10ESF1","ФДВФакт1P1","fix","to_maturity","SUR","TQCB","23.8637","834","1.223193e+06","1000","103.2","1","30","23","300000","1.26","2026-05-09",NULL,NULL,"2029-09-20","2026-05-06 22:53:56.141247+00","2026-05-09 23:55:16.844999+00",NULL,NULL
"d9bc2cb3-9915-4619-9542-9934aa1ca12d","7325081622","RU000A1070G0","БДеньг-2P3","fix","to_maturity","SUR","TQCB","25.39","231","711240","1000","95.19","1","30","15","333356","5.34","2026-05-28",NULL,NULL,"2027-03-24","2026-05-06 22:53:56.141247+00","2026-05-09 23:55:16.844999+00","BB","2025-07-10"
"d9c568a0-3eab-4fb2-b74f-c639a31ed488","7805485840","RU000A106T85","CTRLлиз1Р1","fix","to_maturity","SUR","TQCB","43.7907","363","647117","694.3","80.88","1","30","16.25","1e+06","7.42","2026-05-17",NULL,NULL,"2028-08-04","2026-05-06 22:53:56.141247+00","2026-05-09 23:55:16.844999+00","BB-","2026-02-03"
"d9e2c822-aba4-4db5-8d12-d67dcc02e58d","7707083893","RU000A1044Y8","СберИОС495","fix","to_maturity","SUR","TQCB","16.7923","214","0","1000","91.31","1","364","0.01","903570","0","2026-12-11",NULL,NULL,"2026-12-11","2026-05-06 22:53:56.141247+00","2026-05-09 23:55:16.844999+00","","2026-04-10"
"da77a049-c8fa-45fe-a74d-8655ccad1656","7707083893","RU000A10AQF3","СберИОС674","fix","to_maturity","SUR","TQCB","8.182","1399","740","1000","74","1","30","0.01","474247","0","2026-05-15",NULL,NULL,"2030-03-11","2026-05-06 22:53:56.141247+00","2026-05-09 23:55:16.844999+00","","2026-04-10"
"daccb1ba-cbea-4958-80e7-828eec0c0c02","9704138298","RU000A1097T6","СБ СекьюрА","fix","to_maturity","SUR","TQCB","15.5585","152","1.3412328e+07","312.21","102.28","1","30","20","9.5e+06","2.57","2026-05-26",NULL,NULL,"2033-08-26","2026-05-06 22:53:56.141247+00","2026-05-09 23:55:16.844999+00","AAA","2025-08-27"
"db74f993-172e-4675-bb43-0f14039d8173","6670208848","RU000A10CM71","iАйдеко 01","fix","other","SUR","TQCB","24.5176","82","2.290997e+06","1000","102.69","1","91","27","500000","51.04","2026-06-02","2027-03-12",NULL,"2028-08-29","2026-05-06 22:53:56.141247+00","2026-05-09 23:55:16.844999+00","BB-","2025-08-14"
"dbc3ae0b-2aed-418a-b175-1de491d31f6e","7706107510","RU000A0JX355","Роснфт1P2","fix","other","SUR","TQCB","10.4285","206","988","1000","98.78","1","182","8","3e+07","32.88","2026-06-12",NULL,NULL,"2026-12-11","2026-05-06 22:53:56.141247+00","2026-05-09 23:55:16.844999+00","AAA","2026-05-08"
"dbe2552f-c504-41bf-9af7-713019e055b8","7728192413","RU000A10E4U9","БЭЛТИ БОП9","fix","to_maturity","SUR","TQCB","20.726","890","118987","1000","100.05","1","30","19","150000","9.89","2026-05-22",NULL,NULL,"2030-01-01","2026-05-06 22:53:56.141247+00","2026-05-09 23:55:16.844999+00","BB-","2025-08-29"
"dbf6df64-ab96-4104-aa3b-0690e1cfa4e9","7707083893","RU000A10BG88","СберИОС707","fix","to_maturity","SUR","TQCB","7.6293","1490","0","1000","74.1","1","29","0.01","169732","0","2026-05-15",NULL,NULL,"2030-06-10","2026-05-06 22:53:56.141247+00","2026-05-09 23:55:16.844999+00","","2026-04-10"
"dc31f828-56df-49f2-8ee8-ea02ea3c09de","7707083893","RU000A10ENB1","СберИОС787","fix","to_maturity","SUR","TQCB","0.9991","1091","0","1000","97.1","1","364","0.01","94471","0","2027-04-09",NULL,NULL,"2029-05-07","2026-05-06 22:53:56.141247+00","2026-05-09 23:55:16.844999+00","","2026-04-10"
"dc3ce85d-8e04-488f-af40-e2e1de45bd77","7707083893","RU000A108K25","СберИОС623","fix","to_maturity","SUR","TQCB","12.3138","1135","0","1000","69.7","1","30","0.01","531029","0","2026-06-03",NULL,NULL,"2029-06-20","2026-05-06 22:53:56.141247+00","2026-05-09 23:55:16.844999+00","","2026-04-10"
"dc49b587-2b80-4a30-af9c-3f897b9b3770","7727290538","RU000A104B79","ИАДОМ 1P16","fix","to_maturity","SUR","TQCB","8.6297","1157","897","457.74","97.94","1","30","7.65","2.0760502e+08","1.25","2026-05-28",NULL,NULL,"2031-11-28","2026-05-06 22:53:56.141247+00","2026-05-09 23:55:16.844999+00","","2025-07-30"
"dc82e0c8-8b26-4111-b852-3ca30ef8c050","7707083893","RU000A1044V4","СберИОС498","fix","to_maturity","SUR","TQCB","13.0663","961","3.62e+06","1000","72.4","1","2561","0.01","483857","0","2028-12-28",NULL,NULL,"2028-12-28","2026-05-06 22:53:56.141247+00","2026-05-09 23:55:16.844999+00","","2026-04-10"
"dca4a293-b7c2-414d-a47b-f473bcc1cffa","5905058800","RU000A10A794","Автом01CNY","fix","to_maturity","CNY","TQOY","18.0723","515","8717","100","105.7999","1","91","21","170000","3.97","2026-06-03",NULL,NULL,"2028-05-31","2026-05-06 22:53:56.141247+00","2026-05-09 23:55:16.844999+00","BB","2025-10-06"
"dcacde62-cad1-4a44-bc7a-f0a0573e9870","7707083893","RU000A1080W6","СберИОС612","fix","to_maturity","SUR","TQCB","12.5255","1064","7090","1000","70.9","1","33","0.01","537778","0","2026-05-20",NULL,NULL,"2029-04-10","2026-05-06 22:53:56.141247+00","2026-05-09 23:55:16.844999+00","","2026-04-10"
"dd1241eb-2dbf-495f-b35c-e732b7934209","7744001497","RU000A10D2W0","ГПБ004Р32","fix","to_maturity","SUR","TQCB","12.3438","902","0","1000","75","1","365","0.01","1.277017e+06","0.05","2026-10-31",NULL,NULL,"2028-10-30","2026-05-06 22:53:56.141247+00","2026-05-09 23:55:16.844999+00","AAA","2026-04-28"
"dd1f6a04-091c-4890-a693-5cd693cf82ad","7708503727","RU000A0JXR84","РЖД Б01P3R","fix","other","SUR","TQCB","14.9381","777","1.090098e+06","1000","106.99","1","182","17.95","1.5e+07","1.97","2026-11-05","2028-11-08",NULL,"2037-04-23","2026-05-06 22:53:56.141247+00","2026-05-09 23:55:16.844999+00","","2026-04-07"
"dd2a4f19-0b0c-4602-bbb3-0c358c9aafd5","7728168971","RU000A10D3Z1","АЛЬФАБ1Р34","fix","to_maturity","SUR","TQCB","11.4294","1725","0","1000","59.98","1","360","0.01","704696","0.02","2027-02-21",NULL,NULL,"2031-01-31","2026-05-06 22:53:56.141247+00","2026-05-09 23:55:16.844999+00","A+","2026-05-05"
"dd7a3733-d509-4cfc-992c-985350a9fa0e","7728192413","RU000A10AQD8","БЭЛТИ БОП7","fix","to_maturity","SUR","TQCB","24.6425","273","671137","700.3","102.07","1","30","25","100000","9.11","2026-05-22",NULL,NULL,"2028-01-12","2026-05-06 22:53:56.141247+00","2026-05-09 23:55:16.844999+00","BB-","2025-08-29"
"ddc1a235-5039-4ed8-92d6-d150a0aa3428","9704147373","RU000A106ZP6","РКСЭталон3","fix","to_maturity","SUR","TQCB","15.4047","176","239243","330.61","99.56","1","31","13.5","1e+07","0.98","2026-06-03",NULL,NULL,"2032-12-03","2026-05-06 22:53:56.141247+00","2026-05-09 23:55:16.844999+00","","2026-05-05"
"ddfec212-0f13-4885-93ee-45196483afb7","7727290538","RU000A0ZZNW5","ИА ДОМ 4P2","fix","to_maturity","SUR","TQCB","12.4897","817","566","87.69","92.18","1","92","8.3","4.751314e+06","0.88","2026-06-28",NULL,NULL,"2047-09-28","2026-05-06 22:53:56.141247+00","2026-05-09 23:55:16.844999+00","","2025-07-30"
"de2bf721-46c7-460b-9eb1-85cd1cf74e2f","7744001497","RU000A10EDE6","ГПБ004Р40","fix","to_maturity","SUR","TQCB","16.1017","1053","0","1000","65","1","365","0.01","1.296832e+06","0.01","2027-03-31",NULL,NULL,"2029-03-30","2026-05-06 22:53:56.141247+00","2026-05-09 23:55:16.844999+00","AAA","2026-04-28"
"de724331-4327-4982-ae33-bf472fa1a06c","4100006268","RU000A106YL8","АГТК БО-03","fix","to_maturity","SUR","TQCB","28.802","252","56024","1000","93.7","1","91","16.5","150000","20.79","2026-06-25",NULL,NULL,"2027-06-24","2026-05-06 22:53:56.141247+00","2026-05-09 23:55:16.844999+00","BB","2025-07-21"
"de98033b-4d31-42c5-bf7d-f8f28a55ae17","7722327689","RU000A102SM7","СДЭКГлБП01","fix","to_maturity","SUR","TQCB","17.0355","148","249808","400","97.46","1","30","9.5","500000","1.15","2026-05-30",NULL,NULL,"2027-02-24","2026-05-06 22:53:56.141247+00","2026-05-09 23:55:16.844999+00",NULL,NULL
"dec4298b-cb8f-4528-93eb-dcf93067af30","7717151380","RU000A104XR2","Автодор3Р2","fix","to_maturity","SUR","TQCB","14.7774","391","519556","1000","96.29","1","182","10.65","3.05131e+07","29.18","2026-08-01",NULL,NULL,"2027-07-01","2026-05-06 22:53:56.141247+00","2026-05-09 23:55:16.844999+00","AA+","2026-04-28"
"df072727-f6df-486c-95d0-17391e6c9cf8","7727290538","RU000A105P72","ИАДОМ 1P28","fix","to_maturity","SUR","TQCB","13.1245","1206","1881","555.88","85.13","1","92","7.75","4.8883736e+07","5.19","2026-06-28",NULL,NULL,"2032-09-28","2026-05-06 22:53:56.141247+00","2026-05-09 23:55:16.844999+00","","2025-07-30"
"df112b34-d3bf-4b85-b829-c9132cf1ce9d","7702070139","RU000A104DP8","ВТБ Б1-303","fix","to_maturity","SUR","TQCB","15.8796","315","0","1000","88.03","1","182","0.01","25300","0","2026-09-22",NULL,NULL,"2027-03-23","2026-05-06 22:53:56.141247+00","2026-05-09 23:55:16.844999+00","AAA","2026-04-10"
"df6c4943-b842-411c-ae7a-d1526d2ffd54","7710168360","SU26232RMFS7","ОФЗ 26232","fix","to_maturity","SUR","TQOB","12.9957","496","2.6066008e+07","1000","91.723","1","182","6","4.479337e+08","5.43","2026-10-07",NULL,NULL,"2027-10-06","2026-05-06 22:53:56.141247+00","2026-05-09 23:55:16.844999+00",NULL,NULL
"df8089df-060e-4650-84ac-2925b8c47e4f","7720779760","RU000A106EV9","КИФА 1P1","fix","to_maturity","SUR","TQCB","21.7494","41","67016","500","99.35","1","91","14.5","200000","9.73","2026-06-22",NULL,NULL,"2026-06-22","2026-05-06 22:53:56.141247+00","2026-05-09 23:55:16.844999+00","BBB","2025-05-20"
"dfac34df-7d27-4dda-bcf6-f7d16ff20c9e","0274034308","RU000A10BV22","Башкорт25","fix","to_maturity","SUR","TQCB","14.1562","307","482581","1000","102.49","1","30","16.25","7e+06","9.35","2026-05-20",NULL,NULL,"2027-06-22","2026-05-06 22:53:56.141247+00","2026-05-09 23:55:16.844999+00","AA+","2026-03-05"
"dfc7b1f2-588a-47a4-b839-995abbf9e0cd","7707083893","RU000A108U98","СберИОС630","fix","to_maturity","SUR","TQCB","7.2529","1171","0","1000","79.9","1","30","0.01","423767","0","2026-06-04",NULL,NULL,"2029-07-26","2026-05-06 22:53:56.141247+00","2026-05-09 23:55:16.844999+00","","2026-04-10"
"e05556a9-f0c9-4751-9624-c7bc0a515b8d","7707083893","RU000A10DS74","Сбер Sb51R","fix","to_maturity","SUR","TQCB","14.0289","648","5.4828708e+07","1000","102.98","1","30","14.85","1e+08","10.58","2026-05-15",NULL,NULL,"2028-06-03","2026-05-06 22:53:56.141247+00","2026-05-09 23:55:16.844999+00","","2026-04-10"
"e0c7d8be-e3d3-4801-bdd2-b0c0d5a5fd9e","4012004991","RU000A10DB16","ОилРес1P3","fix","to_maturity","SUR","TQCB","31.2485","905","3.8579816e+07","1000","94.65","1","30","29","3.755298e+06","11.12","2026-05-27",NULL,NULL,"2030-10-03","2026-05-06 22:53:56.141247+00","2026-05-09 23:55:16.844999+00","BBB-","2026-05-08"
"e0edee5c-b19e-49a2-9c0e-a2b2cefa64ab","5406805083","RU000A10DRE8","Бустер Б02","fix","to_maturity","SUR","TQCB","25.1795","585","84864","1000","102.52","1","30","24.25","200000","1.33","2026-05-09",NULL,NULL,"2028-11-24","2026-05-06 22:53:56.141247+00","2026-05-09 23:55:16.844999+00",NULL,NULL
"e107f269-c45b-41dd-9562-66cc868bd188","7707083893","RU000A104CR6","СберИОС511","fix","to_maturity","SUR","TQCB","16.2171","268","0","1000","89.56","1","1833","0.01","255422","0","2027-02-04",NULL,NULL,"2027-02-04","2026-05-06 22:53:56.141247+00","2026-05-09 23:55:16.844999+00","","2026-04-10"
"e1146d7f-c7f2-4e3e-a22b-8b43efc59bf9","7709756135","RU000A0JRU46","СЗКК 04","fix","to_maturity","SUR","TQCB","18.2745","911","0","567","80.92","1","182","8.91","5e+06","5.26","2026-10-02",NULL,NULL,"2031-09-26","2026-05-06 22:53:56.141247+00","2026-05-09 23:55:16.844999+00",NULL,NULL
"e1669cd3-1a7d-4310-ab60-097cfec6fdb1","7702070139","RU000A1034H4","ВТБ Б1-227","fix","to_maturity","SUR","TQCB","14.1861","188","0","1000","93.4","1","192","0.01","153012","0","2026-11-15",NULL,NULL,"2026-11-15","2026-05-06 22:53:56.141247+00","2026-05-09 23:55:16.844999+00","AAA","2026-04-10"
"e16d9473-19a2-4e63-a94e-b628689ae82b","7707083893","RU000A108LG1","СберИОС625","fix","to_maturity","SUR","TQCB","2.2979","409","0","1000","97.5","1","364","0.01","48810","0","2026-06-26",NULL,NULL,"2027-06-25","2026-05-06 22:53:56.141247+00","2026-05-09 23:55:16.844999+00","","2026-04-10"
"e19569ae-031b-4e06-8bfc-a1cd9c1cd557","2309085638","RU000A10C618","Магнит4P08","fix","to_maturity","SUR","TQCB","14.0669","442","1.719793e+06","1000","102.1","1","30","14.95","7.5e+07","8.6","2026-05-20",NULL,NULL,"2027-09-12","2026-05-06 22:53:56.141247+00","2026-05-09 23:55:16.844999+00","","2026-04-22"
"e1f543d7-bcd6-4a52-8285-89df64bea6a3","7707083893","RU000A10EF86","СберИОС781","fix","to_maturity","SUR","TQCB","1.9777","1077","945129","1000","94.41","1","365","0.01","340065","0","2027-03-25",NULL,NULL,"2029-04-23","2026-05-06 22:53:56.141247+00","2026-05-09 23:55:16.844999+00","","2026-04-10"
"e25f4535-069e-4ddb-ae3b-fe7b74dfe639","1831041689","RU000A0JWT91","Удмурт2016","fix","to_maturity","SUR","TQCB","15.4079","128","575962","500","98.6","1","91","10.55","5e+06","7.37","2026-06-20",NULL,NULL,"2026-09-19","2026-05-06 22:53:56.141247+00","2026-05-09 23:55:16.844999+00",NULL,NULL
"e294a4a3-a2f2-4bbf-8e97-210f3119f569","7810962785","RU000A10EEZ9","iСелктл1Р7","fix","to_maturity","SUR","TQCB","14.5984","834","3.635054e+06","1000","102.98","1","30","15","7e+06","3.29","2026-06-02",NULL,NULL,"2029-02-16","2026-05-06 22:53:56.141247+00","2026-05-09 23:55:16.844999+00","","2026-04-06"
"e2afe3bf-9028-41bd-a54b-0cecc0ff8471","7707600245","RU000A105PJ2","МГКЛ 1P2","fix","to_maturity","SUR","TQCB","92.6992","359","8979","1000","60.05","1","91","16.5","150000","21.7","2026-06-23",NULL,NULL,"2027-06-22","2026-05-06 22:53:56.141247+00","2026-05-09 23:55:16.844999+00","BB","2025-11-21"
"e2cbed0b-94e7-4e9b-a3be-8ba017c6e15d","1652009537","RU000A10CMQ5","НовТех1Р8","fix","to_maturity","SUR","TQCB","16.962","423","2.613612e+06","1000","101.42","1","30","17","1.5e+06","4.66","2026-05-31",NULL,NULL,"2027-08-24","2026-05-06 22:53:56.141247+00","2026-05-09 23:55:16.844999+00","A","2025-12-05"
"e2f1a9e9-dd98-42b5-815d-c5522e4c751e","7723390901","RU000A10B7W1","R-Vision 2","fix","to_maturity","SUR","TQCB","16.7986","556","1.805671e+06","1000","114.21","1","30","24.5","500000","8.73","2026-05-28",NULL,NULL,"2028-03-18","2026-05-06 22:53:56.141247+00","2026-05-09 23:55:16.844999+00","A+","2025-09-30"
"e3544dcb-d75b-453c-94b9-b61dc622f7b7","7744001497","RU000A108UM0","ГПБ004Р09","fix","to_maturity","SUR","TQCB","9.54","81","8820","1000","98","1","365","0.01","168989","0.08","2026-07-31",NULL,NULL,"2026-07-31","2026-05-06 22:53:56.141247+00","2026-05-09 23:55:16.844999+00","AAA","2026-04-28"
"e394670f-cb26-4082-9ea6-e7a7626fec14","7708582197","RU000A10CSA6","АЛЬЯНС 1P8","fix","to_maturity","SUR","TQCB","25.0407","659","741448","1000","99","1","30","22","119494","14.47","2026-05-17",NULL,NULL,"2028-09-03","2026-05-06 22:53:56.141247+00","2026-05-09 23:55:16.844999+00","","2026-02-17"
"e3c6f7af-924c-41a7-8f2a-a75989d1b49e","9703024202","RU000A10E747","Сегеж3P10R","fix","to_maturity","SUR","TQCB","28.2001","647","3.647936e+07","1000","99.83","1","30","25","2.903888e+06","4.11","2026-06-04",NULL,NULL,"2029-01-19","2026-05-06 22:53:56.141247+00","2026-05-09 23:55:16.844999+00","BB-","2025-09-03"
"e3ff6464-9ec4-438f-9a0b-f56e6c384e51","7706664260","RU000A10CT33","Атомэнпр08","fix","to_maturity","SUR","TQCB","14.5671","1186","5.318453e+06","1000","102.79","1","91","14.7","3e+07","19.33","2026-06-23",NULL,NULL,"2030-09-17","2026-05-06 22:53:56.141247+00","2026-05-09 23:55:16.844999+00","AAA","2026-03-13"
"e4310348-7eb5-4eb9-b59c-00254c3c76a4","2723098376","RU000A107BH2","ИЛСБО-1-1Р","fix","to_maturity","SUR","TQCB","28.2616","157","637993","1000","97.4","1","30","19","300000","9.37","2026-05-23",NULL,NULL,"2026-11-19","2026-05-06 22:53:56.141247+00","2026-05-09 23:55:16.844999+00","BB-","2025-12-29"
"e5456c63-c504-4961-9bfd-314fc3ace652","7703534295","RU000A101XD8","iMT_FREE01","fix","to_maturity","SUR","TQCB","19.3433","64","854666","1000","100.47","1","182","22","3e+06","71.12","2026-07-14",NULL,NULL,"2026-07-14","2026-05-06 22:53:56.141247+00","2026-05-09 23:55:16.844999+00","A-","2025-12-17"
"e5742b21-fda1-4410-a88e-cf8b389517f0","9909220306","RU000A0ZZDB0","ЕАБР 1Р-01","fix","other","SUR","TQCB","13.8073","718","0","1000","90.52","1","182","8.2","1e+07","26.51","2026-07-14",NULL,NULL,"2028-07-11","2026-05-06 22:53:56.141247+00","2026-05-09 23:55:16.844999+00",NULL,NULL
"e581b025-5303-4133-91b4-36471fc3619b","5000001451","RU000A102CR0","МосОб35015","fix","to_maturity","SUR","TQCB","14.1951","178","1.411464e+06","300","96.4","1","91","5.95","3e+07","4.4","2026-05-12",NULL,NULL,"2026-11-10","2026-05-06 22:53:56.141247+00","2026-05-09 23:55:16.844999+00","AAA","2025-12-25"
"e59a294b-19ae-435b-955f-aecf5378141d","7727290538","RU000A100YY4","ИА ДОМ11P2","fix","to_maturity","SUR","TQCB","12.5755","1162","915","178.78","85.28","1","91","7.1","4.923727e+06","0.45","2026-07-28",NULL,NULL,"2050-01-28","2026-05-06 22:53:56.141247+00","2026-05-09 23:55:16.844999+00","","2025-07-30"
"e63b13e1-eba7-4bdc-b1e7-5015ce78f48b","5406634649","RU000A10DG60","Новосиб 27","fix","to_maturity","SUR","TQCB","14.4506","779","162148","1000","102.88","1","91","15.1","2.25e+07","9.52","2026-07-18",NULL,NULL,"2029-10-13","2026-05-06 22:53:56.141247+00","2026-05-09 23:55:16.844999+00","AA","2025-12-12"
"e6ef8f91-075d-4492-976e-a09de59255db","7727290538","RU000A106HE8","ИАДОМ 1P36","fix","to_maturity","SUR","TQCB","13.8873","1159","523","585.7","89.31","1","92","0","1.9742768e+08","0","2026-06-28",NULL,NULL,"2033-06-28","2026-05-06 22:53:56.141247+00","2026-05-09 23:55:16.844999+00","","2025-07-30"
"e79c5438-9ea3-476c-ab76-b646bed96d3e","7709673048","RU000A10BUN7","ДрктЛиз2Р5","fix","to_maturity","SUR","TQCB","28.3846","537","612152","833","102.58","1","30","27","200000","12.94","2026-05-20",NULL,NULL,"2030-05-29","2026-05-06 22:53:56.141247+00","2026-05-09 23:55:16.844999+00","BB","2025-10-21"
"e7d71939-385c-4c8c-b1f4-7247b4aa6832","9703211185","RU000A10CFK2","ТБ-4_А1","fix","to_maturity","SUR","TQCB","17.0086","258","1.4011165e+07","1000","100.13","1","30","16","1e+07","8.77","2026-05-21",NULL,NULL,"2032-10-21","2026-05-06 22:53:56.141247+00","2026-05-09 23:55:16.844999+00","AAA","2025-08-21"
"e7e42ca9-7f8e-4a2b-95cf-85bcb1c2c557","7841019595","RU000A1089L0","АСВ 1Р02","fix","to_maturity","SUR","TQCB","25.0539","192","366770","680","98.46","1","91","20","350000","11.55","2026-07-10",NULL,NULL,"2027-04-09","2026-05-06 22:53:56.141247+00","2026-05-09 23:55:16.844999+00","BB+","2026-05-07"
"e80a696b-ea60-4567-877e-afa3d915b566","7744001497","RU000A10CL23","ГПБ004Р27","fix","to_maturity","SUR","TQCB","0.9173","857","0","1000","97.9","1","365","0.01","571450","0.06","2026-09-16",NULL,NULL,"2028-09-15","2026-05-06 22:53:56.141247+00","2026-05-09 23:55:16.844999+00","AAA","2026-04-28"
"e81a3835-d5df-408a-b2a1-dba6e0a2a9a7","5029169023","RU000A10BVW6","sЕвТранс01","fix","to_maturity","SUR","TQCB","49.9779","665","1.288118e+07","1000","65.16","1","30","23","4e+06","11.97","2026-05-22",NULL,NULL,"2032-05-20","2026-05-06 22:53:56.141247+00","2026-05-09 23:55:16.844999+00","","2026-04-14"
"e84ee5d1-10a9-4a11-ad31-c543d8355328","7750004150","RU000A10EP92","ВЭБ2Р-К708","fix","to_maturity","SUR","TQCB","15.1912","8","0","1000","100","1","14","14.17","5e+07","1.94","2026-05-20",NULL,NULL,"2026-05-20","2026-05-06 22:53:56.141247+00","2026-05-09 23:55:16.844999+00","","2026-05-06"
"e853c91b-2b05-4282-a517-664589211d52","7724451748","RU000A107G63","ДжетЛ БО-1","fix","to_maturity","SUR","TQCB","17.7705","198","86923","1000","102.46","1","30","21","80000","0.58","2026-05-10",NULL,NULL,"2026-12-06","2026-05-06 22:53:56.141247+00","2026-05-09 23:55:16.844999+00","","2025-12-12"
"e885a192-4632-46d1-aacd-d2726b51d34e","7702070139","RU000A104DL7","ВТБ Б1-300","fix","to_maturity","SUR","TQCB","0.0126","288","0","1000","100","1","182","0.01","175021","0","2026-08-26",NULL,NULL,"2027-02-24","2026-05-06 22:53:56.141247+00","2026-05-09 23:55:16.844999+00","AAA","2026-04-10"
"e88ea27b-2a7c-4802-a4ba-af8ae3a8c3fb","9718236471","RU000A10BY52","iКарРус1P6","fix","to_maturity","SUR","TQCB","24.26","624","7.591393e+06","1000","96.8","1","30","20","2e+06","7.67","2026-05-27",NULL,NULL,"2028-06-15","2026-05-06 22:53:56.141247+00","2026-05-09 23:55:16.844999+00","BBB+","2026-05-05"
"e8c1a7c0-faa6-41f5-a007-3919ebc21b8d","4004021785","RU000A106UB7","Кириллица3","fix","to_maturity","SUR","TQCB","47.1998","100","1.812214e+06","1000","94","1","30","16.5","300000","7.68","2026-05-24",NULL,NULL,"2026-08-22","2026-05-06 22:53:56.141247+00","2026-05-09 23:55:16.844999+00","BBB-","2026-05-08"
"e8c9bc00-4d35-4502-80b6-4701b3f9892b","7714216826","RU000A10C2E9","Аэрфью2Р05","fix","to_maturity","SUR","TQCB","17.692","387","3.628662e+06","1000","103.24","1","91","19.75","2.5e+06","15.15","2026-07-13",NULL,NULL,"2027-07-12","2026-05-06 22:53:56.141247+00","2026-05-09 23:55:16.844999+00","A","2025-11-14"
"e8d84a3f-b42c-485e-b2b1-24f98d3b4ed4","7704209474","RU000A107225","АФАНСБО-01","fix","to_maturity","SUR","TQCB","18.0513","153","15941","1000","99.6","1","91","16","100000","10.96","2026-07-16",NULL,NULL,"2026-10-15","2026-05-06 22:53:56.141247+00","2026-05-09 23:55:16.844999+00","","2025-06-17"
"e8fc2d7c-576a-40ee-9795-e5d70f9a73d7","7825392577","RU000A0JRJB8","ЗСД 01","fix","to_maturity","SUR","TQCB","9.5922","1410","0","1000","104.19","1","182","10.44","5e+06","0","2026-05-19",NULL,NULL,"2031-05-13","2026-05-06 22:53:56.141247+00","2026-05-09 23:55:16.844999+00","AA","2026-04-14"
"e90b3a58-fdf8-4d42-aa26-14958227a2bd","2358006710","RU000A104ZU1","Шевченк1Р4","fix","to_maturity","SUR","TQCB","19.9571","73","725","250","96.43","1","91","0.01","250000","0","2026-07-23",NULL,NULL,"2026-07-23","2026-05-06 22:53:56.141247+00","2026-05-09 23:55:16.844999+00","BB+","2025-06-11"
"e90ba584-78f8-43a4-982d-0a99db94fe12","7708186108","RU000A10BFJ6","ПолиплП2Б4","fix","to_maturity","SUR","TQCB","17.0364","295","5.108971e+06","1000","108.14","1","30","25.5","2.25e+06","19.56","2026-05-13",NULL,NULL,"2027-04-08","2026-05-06 22:53:56.141247+00","2026-05-09 23:55:16.844999+00","A","2025-11-10"
"e96e2f30-4839-44b4-8e00-363bf3d3c780","7744001497","RU000A1094P1","ГПБ004Р10","fix","to_maturity","SUR","TQCB","8.6917","110","0","1000","97.5","1","365","0.01","348720","0.07","2026-08-30",NULL,NULL,"2026-08-30","2026-05-06 22:53:56.141247+00","2026-05-09 23:55:16.844999+00","AAA","2026-04-28"
"e9b96f97-873f-4315-9976-2ad47712a64b","2370000496","RU000A103WB0","СлавЭКО1Р1","fix","to_maturity","SUR","TQCB","22.0492","152","195274","1000","96.24","1","91","11","3e+06","8.14","2026-07-14",NULL,NULL,"2026-10-13","2026-05-06 22:53:56.141247+00","2026-05-09 23:55:16.844999+00","BBB","2026-04-08"
"ea27fd66-7181-44af-9fb5-7abf1101f616","9704248477","RU000A10DBA0","ГПБ-СПК А2","fix","to_maturity","SUR","TQCB","16.4837","228","3.630059e+06","853.63","100.71","1","30","16.5","2e+06","5.79","2026-05-26",NULL,NULL,"2033-11-26","2026-05-06 22:53:56.141247+00","2026-05-09 23:55:16.844999+00","","2026-03-27"
"eb199ce0-77b5-485f-9d93-15c2ecf809d4","7453326003","RU000A10AZY5","АПРИ 2Р9","fix","other","SUR","TQCB","29.2638","62","4.033011e+06","1000","97.25","1","30","24","1e+06","8.55","2026-05-28","2027-09-03",NULL,"2030-02-06","2026-05-06 22:53:56.141247+00","2026-05-09 23:55:16.844999+00","BBB-","2025-10-24"
"eb211968-bbaf-4194-baf6-f61e60f2c5df","7707083893","RU000A104CS4","СберИОС513","fix","to_maturity","SUR","TQCB","11.6825","997","0","1000","74","1","2561","0.01","330919","0","2029-02-01",NULL,NULL,"2029-02-01","2026-05-06 22:53:56.141247+00","2026-05-09 23:55:16.844999+00","","2026-04-10"
"eb545b35-da46-4ceb-8480-9ab412cbf73f","7447165728","RU000A10BRY0","СПРИНТ Б2","fix","other","SUR","TQRD","135.5739","490","18948","1000","36.18","1","30","29","100000","0","2026-06-05",NULL,NULL,"2030-05-15","2026-05-06 22:53:56.141247+00","2026-05-09 23:55:16.844999+00","","2025-10-17"
"eb5edfc7-52f1-4136-b320-e484fc482fbc","9731004688","RU000A10EQ83","Самолет2P3","fix","other","SUR","TQCB","24.058","444","661163","1000","99.5","1","30","21.5","1e+06","7.07","2026-05-29","2029-09-13",NULL,"2031-03-04","2026-05-06 22:53:56.141247+00","2026-05-09 23:55:16.844999+00","A-","2026-03-30"
"eb83ef9c-34cb-4015-9a8b-dc782c7c6ccd","6317103479","RU000A10DBH5","ВОСТКОЙЛ-1","fix","to_maturity","SUR","TQCB","41.8061","632","811640","1000","86.37","1","30","27","175000","9.62","2026-05-28",NULL,NULL,"2028-10-14","2026-05-06 22:53:56.141247+00","2026-05-09 23:55:16.844999+00","B-","2025-07-25"
"ebacaaf3-06b6-4048-974c-9bd59e50d940","7722581759","RU000A10AA10","ПСБЛизП01","fix","to_maturity","SUR","TQCB","10.6153","190","2.914361e+06","1000","107.97","1","30","25","1e+06","5.48","2026-06-02",NULL,NULL,"2026-11-29","2026-05-06 22:53:56.141247+00","2026-05-09 23:55:16.844999+00","AA","2025-12-16"
"ebd379fd-47d4-4bef-8af4-4f120e35a74e","7707083893","RU000A1054X9","СберИОС536","fix","to_maturity","SUR","TQCB","2.5625","486","0","1000","96.7","1","364","0.01","32813","0","2026-09-11",NULL,NULL,"2027-09-10","2026-05-06 22:53:56.141247+00","2026-05-09 23:55:16.844999+00","","2026-04-10"
"ebfed61f-4cf7-4e60-84f1-7bc90a40c8bd","7707083893","RU000A10B5U9","СберИОС697","fix","to_maturity","SUR","TQCB","2.0629","1438","0","1000","92.3","1","91","0.01","393683","0","2026-08-03",NULL,NULL,"2030-04-19","2026-05-06 22:53:56.141247+00","2026-05-09 23:55:16.844999+00","","2026-04-10"
"ec1244fb-bd52-4473-81d4-1e614cd8a03a","7705619586","RU000A103QH9","ЭталФинП03","fix","to_maturity","SUR","TQCB","22.291","81","958744","230","97.49","1","91","9.1","1e+07","3.15","2026-06-16",NULL,NULL,"2026-09-15","2026-05-06 22:53:56.141247+00","2026-05-09 23:55:16.844999+00","BBB+","2026-04-17"
"ec1fe66b-85d9-467e-b3c8-621bb0fdaa6c","7710168360","SU26218RMFS6","ОФЗ 26218","fix","to_maturity","SUR","TQOB","14.1835","1544","5.5454944e+08","1000","80.64","1","182","8.5","5.976082e+08","10.94","2026-09-23",NULL,NULL,"2031-09-17","2026-05-06 22:53:56.141247+00","2026-05-09 23:55:16.844999+00",NULL,NULL
"ec20d375-335c-41de-a6db-0f064411be57","5024171100","RU000A107C00","ИСТРСЫР 03","fix","to_maturity","SUR","TQCB","18.3619","389","36020","1000","101.09","1","30","18","150000","7.89","2026-05-25",NULL,NULL,"2027-11-16","2026-05-06 22:53:56.141247+00","2026-05-09 23:55:16.844999+00","","2025-06-25"
"ec56f43a-6a51-46fb-b57a-254c88b54054","7017211757","RU000A106F08","МИКРАН БО1","fix","to_maturity","SUR","TQCB","26.0251","42","1.038219e+06","1000","98.7","1","91","12.5","500000","16.44","2026-06-23",NULL,NULL,"2026-06-23","2026-05-06 22:53:56.141247+00","2026-05-09 23:55:16.844999+00","","2026-04-01"
"ecbbf6f1-a5c1-4a7b-a0d1-bb1a5f1cd161","5520900173","RU000A10BHX3","СибКХП 1P3","fix","to_maturity","SUR","TQCB","26.4346","499","1.280879e+06","1000","102.48","1","30","25.5","150000","11.88","2026-05-24",NULL,NULL,"2029-04-08","2026-05-06 22:53:56.141247+00","2026-05-09 23:55:16.844999+00","BB","2025-08-05"
"eced0ad6-6734-447d-b02e-24245b23cb37","7708582197","RU000A106XJ4","АЛЬЯНС 1P2","fix","to_maturity","SUR","TQCB","26.0541","125","128735","1000","96.57","1","91","13.5","41124","19.6","2026-06-18",NULL,NULL,"2026-09-17","2026-05-06 22:53:56.141247+00","2026-05-09 23:55:16.844999+00","","2026-02-17"
"ecf41a8e-9a46-4fe1-8670-78c6e6238de3","1650032058","RU000A10DP93","КАМАЗ БП18","fix","to_maturity","SUR","TQCB","16.5785","496","1.2746108e+07","1000","101.44","1","30","16.5","3.65e+06","4.52","2026-05-31",NULL,NULL,"2027-11-22","2026-05-06 22:53:56.141247+00","2026-05-09 23:55:16.844999+00","A+","2026-03-31"
"ed541977-e2a2-49df-8119-993ac0845f45","7706107510","RU000A100KY3","Роснфт2P8","fix","to_maturity","SUR","TQCB","10.6146","991","92131","1000","96.44","1","182","9","2.5e+07","31.07","2026-07-06",NULL,NULL,"2029-07-02","2026-05-06 22:53:56.141247+00","2026-05-09 23:55:16.844999+00","AAA","2026-05-08"
"ed5555a0-d423-4148-86ce-45e89ed12e53","7728168971","RU000A10B6W3","АЛЬФАБ1Р21","fix","to_maturity","SUR","TQCB","0.0102","2264","0","1000","100","1","360","0.01","262351","0.07","2026-08-24",NULL,NULL,"2032-07-23","2026-05-06 22:53:56.141247+00","2026-05-09 23:55:16.844999+00","A+","2026-05-05"
"ed776b7b-1605-4dd2-9938-2ed102508b5c","7702070139","RU000A107B35","ВТБ Б1-346","fix","to_maturity","SUR","TQCB","16.4737","196","1.2009344e+07","1000","99.55","1","31","14.5","3.269736e+06","3.97","2026-06-01",NULL,NULL,"2026-12-01","2026-05-06 22:53:56.141247+00","2026-05-09 23:55:16.844999+00","AAA","2026-04-10"
"edfa8359-ec2b-410b-86c6-2a26e43c7a78","7702070139","RU000A10D327","ВТБ Б1-382","fix","to_maturity","SUR","TQCB","1.9157","170","0","1000","99.13","1","365","0.01","473200","0","2026-10-28",NULL,NULL,"2026-10-28","2026-05-06 22:53:56.141247+00","2026-05-09 23:55:16.844999+00","AAA","2026-04-10"
"ee2dc67e-2916-472e-a12f-4837bb6a0721","7723199790","RU000A106CU5","ТрансмхПБ7","fix","to_maturity","SUR","TQCB","16.5899","24","590811","1000","99.6","1","182","10.2","1e+07","43.87","2026-06-05",NULL,NULL,"2026-06-05","2026-05-06 22:53:56.141247+00","2026-05-09 23:55:16.844999+00","AA-","2025-08-06"
"ee4a7dba-defe-4ace-99e0-953862505859","5022560904","RU000A1084N7","СЕРГВ БО-1","fix","to_maturity","SUR","TQCB","22.6678","171","559903","1000","99.53","1","91","20","100000","24.66","2026-06-26",NULL,NULL,"2027-03-26","2026-05-06 22:53:56.141247+00","2026-05-09 23:55:16.844999+00","BB-","2026-03-11"
"ee5dc9e3-b90e-4187-b2c9-819938faee34","7709641159","RU000A10C3N8","МИРРИКО1P3","fix","to_maturity","SUR","TQCB","25.8382","588","1.111796e+06","1000","98.87","1","30","22.5","509111","16.64","2026-05-14",NULL,NULL,"2028-07-02","2026-05-06 22:53:56.141247+00","2026-05-09 23:55:16.844999+00","BBB-","2026-03-23"
"ee8f0a71-9799-4739-838f-17c7d63d69aa","7325001151","RU000A10DBD4","Ульоб34011","fix","to_maturity","SUR","TQCB","15.3407","544","1.333972e+06","1000","104.39","1","91","17.5","2e+06","19.66","2026-06-30",NULL,NULL,"2028-09-26","2026-05-06 22:53:56.141247+00","2026-05-09 23:55:16.844999+00","BBB","2026-03-04"
"eeae5173-bc78-4694-a360-adadbe59c19f","4705081944","RU000A10B2T8","ВИС Ф БП08","fix","to_maturity","SUR","TQCB","15.5104","273","8.777864e+06","1000","107.25","1","30","24","1.5e+06","1.97","2026-06-07",NULL,NULL,"2027-03-04","2026-05-06 22:53:56.141247+00","2026-05-09 23:55:16.844999+00","","2026-04-01"
"ef2106ad-4111-4f82-8c63-a6a023304229","7707083893","RU000A106AB9","СберИОС566","fix","to_maturity","SUR","TQCB","26.055","42","0","1000","97.4","1","1102","0.01","814384","0","2026-06-22",NULL,NULL,"2026-06-22","2026-05-06 22:53:56.141247+00","2026-05-09 23:55:16.844999+00","","2026-04-10"
"ef36faa1-7f15-4220-9dd9-a8f75d711659","5029169023","RU000A10BB75","ЕвроТранс7","fix","to_maturity","SUR","TQCB","69.5966","288","1.4549085e+07","1000","79.55","1","30","24.5","4.3e+06","4.03","2026-06-04",NULL,NULL,"2027-03-31","2026-05-06 22:53:56.141247+00","2026-05-09 23:55:16.844999+00","","2026-04-14"
"ef95b588-7793-42b9-86d4-1a7eca85499e","7708186108","RU000A10DZK8","ПолипП2Б13","fix","to_maturity","SUR","TQCB","17.9203","504","6.047802e+06","1000","103.99","1","30","19.45","2.75e+06","8.53","2026-05-25",NULL,NULL,"2027-12-16","2026-05-06 22:53:56.141247+00","2026-05-09 23:55:16.844999+00","A","2025-11-10"
"f039c4fd-c6ca-46bf-80d6-25be98670fc8","7702070139","RU000A10EFR3","ВТБ Б1-333","fix","to_maturity","SUR","TQCB","11.6237","349","0","1000","90","1","91","0.01","2.185252e+06","0","2026-07-27",NULL,NULL,"2027-04-26","2026-05-06 22:53:56.141247+00","2026-05-09 23:55:16.844999+00","AAA","2026-04-10"
"f09d9cb3-257c-4e58-989a-bc0161820a79","7729355614","RU000A0JUKX4","ДОМ.РФ30об","fix","other","SUR","TQCB","15.9567","43","1964","1000","98.19","1","92","13.6","6e+06","26.45","2026-06-01","2027-09-03",NULL,"2033-03-01","2026-05-06 22:53:56.141247+00","2026-05-09 23:55:16.844999+00","","2025-12-22"
"f0ef0ccb-c46a-409c-ad38-293dec1d5906","7703805756","RU000A10ED70","ПЮЛ БО-01","fix","other","SUR","TQCB","25.1774","63","1.314054e+06","1000","102.06","1","30","25","75000","9.59","2026-05-27","2027-08-31",NULL,"2031-01-31","2026-05-06 22:53:56.141247+00","2026-05-09 23:55:16.844999+00",NULL,NULL
"f109879b-7edc-44fa-8e92-3628337d2405","5837026589","RU000A107M32","АквилонЛP3","fix","to_maturity","SUR","TQCB","17.9667","169","44827","280","100.36","1","91","17.7","100000","2.72","2026-07-21",NULL,NULL,"2027-01-19","2026-05-06 22:53:56.141247+00","2026-05-09 23:55:16.844999+00","BBB-","2026-05-07"
"f112047d-c337-4810-8786-12aea49319ce","7744001497","RU000A10DZB7","ГПБ004Р36","fix","to_maturity","SUR","TQCB","9.0531","993","0","1000","79","1","365","0.01","294300","0.03","2027-01-30",NULL,NULL,"2029-01-29","2026-05-06 22:53:56.141247+00","2026-05-09 23:55:16.844999+00","AAA","2026-04-28"
"f112aeff-3219-4546-b678-a5e04b863fd8","5017135982","RU000A10B354","ЭффТех1P2","fix","to_maturity","SUR","TQCB","46.7907","515","1.9260952e+07","1000","82.59","1","91","26.5","360000","40.66","2026-06-15",NULL,NULL,"2028-03-13","2026-05-06 22:53:56.141247+00","2026-05-09 23:55:16.844999+00","BB-","2025-12-10"
"f1f7bb69-0fef-4289-add9-659a4ecf0f16","9703149829","RU000A107C75","ИнвОбл01","fix","to_maturity","SUR","TQCB","0.0609","143","0","1000","99.98","1","365","0.01","100000","0.06","2026-10-02",NULL,NULL,"2026-10-02","2026-05-06 22:53:56.141247+00","2026-05-09 23:55:16.844999+00","AA-","2026-04-15"
"f2677f72-7c0b-4bdd-b816-2f44d7bb4795","7731644035","RU000A10ES32","ОДК1Р01","fix","to_maturity","SUR","TQCB","16.9003","837","4.8550128e+07","1000","102.94","1","30","17","1.5e+07","1.86","2026-06-06",NULL,NULL,"2029-03-22","2026-05-06 22:53:56.141247+00","2026-05-09 23:55:16.844999+00","A+","2026-04-07"
"f268c0e3-a5d9-46dd-a1fa-f657a89a043f","7727290538","RU000A0ZZZ58","ИА ДОМ 7P2","fix","to_maturity","SUR","TQCB","13.9687","942","1111","172.29","91.5","1","92","0","4.6088516e+07","0","2026-06-28",NULL,NULL,"2048-06-28","2026-05-06 22:53:56.141247+00","2026-05-09 23:55:16.844999+00","","2025-07-30"
"f2bbcf6e-7f48-4040-8389-5d8c13dadd10","7825392577","RU000A0JS4K9","ЗСД 04","fix","to_maturity","SUR","TQCB","10.605","1608","0","1000","97.86","1","182","9.84","5e+06","23.45","2026-08-14",NULL,NULL,"2032-02-06","2026-05-06 22:53:56.141247+00","2026-05-09 23:55:16.844999+00","AA","2026-04-14"
"f2c618a7-ece3-4292-96e4-719f963599cd","7816430057","RU000A10B8R9","Инаркт2Р2","fix","to_maturity","SUR","TQCB","15.259","592","586668","1000","107.41","1","91","19","2e+06","18.22","2026-07-06",NULL,NULL,"2028-04-03","2026-05-06 22:53:56.141247+00","2026-05-09 23:55:16.844999+00","A+","2025-07-22"
"f2db4d82-be7b-4172-8a35-13b7c91cbc34","9718010636","RU000A10E4F0","Лмбрд888Б1","fix","to_maturity","SUR","TQCB","27.7539","708","895913","1000","100.5","1","30","25","200000","14.38","2026-05-20",NULL,NULL,"2029-01-04","2026-05-06 22:53:56.141247+00","2026-05-09 23:55:16.844999+00",NULL,NULL
"f2dd0579-8db2-43d8-8b0a-8574533dada4","7710168360","SU26245RMFS9","ОФЗ 26245","fix","to_maturity","SUR","TQOB","14.7072","2038","2.8471885e+08","1000","88.75","1","182","12","1.25e+09","10.85","2026-10-07",NULL,NULL,"2035-09-26","2026-05-06 22:53:56.141247+00","2026-05-09 23:55:16.844999+00",NULL,NULL
"f307f923-e326-4e1b-a6ae-c0122ace8f5d","7709938216","RU000A10BNK8","ЭНИКА 1Р06","fix","to_maturity","SUR","TQCB","29.1816","656","3.822644e+06","1000","102.02","1","30","27","300000","17.01","2026-05-18",NULL,NULL,"2030-04-27","2026-05-06 22:53:56.141247+00","2026-05-09 23:55:16.844999+00","BBB","2025-08-12"
"f32b97e7-eed7-4658-b528-d41071332acd","7730233723","RU000A1071Z8","АйДиКоле05","fix","to_maturity","SUR","TQCB","16.8951","140","0","1000","101.45","1","30","19.5","722940","2.67","2026-06-05",NULL,NULL,"2026-10-03","2026-05-06 22:53:56.141247+00","2026-05-09 23:55:16.844999+00","BBB-","2025-08-01"
"f3503219-9583-407b-aefa-4d12c5075063","2309085638","RU000A10AXH5","Магнит5P02","fix","to_maturity","SUR","TQCB","13.3568","117","2.132687e+06","1000","102.92","1","30","21.5","4.65e+07","15.9","2026-05-14",NULL,NULL,"2026-09-11","2026-05-06 22:53:56.141247+00","2026-05-09 23:55:16.844999+00","","2026-04-22"
"f3d18725-9848-491c-8969-71d038e2d578","7707083893","RU000A10CL56","СберИОС753","fix","to_maturity","SUR","TQCB","3.8815","885","821102","1000","91.2","1","365","0.01","728362","0","2026-09-16",NULL,NULL,"2028-10-13","2026-05-06 22:53:56.141247+00","2026-05-09 23:55:16.844999+00","","2026-04-10"
"f4008a9c-8c43-4ad3-a8f2-cdeabccb048e","7710168360","SU26226RMFS9","ОФЗ 26226","fix","to_maturity","SUR","TQOB","13.5148","148","5.9414476e+07","1000","98.002","1","182","7.95","3.6721082e+08","7.19","2026-10-07",NULL,NULL,"2026-10-07","2026-05-06 22:53:56.141247+00","2026-05-09 23:55:16.844999+00",NULL,NULL
"f47a1c7f-f542-45c9-8862-a91b539e641c","7725114488","RU000A106FV6","РСХБ2Р12","fix","to_maturity","SUR","TQCB","14.395","45","2.139457e+06","1000","99.49","1","182","9.95","1.5e+07","37.07","2026-06-26",NULL,NULL,"2026-06-26","2026-05-06 22:53:56.141247+00","2026-05-09 23:55:16.844999+00","AA","2026-03-31"
"f48bc899-904e-4615-8afc-8cfdcc9a03c2","5835115642","RU000A10DG52","МоторТ2Р01","fix","to_maturity","SUR","TQCB","27.8068","973","176471","1000","99.19","1","91","25","300000","56.85","2026-05-19",NULL,NULL,"2030-11-12","2026-05-06 22:53:56.141247+00","2026-05-09 23:55:16.844999+00","BB-","2025-06-02"
"f497ceac-ce91-4ca5-badc-c411ff94753f","7710168360","SU26212RMFS9","ОФЗ 26212","fix","to_maturity","SUR","TQOB","13.1973","579","4.3715672e+07","1000","91.479","1","182","7.05","3.569815e+08","21.24","2026-07-22",NULL,NULL,"2028-01-19","2026-05-06 22:53:56.141247+00","2026-05-09 23:55:16.844999+00",NULL,NULL
"f4adf0b8-3575-46ae-8f62-e77b89c05a89","7710168360","SU26239RMFS2","ОФЗ 26239","fix","to_maturity","SUR","TQOB","13.9433","1540","2.0390566e+07","1000","75.901","1","182","6.9","5.4905235e+08","19.47","2026-07-29",NULL,NULL,"2031-07-23","2026-05-06 22:53:56.141247+00","2026-05-09 23:55:16.844999+00",NULL,NULL
"f5045bbd-aab3-46a5-9618-24d34ea86cc4","7826087713","RU000A1009Z8","О'КЕЙ Б1Р2","fix","to_maturity","SUR","TQCB","16.9732","913","283217","1000","86.28","1","91","10","5e+06","8.49","2026-07-10",NULL,NULL,"2029-04-06","2026-05-06 22:53:56.141247+00","2026-05-09 23:55:16.844999+00","A","2025-07-22"
"f519b97b-4e45-410b-9611-6acef2d6d8f2","9715397054","RU000A108Q78","Кеарли 1Р1","fix","to_maturity","SUR","TQCB","40.7808","230","878589","1000","91.81","1","30","21","129456","1.15","2026-05-09",NULL,NULL,"2027-06-03","2026-05-06 22:53:56.141247+00","2026-05-09 23:55:16.844999+00","B+","2026-04-17"
"f5361ccb-f87e-4fb0-9e32-67ab60983427","5520900173","RU000A107P62","СибКХП 1P2","fix","to_maturity","SUR","TQCB","26.634","549","169990","1000","87.54","1","91","16","300000","6.14","2026-07-27",NULL,NULL,"2028-01-24","2026-05-06 22:53:56.141247+00","2026-05-09 23:55:16.844999+00","BB","2025-08-05"
"f53eed4a-d649-4d63-bf72-40430cb49307","7728168971","RU000A10B6Z6","АЛЬФАБ1Р23","fix","to_maturity","SUR","TQCB","3.6091","2306","0","1000","79.98","1","360","0.01","83173","0.06","2026-10-05",NULL,NULL,"2032-09-03","2026-05-06 22:53:56.141247+00","2026-05-09 23:55:16.844999+00","A+","2026-05-05"
"f5b642b5-7125-4e0a-93f3-3ef72993f5fe","7710168360","SU26241RMFS8","ОФЗ 26241","fix","to_maturity","SUR","TQOB","14.2628","1673","1.1530893e+08","1000","81.92","1","182","9.5","7.5e+08","43.21","2026-05-27",NULL,NULL,"2032-11-17","2026-05-06 22:53:56.141247+00","2026-05-09 23:55:16.844999+00",NULL,NULL
"f69ebe51-2e80-4b54-9942-e73700b92c18","7728168971","RU000A10BYB4","АЛЬФАБ1Р27","fix","to_maturity","SUR","TQCB","11.6895","1743","0","1000","59","1","360","0.01","440606","0.03","2027-01-25",NULL,NULL,"2031-02-18","2026-05-06 22:53:56.141247+00","2026-05-09 23:55:16.844999+00","A+","2026-05-05"
"f747676b-61b3-43e4-90d4-3daae527ecfa","1402047184","RU000A10D3S6","Селигдар6Р","fix","to_maturity","SUR","TQCB","15.7226","584","4.026883e+06","1000","106.28","1","30","18.5","2.7e+06","14.19","2026-05-13",NULL,NULL,"2028-04-02","2026-05-06 22:53:56.141247+00","2026-05-09 23:55:16.844999+00","A+","2026-04-23"
"f75f880e-cffe-45a4-9bbd-a9dde203c4b6","9704262880","RU000A10DD30","СБСекр3А1","fix","to_maturity","SUR","TQCB","16.2402","260","1.412383e+06","781.25","100.96","1","30","16.5","1.77e+07","5.3","2026-05-26",NULL,NULL,"2034-10-26","2026-05-06 22:53:56.141247+00","2026-05-09 23:55:16.844999+00","AAA","2025-11-27"
"f76e1f45-d253-439a-b3b3-a979d9231171","7707083893","RU000A1040T6","СберИОС488","fix","to_maturity","SUR","TQCB","16.7747","209","0","1000","91.51","1","1833","0.01","419058","0","2026-12-07",NULL,NULL,"2026-12-07","2026-05-06 22:53:56.141247+00","2026-05-09 23:55:16.844999+00","","2026-04-10"
"f7a1d3db-a59e-4d13-9ff7-d30fb69ef0fd","7720261827","RU000A10AU73","ГТЛК 2P-07","fix","to_maturity","SUR","TQCB","16.758","83","4.2770048e+07","1000","101.91","1","30","24","1.5e+07","3.29","2026-06-05",NULL,NULL,"2026-08-04","2026-05-06 22:53:56.141247+00","2026-05-09 23:55:16.844999+00","AA-","2026-03-23"
"f7cf4186-e874-468b-a9d4-e8206e797a9b","2310197022","RU000A10B7S9","СЗА БО-02","fix","to_maturity","SUR","TQCB","30.1353","529","419465","1000","102.7","1","30","28.5","100000","10.93","2026-05-27",NULL,NULL,"2028-03-17","2026-05-06 22:53:56.141247+00","2026-05-09 23:55:16.844999+00","BB-","2025-11-18"
"f7e634de-eeb3-40b5-a6a4-feb2c3d9a8d7","4716016979","RU000A0JSQ58","ФСК РС-22","fix","other","SUR","TQCB","11.0629","78","5000","1000","100","1","182","12","1e+07","36.16","2026-07-22","2026-07-29",NULL,"2027-07-21","2026-05-06 22:53:56.141247+00","2026-05-09 23:55:16.844999+00","","2026-05-05"
"f828dbc7-093c-48ad-94f0-982c41f7bb5e","5837026589","RU000A10DJM8","АквилонЛP4","fix","other","SUR","TQCB","23.6429","100","513358","920","100","1","91","22","100000","44.36","2026-05-22","2027-05-26",NULL,"2028-11-17","2026-05-06 22:53:56.141247+00","2026-05-09 23:55:16.844999+00","BBB-","2026-05-07"
"f86751c7-d929-498c-a742-c6a7f6988d43","7750004150","RU000A1013P1","ВЭБ1P-18","fix","to_maturity","SUR","TQCB","13.9805","183","77588","1000","96.95","1","182","7.27","1e+07","34.66","2026-05-19",NULL,NULL,"2026-11-17","2026-05-06 22:53:56.141247+00","2026-05-09 23:55:16.844999+00","","2026-05-06"
"f8adb41a-5d68-4bee-9b0e-462d31ad33c2","5401995271","RU000A10CRP6","Байсэл 1Р3","fix","to_maturity","SUR","TQCB","24.5505","775","104630","1000","100.86","1","91","23","67007","30.25","2026-06-23",NULL,NULL,"2029-06-19","2026-05-06 22:53:56.141247+00","2026-05-09 23:55:16.844999+00","BB-","2025-09-18"
"f8cca750-0d86-48c2-87a1-d7d20b78bcfa","1652009537","RU000A105DL4","НовТехнБ1","fix","to_maturity","SUR","TQCB","17.6214","497","417290","1000","100.74","1","182","17.5","800000","2.88","2026-11-03",NULL,NULL,"2027-11-02","2026-05-06 22:53:56.141247+00","2026-05-09 23:55:16.844999+00","A","2025-12-05"
"f8e2e634-20b4-40b4-9a3b-3e1e680eb925","7744001497","RU000A107A28","sГПБ005P1P","fix","to_maturity","SUR","TQCB","13.7777","192","43946","1000","99.8","1","89","12.75","1.5e+07","25.15","2026-05-28",NULL,NULL,"2026-11-28","2026-05-06 22:53:56.141247+00","2026-05-09 23:55:16.844999+00","AAA","2026-04-28"
"f9001cd4-885c-43c2-9d2e-65adf709e778","7707083893","RU000A108421","СберИОС616","fix","to_maturity","SUR","TQCB","11.3377","1084","0","1000","72.7","1","28","0.01","214355","0","2026-06-05",NULL,NULL,"2029-04-30","2026-05-06 22:53:56.141247+00","2026-05-09 23:55:16.844999+00","","2026-04-10"
"f904abf6-0883-4b8c-b585-f9f3c227d533","7707083893","RU000A106XQ9","СберИОС586","fix","to_maturity","SUR","TQCB","15.6094","164","0","1000","93.7","1","365","0.01","64504","0","2026-10-22",NULL,NULL,"2026-10-22","2026-05-06 22:53:56.141247+00","2026-05-09 23:55:16.844999+00","","2026-04-10"
"f9051dd8-f9e0-46cc-b4a1-da406d4dabf9","2460066195","RU000A10CC24","РусГид2Р07","fix","to_maturity","SUR","TQCB","14.2013","699","6.211454e+06","1000","100.94","1","30","13.85","5e+07","1.14","2026-06-07",NULL,NULL,"2028-07-26","2026-05-06 22:53:56.141247+00","2026-05-09 23:55:16.844999+00","","2026-04-02"
"f92e6490-ae15-4554-b81f-057e9f6bf458","5029169023","RU000A10A141","ЕвроТранс5","fix","to_maturity","SUR","TQCB","37.5888","810","4.949521e+06","1000","84.9","1","30","25","2e+06","4.11","2026-06-04",NULL,NULL,"2029-10-16","2026-05-06 22:53:56.141247+00","2026-05-09 23:55:16.844999+00","","2026-04-14"
"f9308d6d-5ea7-428e-9ab4-d455c976e48a","9717054493","RU000A106SE5","Фордевинд4","fix","to_maturity","SUR","TQCB","23.8904","187","344947","1000","97.66","1","30","17","300000","12.58","2026-05-14",NULL,NULL,"2027-02-08","2026-05-06 22:53:56.141247+00","2026-05-09 23:55:16.844999+00","BB+","2025-10-24"
"f9d6b55d-7214-4ec7-991d-b473ba254293","4909032670","RU000A105NT6","МгдОбл2022","fix","to_maturity","SUR","TQCB","14.3426","357","70594","700","97.1","1","91","10.61","2e+06","10.58","2026-06-19",NULL,NULL,"2027-12-17","2026-05-06 22:53:56.141247+00","2026-05-09 23:55:16.844999+00","BBB+","2026-02-09"
"f9e670d3-f9be-4474-bd7d-6cdae31ca951","7723561096","RU000A10CR92","КВАЗАРЛ-01","fix","to_maturity","SUR","TQCB","27.6803","349","391776","805.54","100.3","1","30","25","100000","14.9","2026-05-14",NULL,NULL,"2028-08-31","2026-05-06 22:53:56.141247+00","2026-05-09 23:55:16.844999+00","B","2025-07-21"
"f9eb176e-46b1-40ac-b9d0-f3c7d3fa76a4","7707083893","RU000A102HC1","Сбер2СУБ2R","fix","to_maturity","SUR","TQCB","15.8683","1286","0","1e+07","99","1","182","15","5600","226027.4","2026-09-15",NULL,NULL,"2031-03-11","2026-05-06 22:53:56.141247+00","2026-05-09 23:55:16.844999+00","","2026-04-10"
"f9f988f4-93b4-4c2e-becb-b5bcbe28db68","0274034308","RU000A103DN5","Башкорт21","fix","to_maturity","SUR","TQCB","14.007","57","85495","400","99.13","1","91","7.65","1e+07","2.85","2026-07-07",NULL,NULL,"2026-07-07","2026-05-06 22:53:56.141247+00","2026-05-09 23:55:16.844999+00","AA+","2026-03-05"
"fa023b68-7f0c-418e-970f-bd299ad5c488","5047265516","RU000A10BQC8","HENDERSON","fix","to_maturity","SUR","TQCB","14.792","344","4.912899e+06","1000","105.4","1","30","19.5","1.8e+06","6.41","2026-05-29",NULL,NULL,"2027-05-24","2026-05-06 22:53:56.141247+00","2026-05-09 23:55:16.844999+00","A+","2026-03-30"
"fa10f71d-16a9-49f7-b17a-e947f6db639c","4100006268","RU000A1083V2","АГТК БО-05","fix","to_maturity","SUR","TQCB","20.6795","761","131740","1000","97.47","1","91","18","75000","22.68","2026-06-25",NULL,NULL,"2029-03-22","2026-05-06 22:53:56.141247+00","2026-05-09 23:55:16.844999+00","BB","2025-07-21"
"fa1cb06d-a86b-4147-88c2-17dc55669590","1435027673","RU000A1033B9","Якут-35015","fix","to_maturity","SUR","TQCB","14.5595","422","232760","600","92.76","1","91","7.25","6.5e+06","0","2026-05-11",NULL,NULL,"2028-05-08","2026-05-06 22:53:56.141247+00","2026-05-09 23:55:16.844999+00","A+","2026-04-02"
"fa4658ae-d3ab-42f4-922d-eb0f44018b14","7604002902","RU000A0JXS83","ЯрОбл 2017","fix","to_maturity","SUR","TQCB","14.4315","186","44158","375","97.37","1","91","8.4","1e+07","1.73","2026-07-21",NULL,NULL,"2027-04-20","2026-05-06 22:53:56.141247+00","2026-05-09 23:55:16.844999+00","A","2025-11-18"
"fac7c509-3c56-4ea3-a53d-36008a02a766","7744001497","RU000A10E3Z0","ГПБ004Р37","fix","to_maturity","SUR","TQCB","15.6652","269","0","1000","89.8","1","365","0.01","855230","0.03","2027-02-05",NULL,NULL,"2027-02-05","2026-05-06 22:53:56.141247+00","2026-05-09 23:55:16.844999+00","AAA","2026-04-28"
"fad0323e-2356-4dbc-84ca-c41e0bd1c4e6","7826087713","RU000A102BK7","О'КЕЙ Б1Р4","fix","to_maturity","SUR","TQCB","15.3294","1301","148726","1000","85.02","1","91","9.9","5e+06","2.71","2026-07-31",NULL,NULL,"2030-10-25","2026-05-06 22:53:56.141247+00","2026-05-09 23:55:16.844999+00","A","2025-07-22"
"fae8e37b-4503-4945-a6dc-40b965407375","7703550709","RU000A10ES24","Л-Старт 03","fix","to_maturity","SUR","TQCB","32.6146","868","688121","1000","99.85","1","30","28.5","210500","3.12","2026-06-06",NULL,NULL,"2030-09-13","2026-05-06 22:53:56.141247+00","2026-05-09 23:55:16.844999+00","","2025-11-12"
"fb04231f-9234-4efd-92ca-3b03adcf45f3","7723390901","RU000A10EKZ6","R-Vision 3","fix","to_maturity","SUR","TQCB","15.2636","834","3.042945e+06","1000","102.2","1","30","15.25","500000","10.45","2026-05-16",NULL,NULL,"2029-03-01","2026-05-06 22:53:56.141247+00","2026-05-09 23:55:16.844999+00","A+","2025-09-30"
"fbcbe48b-5fcd-465e-b63a-03010492c3b9","7707600245","RU000A10C6U6","МГКЛ-1P8","fix","to_maturity","SUR","TQCB","26.7979","949","1.622798e+06","1000","103.98","1","30","25.5","1e+06","11.88","2026-05-24",NULL,NULL,"2030-07-02","2026-05-06 22:53:56.141247+00","2026-05-09 23:55:16.844999+00","BB","2025-11-21"
"fbde5222-5e48-42bc-b34f-cc4fa2de1924","7729790832","RU000A10B4L1","ДЕВАР 1Р1","fix","to_maturity","SUR","TQCB","24.6695","520","191239","1000","110.77","1","30","29.5","150000","21.01","2026-05-15",NULL,NULL,"2028-03-05","2026-05-06 22:53:56.141247+00","2026-05-09 23:55:16.844999+00","","2025-12-19"
"fc182957-e1ba-442c-b949-d80ed321ec52","5200000021","RU000A1043K9","НижгорОб16","fix","to_maturity","SUR","TQCB","13.802","308","135175","700","96.78","1","91","9.25","1.5e+07","14.72","2026-05-19",NULL,NULL,"2027-05-26","2026-05-06 22:53:56.141247+00","2026-05-09 23:55:16.844999+00","A","2026-04-06"
"fc445644-e664-49a8-83c6-5d6673acce20","7840438730","RU000A10EVH1","sЛЕГЕНД2P6","fix","to_maturity","SUR","TQCB","17.9469","1047","0","1000","63.99","1","91","1","1e+07","0.68","2026-07-16",NULL,NULL,"2029-04-12","2026-05-06 22:53:56.141247+00","2026-05-09 23:55:16.844999+00","BBB+","2026-04-16"
"fc77ed0c-378f-4f8d-a7ba-3947f06ca840","7727290538","RU000A109MG7","ИАДОМ 1P50","fix","to_maturity","SUR","TQCB","7.2974","2015","36459","869.26","97.25","1","30","0","2.9990754e+07","0","2026-05-23",NULL,NULL,"2055-05-23","2026-05-06 22:53:56.141247+00","2026-05-09 23:55:16.844999+00","","2025-07-30"
"fc93ea11-f437-4c3e-bd4e-180b24393b00","2460066195","RU000A10BNF8","РусГидБП13","fix","to_maturity","SUR","TQCB","14.4371","410","3.900926e+06","1000","104.34","1","30","17.35","1.5e+07","10.93","2026-05-18",NULL,NULL,"2027-08-11","2026-05-06 22:53:56.141247+00","2026-05-09 23:55:16.844999+00","","2026-04-02"
"fc9c7604-ab5f-4148-b15c-e97605178cfb","7727290538","RU000A102JB9","ИАДОМ Б1P2","fix","to_maturity","SUR","TQCB","12.9913","1145","735","302.8","81.03","1","89","6.05","1.0206258e+07","3.61","2026-05-28",NULL,NULL,"2050-11-28","2026-05-06 22:53:56.141247+00","2026-05-09 23:55:16.844999+00","","2025-07-30"
"fca04eb8-1e2e-464d-84fd-60a322518f2a","1402047184","RU000A10B933","Селигдар3Р","fix","to_maturity","SUR","TQCB","16.5654","436","1.2121199e+07","1000","109.64","1","30","23.25","9.5e+06","5.1","2026-06-02",NULL,NULL,"2027-09-25","2026-05-06 22:53:56.141247+00","2026-05-09 23:55:16.844999+00","A+","2026-04-23"
"fcad6373-aa8f-430a-a307-8a420b329481","9703014525","RU000A10C7C2","iЭдьюкейшн","fix","to_maturity","SUR","TQCB","21.6763","647","1.209281e+06","1000","99.94","1","30","19.75","600000","8.12","2026-05-26",NULL,NULL,"2028-07-14","2026-05-06 22:53:56.141247+00","2026-05-09 23:55:16.844999+00","BBB","2025-10-07"
"fd244790-186d-4815-8659-39704d1c4e76","7730189810","RU000A10CU30","Патриот1Р2","fix","to_maturity","SUR","TQCB","23.1701","669","109837","1000","101.79","1","30","22","300000","10.25","2026-05-24",NULL,NULL,"2028-09-10","2026-05-06 22:53:56.141247+00","2026-05-09 23:55:16.844999+00","BBB","2025-11-26"
"fd9c99af-7df0-400b-9de8-276c675fc556","7204090319","RU000A10BP46","Страна 03","fix","to_maturity","SUR","TQCB","27.6902","569","5.037027e+06","1000","102.83","1","30","26.5","1e+06","13.79","2026-05-22",NULL,NULL,"2028-05-11","2026-05-06 22:53:56.141247+00","2026-05-09 23:55:16.844999+00","BBB-","2025-11-21"
"fde667e7-ea47-4134-8e38-98ed6996d383","7702070139","RU000A103TZ5","ВТБ Б1-244","fix","to_maturity","SUR","TQCB","7.2192","804","4288","1000","85.77","1","182","0.01","451636","0.03","2026-07-27",NULL,NULL,"2028-07-24","2026-05-06 22:53:56.141247+00","2026-05-09 23:55:16.844999+00","AAA","2026-04-10"
"fe781582-2d87-4f11-9d65-9746008acc9c","7720932458","RU000A10DG78","АдвТрак1Р1","fix","to_maturity","SUR","TQCB","26.5394","879","934750","1000","102.99","1","30","25","500000","16.44","2026-05-17",NULL,NULL,"2030-10-23","2026-05-06 22:53:56.141247+00","2026-05-09 23:55:16.844999+00","BB-","2025-09-04"
"fe7f0b12-210b-4630-a8dc-74ef67db4d92","6315802231","RU000A1020L5","СамарОбл15","fix","to_maturity","SUR","TQCB","14.3055","85","3.392679e+06","200","98.24","1","91","5.8","5e+06","0.19","2026-08-04",NULL,NULL,"2026-08-04","2026-05-06 22:53:56.141247+00","2026-05-09 23:55:16.844999+00","AA","2026-02-02"
"fed40478-15a1-4d4c-9846-d040eb826b4d","7727290538","RU000A105344","ИАДОМ 1P20","fix","to_maturity","SUR","TQCB","12.6108","1184","1358","520.92","88.92","1","92","0","1.5540707e+08","0","2026-06-28",NULL,NULL,"2032-06-28","2026-05-06 22:53:56.141247+00","2026-05-09 23:55:16.844999+00","","2025-07-30"
"fef5f23f-498e-46ce-bbc4-22409892c4c4","7707083893","RU000A106M09","СберИОС579","fix","to_maturity","SUR","TQCB","10.2452","835","338400","1000","80","1","90","0.01","1.642829e+06","0","2026-06-08",NULL,NULL,"2028-08-24","2026-05-06 22:53:56.141247+00","2026-05-09 23:55:16.844999+00","","2026-04-10"
"ff17006d-d33c-4346-9fd0-b93269730b07","6685151087","RU000A107UU5","Брус 2P02","fix","to_maturity","SUR","TQCB","23.1626","169","8.336771e+06","1000","99.99","1","31","21","7.5e+06","11.51","2026-05-22",NULL,NULL,"2027-03-28","2026-05-06 22:53:56.141247+00","2026-05-09 23:55:16.844999+00","A-","2026-03-30"
"ff84d81e-c924-4879-8c34-6207e54ba4d3","6141055691","RU000A108FG3","AGROFRGT01","fix","to_maturity","SUR","TQCB","33.9197","204","551003","1000","95.73","1","91","22.5","200000","54.25","2026-05-14",NULL,NULL,"2027-05-13","2026-05-06 22:53:56.141247+00","2026-05-09 23:55:16.844999+00","B","2025-09-15"
"fffc68fe-bf50-46ea-bb47-e991c26d7e47","7702070139","RU000A103U51","ВТБ Б1-250","fix","to_maturity","SUR","TQCB","1.1849","848","0","1000","97.32","1","182","0.01","146308","0.02","2026-09-09",NULL,NULL,"2028-09-06","2026-05-06 22:53:56.141247+00","2026-05-09 23:55:16.844999+00","AAA","2026-04-10"
